cs,off_play_caller,season,n_plays,H_situ,H_lg,H_vs_lg,guess,guess_lg,guess_xs,H_seq,seq_lift,lean,lean_abs,epa_play,epa_next,qb_cpoe,qb_epa,n_db,primary_qb,n_primary
Adam Gase__2015,Adam Gase,2015,922,0.845858858491627,0.850972813859997,-0.00511395536837001,0.662691651215861,0.647361955251856,1.53296959640051,0.819499436552974,0.0081007704349878,0.0756965896797542,0.373549123050205,-0.0263980844694287,0.0066536075873715,0.938724253802572,0.0162128138408904,487,J.Cutler,466
Adam Gase__2016,Adam Gase,2016,735,0.843211410066044,0.83848464565056,0.00472676441548336,0.654793765442428,0.656173130324692,-0.137936488226476,0.798928753067332,0.00892732631427862,0.0737517803299184,0.371356296214928,0.0066536075873715,-0.149840682807538,2.08336387650441,0.0549167611859177,384,R.Tannehill,318
Adam Gase__2017,Adam Gase,2017,694,0.837681866011781,0.825810823349265,0.0118710426625154,0.65856979677943,0.665439351375742,-0.686955459631167,0.802993614528234,0.00522239942448299,0.0201349911153833,0.389460641171472,-0.149840682807538,-0.0950850743422706,-1.07901958793164,-0.0630136134470904,407,J.Cutler,314
Adam Gase__2018,Adam Gase,2018,737,0.846333081101489,0.831305853660728,0.0150272274407617,0.651270993759926,0.65789888902581,-0.662789526588448,0.812063990116913,8.58878362136606e-05,0.0297183438306586,0.398202080921532,-0.0950850743422706,-0.0748910189947933,-0.641738562310326,-0.103107363293008,418,R.Tannehill,270
Adam Gase__2019,Adam Gase,2019,627,0.856339299055708,0.843559422290889,0.0127798767648185,0.638548008513018,0.650847028797485,-1.22990202844668,0.817966953353878,0.0101785398401805,0.0246013918656861,0.391796948997218,-0.0748910189947933,-0.238569026864615,1.88535482622683,-0.000715880418526963,367,S.Darnold,346
Alex Van Pelt__2024,Alex Van Pelt,2024,782,0.838308836058336,0.848283339922998,-0.00997450386466159,0.663567086907387,0.649259230499724,1.43078564076631,0.799036155595367,0.0130453272190629,0.0316487927266093,0.370780994863157,-0.0580123857216778,,3.53836213287554,-0.0574587296385348,415,D.Maye,247
Andy Reid__2016,Andy Reid,2016,832,0.844406365892654,0.849725702912973,-0.00531933702031884,0.652853001881722,0.650324683434414,0.252831844730783,0.801535717554783,0.0119353709878592,0.0116812059333405,0.371108623167787,0.0448888031784515,0.0718120584523055,3.14362457445763,0.0969809838051958,504,A.Smith,453
Andy Reid__2017,Andy Reid,2017,603,0.826343099736436,0.83356994479545,-0.00722684505901416,0.667105426343301,0.658126151359749,0.8979274983552,0.784801154304903,0.00821919275764926,0.00952410646042423,0.355897785295697,0.0718120584523055,0.300749819127925,7.41260335558937,0.159692817951523,374,A.Smith,373
Andy Reid__2018,Andy Reid,2018,780,0.851929502284633,0.87271163405076,-0.0207821317661271,0.665248004577893,0.634669964746307,3.05780398315865,0.809849166281571,0.0178573986299536,0.0905410148776495,0.375174783132015,0.300749819127925,0.188268880652092,4.98594153897996,0.406573187091052,516,P.Mahomes,516
Andy Reid__2019,Andy Reid,2019,905,0.820930354537523,0.862540149575428,-0.0416097950379042,0.683985286299044,0.63990380207676,4.40814842222835,0.76387579593775,0.0266466612239085,0.0907684554958212,0.368142851717894,0.188268880652092,0.217272908243849,2.23828966553147,0.269926157010643,598,P.Mahomes,513
Andy Reid__2020,Andy Reid,2020,960,0.827351143948663,0.865468366706008,-0.0381172227573453,0.675563822182487,0.637379570575428,3.81842516070589,0.773197579476797,0.0300099519139315,0.103049035106475,0.380219789687544,0.217272908243849,0.145878091770138,2.64702050694118,0.288207372344016,619,P.Mahomes,583
Andy Reid__2021,Andy Reid,2021,1035,0.842802941006892,0.874582156281218,-0.031779215274326,0.670455261744239,0.63280142704458,3.76538346996583,0.785548818953709,0.0271792670001402,0.103882469827138,0.385458977736425,0.145878091770138,0.213303861136693,2.51473395580865,0.187886480341988,664,P.Mahomes,664
Andy Reid__2022,Andy Reid,2022,1029,0.836894845062787,0.878990927448678,-0.0420960823858909,0.675671106498817,0.630077628715495,4.55934777833226,0.775524363656892,0.028819085756437,0.106310494765422,0.38402365574539,0.213303861136693,0.0359171767126705,4.60350284990282,0.312193467605641,665,P.Mahomes,657
Andy Reid__2023,Andy Reid,2023,1161,0.822562571166089,0.857532391650681,-0.0349698204845926,0.675903514449007,0.643194128344719,3.2709386104288,0.769063028792098,0.0223557622307564,0.0502022453274943,0.351624562752391,0.0359171767126705,0.0750917364790916,3.06607938937249,0.0995730055977591,724,P.Mahomes,691
Andy Reid__2024,Andy Reid,2024,1059,0.839795629430532,0.866978163217251,-0.0271825337867194,0.663613519368676,0.636904477174258,2.67090421944185,0.79901278209284,0.0183950230241244,0.0520009042042624,0.376030053243365,0.0750917364790916,0.0154571630890097,2.72240640850304,0.0990389958388624,631,P.Mahomes,629
Andy Reid__2025,Andy Reid,2025,926,0.819156264691481,0.857283629134704,-0.0381273644432225,0.675560325795184,0.643478779925621,3.20815458695632,0.76463588648735,0.026503712657468,0.0429643235022511,0.342127422872553,0.0154571630890097,,-1.5697329223156,0.00105167990153391,571,P.Mahomes,481
Anthony Lynn__2016,Anthony Lynn,2016,751,0.83674555897695,0.849963768079629,-0.0132182091026792,0.67521328654341,0.649708484571171,2.55048019722386,0.793006502630524,0.0195582736490318,0.0544934182882945,0.378756504183444,0.0623055339237643,,0.564073248585659,0.0150043696642889,382,T.Taylor,356
Anthony Lynn__2021,Anthony Lynn,2021,368,0.834601733214126,0.845714027623012,-0.0111122944088857,0.668166746852694,0.648090042379691,2.00767044730038,0.796291332775469,0.016531278806361,0.0731763703262677,0.378235565457979,-0.122345279880753,,1.11572342259544,-0.131542992161508,203,J.Goff,201
Arthur Smith__2019,Arthur Smith,2019,935,0.834323087192395,0.846081131280761,-0.0117580440883662,0.672753739052345,0.649470394006073,2.32833450462719,0.783161006102694,0.0138597060300899,0.0767328562025717,0.367311888208045,0.0569771890436302,0.144132273832519,2.62594870883498,0.0945019844026591,482,R.Tannehill,314
Arthur Smith__2020,Arthur Smith,2020,879,0.846261425051629,0.865579006082942,-0.0193175810313134,0.660079249983874,0.638180177392825,2.18990725910497,0.801300003207601,0.022807507404269,0.0949654687827493,0.385324039472112,0.144132273832519,-0.0109544515381658,1.55717359632618,0.200671376952702,443,R.Tannehill,440
Arthur Smith__2021,Arthur Smith,2021,791,0.820476358645616,0.845674997623803,-0.0251986389781876,0.68328845291766,0.650309284103042,3.29791688146186,0.760304350188297,0.0270468083495111,0.00471319584117076,0.359328852968783,-0.0109544515381658,-0.032614255430172,1.19233327182729,0.0933729801321033,471,M.Ryan,470
Arthur Smith__2022,Arthur Smith,2022,876,0.843178990002676,0.857200903270436,-0.0140219132677604,0.659897719689274,0.642634287932619,1.72634317566547,0.788951306087067,0.0217568943852492,0.139281856878469,0.397283423458094,-0.032614255430172,-0.081274867923564,-2.40532937220165,-0.0169556416132904,390,M.Mariota,276
Arthur Smith__2023,Arthur Smith,2023,993,0.834446438825844,0.843672889044593,-0.00922645021874902,0.667473698493123,0.649344361670543,1.81293368225799,0.791712546074959,0.0143202241712601,0.0983887387126354,0.377153370105488,-0.081274867923564,-0.0354049418928828,-2.62113436093104,-0.0380876216334403,517,D.Ridder,386
Arthur Smith__2024,Arthur Smith,2024,956,0.845154462644822,0.846589345138952,-0.00143488249412982,0.664851196745289,0.650936710400282,1.39144863450076,0.804089775573244,0.0112801568487674,0.0630648947909288,0.378686693048876,-0.0354049418928828,0.00995810964956902,3.96636400804963,0.025309916372698,507,R.Wilson,337
Arthur Smith__2025,Arthur Smith,2025,930,0.821741823866916,0.844612967584491,-0.0228711437175745,0.673928358970977,0.650548784556038,2.33795744149395,0.77429864842986,0.0156480258871774,0.015244841543577,0.358586117721373,0.00995810964956902,,0.50677027560938,-0.00024421095816462,548,A.Rodgers,500
Ben Johnson__2022,Ben Johnson,2022,884,0.867022459272092,0.859240558574181,0.00778190069791118,0.645625170859721,0.641459068702982,0.416610215673885,0.837268685846926,0.00632340134119047,0.0325507407257864,0.404752121580874,0.070488305302813,0.0741504711079807,-0.66480357853467,0.189622038434602,493,J.Goff,492
Ben Johnson__2023,Ben Johnson,2023,1031,0.865988262026941,0.859550079775263,0.00643818225167769,0.640188310158655,0.640421576937286,-0.023326677863067,0.831110839640536,0.00841460979783271,0.0422276687148008,0.402546211224407,0.0741504711079807,0.139866858379176,1.27469695633672,0.167868320186306,585,J.Goff,583
Ben Johnson__2024,Ben Johnson,2024,849,0.881712941061453,0.869159508858335,0.0125534322031173,0.630839931416252,0.636815783484685,-0.59758520684331,0.856392652684782,0.00394104978757814,0.0616464205042353,0.421293942224853,0.139866858379176,0.0788335459312273,5.2726306327896,0.225549399394211,455,J.Goff,449
Ben Johnson__2025,Ben Johnson,2025,1121,0.857335892255163,0.844735981208925,0.0125999110462387,0.64878384799754,0.652513321679234,-0.372947368169352,0.831048379710985,0.00125687838995314,0.0420126548630121,0.391485686072487,0.0788335459312273,,-4.09711027474752,0.0996610215476834,620,C.Williams,617
Ben McAdoo__2015,Ben McAdoo,2015,934,0.84155881010123,0.855943053436533,-0.0143842433353032,0.656798416927164,0.641499421192691,1.5298995734473,0.798152043287859,0.0177570440883714,0.0160942991888368,0.363629989972143,0.0039922866098656,-0.0770210460428943,-1.9156803288599,0.0945582554751412,578,E.Manning,578
Ben McAdoo__2016,Ben McAdoo,2016,990,0.838501019482029,0.838900880658729,-0.000399861176700544,0.664184129532734,0.65288988544975,1.1294244082984,0.794820085504752,0.0104219067556366,0.00288773509814876,0.369065709302973,-0.0770210460428943,-0.0849222424640296,-2.04869542481764,-0.00427347355809949,605,E.Manning,604
Ben McAdoo__2022,Ben McAdoo,2022,793,0.869326207699393,0.848206364111446,0.0211198435879465,0.638497381858239,0.647035880226818,-0.85384983685789,0.839329054251968,0.00023881076281207,0.100152132912888,0.407086923896966,-0.0362051594339089,,-5.71469005432215,-0.11483191470939,386,B.Mayfield,165
Bill Lazor__2015,Bill Lazor,2015,437,0.836118508423574,0.836601140153045,-0.000482631729471272,0.660266059508118,0.657290545959709,0.297551354840897,0.791121108740951,0.00947209400554694,0.0164488081050956,0.360576244152111,-0.0982345322147837,,-2.32108699014554,-0.0950296427359248,279,R.Tannehill,278
Bill Lazor__2017,Bill Lazor,2017,655,0.836563416130228,0.831578856490608,0.0049845596396193,0.656002115584965,0.65429817382963,0.170394175533561,0.792870631907435,0.00811989697937754,0.000727248248708122,0.372003989535889,-0.022845833880645,-0.00322018197645183,-0.708484344861723,0.0575628618762773,390,A.Dalton,390
Bill Lazor__2018,Bill Lazor,2018,742,0.829717746811397,0.83526264746866,-0.00554490065726254,0.657213554701337,0.657924301273309,-0.0710746571972232,0.78236117347361,0.0123766781246981,0.00205294064916345,0.363656298892517,-0.00322018197645183,,-4.30627093969775,0.054467535157551,454,A.Dalton,331
Bill Lazor__2020,Bill Lazor,2020,352,0.875383849918837,0.880646961391533,-0.0052631114726962,0.643237530323642,0.626418900213746,1.68186301098956,0.844853392288156,0.0110113440686166,0.0230105928865008,0.390685018808158,0.0304072024680374,-0.015759701653278,6.00641951472922,0.083905425382334,189,M.Trubisky,161
Bill Lazor__2021,Bill Lazor,2021,613,0.838243092145862,0.844878794827026,-0.00663570268116398,0.655807596652696,0.651199807682039,0.460778897065661,0.794475607689357,0.015374987238083,0.0422110832972395,0.362092000649571,-0.015759701653278,,-1.98106249858593,-0.0380971200177473,328,J.Fields,160
Bill Musgrave__2015,Bill Musgrave,2015,864,0.845208998260533,0.843972436664119,0.00123656159641405,0.658896006440091,0.65085170342121,0.804430301888037,0.806456870903376,0.0104191922631161,0.0062325360443167,0.375092284314127,-0.0440299512015119,0.0321931243394333,-3.29659185205323,0.00524599110105829,532,D.Carr,529
Bill Musgrave__2016,Bill Musgrave,2016,966,0.83959245446116,0.839632001648117,-3.95471869570896e-05,0.654615956892655,0.655418118465427,-0.0802161572771576,0.800708402129932,0.00893438301213556,0.0135409994355516,0.377767803791455,0.0321931243394333,-0.110308483877264,-2.12722896776475,0.0799171265962371,576,D.Carr,537
Bill Musgrave__2018,Bill Musgrave,2018,854,0.8443038438584,0.838789845477977,0.00551399838042277,0.650809844455779,0.655141064546307,-0.433122009052744,0.80614314840382,0.00715769396754129,0.0268021345976086,0.36981670108277,-0.0268166233779385,,-2.172258420355,-0.0302088060086816,520,C.Keenum,518
Bill O'Brien__2015,Bill O'Brien,2015,848,0.846569108013998,0.837136028952564,0.0094330790614342,0.654613541800492,0.654536461319701,0.00770804807911363,0.810495239161405,0.00423546819235832,0.0478478883357965,0.381402602515904,-0.0906880621138182,-0.114452467638741,-4.91073738391462,-0.0458144230726042,484,B.Hoyer,280
Bill O'Brien__2016,Bill O'Brien,2016,977,0.849438762594891,0.831817302051148,0.0176214605437426,0.650111630096338,0.658798222956411,-0.868659286007256,0.816901992739464,0.00671191919718905,0.0503046631340239,0.381129455122574,-0.114452467638741,-0.0539597924191058,-3.38151329803562,-0.0877989510404929,528,B.Osweiler,450
Bill O'Brien__2017,Bill O'Brien,2017,811,0.826329967890244,0.84679881788013,-0.0204688499898859,0.674330139497872,0.648745620854216,2.55845186436565,0.772690480406771,0.0247053452284566,0.0375333504082977,0.361796897047104,-0.0539597924191058,0.00740037343251953,-2.07609856519305,-0.0345741508253103,452,T.Savage,226
Bill O'Brien__2018,Bill O'Brien,2018,873,0.829916168844927,0.844452721933784,-0.0145365530888569,0.670971204847226,0.655538868785363,1.54323360618627,0.779005392601282,0.0185423125151153,0.00713479323451319,0.352375612797947,0.00740037343251953,0.0586744827949187,4.57258996203405,0.0973400232965613,494,D.Watson,493
Bill O'Brien__2019,Bill O'Brien,2019,978,0.843655171864442,0.863940515996093,-0.0202853441316505,0.666262064310211,0.641033671486851,2.52283928233604,0.800699127057424,0.0182504599567269,0.00488365886462491,0.3685028742397,0.0586744827949187,,3.12644746534678,0.137844803886452,552,D.Watson,531
Bill O'Brien__2023,Bill O'Brien,2023,868,0.829996106231643,0.843862597163173,-0.0138664909315298,0.670123446343087,0.65073649645973,1.93869498833572,0.78026868549919,0.0147403790307278,0.0330836442277728,0.365399103731878,-0.178397716130716,,-2.19942612744315,-0.204014722086718,510,M.Jones,325
Bo Hardegree__2023,Bo Hardegree,2023,416,0.848089625225914,0.841788466082948,0.00630115914296547,0.651564768941479,0.650900890738214,0.0663878203265411,0.810397688124682,0.00695584641291358,0.0428405062188035,0.374452595581086,-0.0585590708385709,,-3.26391772145317,-0.0646679184821591,242,A.O'Connell,240
Bo Hardegree__2025,Bo Hardegree,2025,552,0.845005877703666,0.846240304849263,-0.00123442714559729,0.657753452577421,0.649766752991391,0.798669958602927,0.802775146976969,0.00942639826061164,0.0510764670274828,0.363846809400813,-0.138069532424958,,-2.61078628676909,-0.129706758228099,317,C.Ward,308
Bobby Slowik__2023,Bobby Slowik,2023,965,0.836095434290351,0.847210187251224,-0.0111147529608736,0.655976472856296,0.649540939757389,0.643553309890643,0.790993730522663,0.0129573997602149,0.0328804619726122,0.36873083801776,-0.00893796751897139,-0.0257916588949447,0.665738567020335,0.102334384715929,556,C.Stroud,493
Bobby Slowik__2024,Bobby Slowik,2024,1029,0.830545939701781,0.843008854751228,-0.0124629150494475,0.666835355810111,0.652366846888031,1.44685089220791,0.781061737440474,0.0137708520726769,0.00314769515201132,0.369375857525479,-0.0257916588949447,,-1.1428018392257,0.0403335434197529,603,C.Stroud,580
Brian Callahan__2024,Brian Callahan,2024,800,0.829924766442543,0.848130752437855,-0.0182059859953124,0.677199059447074,0.649405877686816,2.77931817602581,0.780469231984635,0.0159375026728598,0.0866521461680532,0.374470863416791,-0.16783636539941,-0.31660764336075,0.228274180735957,-0.191501667257578,415,W.Levis,265
Brian Daboll__2018,Brian Daboll,2018,629,0.835899740130319,0.83526678695629,0.00063295317402956,0.656859880205,0.655952350195787,0.0907530009213509,0.7921294438421,0.00811691424600536,0.0564958991420667,0.372656858782321,-0.0789192008946024,-0.0145596408941839,-7.44325640670797,-0.0913106242278376,313,J.Allen,237
Brian Daboll__2019,Brian Daboll,2019,936,0.814817932789496,0.831190422462418,-0.0163724896729228,0.682720825243859,0.657201220312168,2.55196049316911,0.76211103041357,0.0172457025744178,0.0134163099444575,0.35485293982057,-0.0145596408941839,0.156858976421261,-2.83346589999039,-0.0222728295404589,539,J.Allen,418
Brian Daboll__2020,Brian Daboll,2020,920,0.837610778154293,0.879851987782224,-0.0422412096279305,0.682956830357545,0.628699610331018,5.42572200265272,0.791873658786545,0.0275808904729419,0.110271520118998,0.399906884441557,0.156858976421261,0.090978718029497,5.22136806739845,0.241833542881809,608,J.Allen,600
Brian Daboll__2021,Brian Daboll,2021,813,0.826108869883159,0.864883441069599,-0.0387745711864401,0.695131430293909,0.638920218464118,5.62112118297915,0.789779421637896,0.0224874242957118,0.0453423652591741,0.37696401012413,0.090978718029497,,1.13835603564601,0.108719365173185,517,J.Allen,493
Brian Daboll__2024,Brian Daboll,2024,819,0.840862174598736,0.840290275336155,0.000571899262581055,0.655875246027989,0.653523302528575,0.235194349941392,0.797895612200229,0.0111312229906267,0.050562023843601,0.367832662476288,-0.149826580484143,,-2.24056236464484,-0.20015334413753,461,D.Jones,307
Brian Johnson__2023,Brian Johnson,2023,955,0.854113746589738,0.848330091263163,0.00578365532657454,0.654242879728926,0.648586025397092,0.565685433183427,0.821567051822238,0.00744523022969335,0.0108244930652423,0.381735964228657,0.06881396895046,,4.76391294264588,0.128522905930546,534,J.Hurts,528
Brian Schottenheimer__2018,Brian Schottenheimer,2018,886,0.839386634991741,0.844865170236212,-0.00547853524447084,0.669927139517792,0.648492981755349,2.1434157762443,0.806846004265883,0.0111141286083043,0.132537496976269,0.37852296279428,0.0347391102573754,0.0214645051370669,6.33663418067199,0.0939006619007484,420,R.Wilson,420
Brian Schottenheimer__2019,Brian Schottenheimer,2019,946,0.84149296840418,0.854758459219019,-0.0132654908148392,0.662147070480968,0.646474252065967,1.56728184150017,0.796894016800424,0.0154008780123567,0.0289723074091225,0.366820485144066,0.0214645051370669,0.0561584623882946,6.70787983200624,0.185499860757225,513,R.Wilson,512
Brian Schottenheimer__2020,Brian Schottenheimer,2020,888,0.837132857416965,0.861027410240293,-0.023894552823328,0.668383056757924,0.639269297557981,2.91137591999425,0.789875769615065,0.0209228221047737,0.0545318264530989,0.376628847113131,0.0561584623882946,0.0922887288303729,6.06803284997636,0.0786509568821895,542,R.Wilson,542
Brian Schottenheimer__2025,Brian Schottenheimer,2025,941,0.841823323085226,0.856031670573905,-0.0142083474886784,0.660792915613416,0.646041292719098,1.47516228943176,0.798701691671872,0.0179089200958933,0.0156026887811332,0.367807434624364,0.106602876795235,,2.30515402301337,0.177282958464609,550,D.Prescott,541
Bruce Arians__2015,Bruce Arians,2015,849,0.842706861170842,0.861337779980063,-0.0186309188092212,0.662078084908692,0.638683015873474,2.33950690352179,0.801068460084264,0.0152238420462685,0.00235446030877365,0.369052922943315,0.0935117691314957,-0.0705528703036602,4.14027580008003,0.242061646862949,513,C.Palmer,512
Bruce Arians__2016,Bruce Arians,2016,871,0.826878576000538,0.84519379303395,-0.0183152170334117,0.672715517383898,0.649087770181159,2.36277472027395,0.776656809951063,0.0159561849714598,0.0147951203564142,0.342511123377749,-0.0705528703036602,-0.146222647060961,-2.13407180401909,-0.0262275694357697,539,C.Palmer,500
Bruce Arians__2017,Bruce Arians,2017,870,0.823695265377773,0.837875532385968,-0.0141802670081951,0.663693243835862,0.654103164357926,0.959007947793578,0.768698924534464,0.0188978934445536,0.0247524897685681,0.346154384135172,-0.146222647060961,,-4.69339786378188,-0.112595325338341,517,C.Palmer,224
Byron Leftwich__2018,Byron Leftwich,2018,372,0.811395113782943,0.815797857723741,-0.00440274394079843,0.677565265989983,0.66489437856857,1.26708874214135,0.762055838437794,0.00717844914272525,0.066940098420106,0.36405200525237,-0.224208207868844,-0.0106492727442061,-7.5182341337204,-0.31092218264017,205,J.Rosen,204
Byron Leftwich__2019,Byron Leftwich,2019,900,0.815473122877855,0.850381375988338,-0.0349082531104833,0.676369877132777,0.650632753828911,2.57371233038665,0.753931480281613,0.0262182376698021,0.0119569412867227,0.345854410529137,-0.0106492727442061,0.13478314888283,1.70763653284226,0.0670052269655417,544,J.Winston,540
Byron Leftwich__2020,Byron Leftwich,2020,943,0.816646911674838,0.852637303807049,-0.0359903921322111,0.677693207077975,0.646569773673647,3.11234334043287,0.759549394021623,0.0265892159297844,0.0385003323061342,0.351821202923043,0.13478314888283,0.135654723800975,1.87863407988254,0.242398423868158,618,T.Brady,618
Byron Leftwich__2021,Byron Leftwich,2021,911,0.808588256803533,0.864258450796095,-0.0556701939925627,0.682558852235896,0.637795947213267,4.47629050226284,0.731226138130597,0.037123123048463,0.0735418434069787,0.358023759137132,0.135654723800975,-0.0539931323598816,0.833530176356929,0.179435979249459,633,T.Brady,632
Byron Leftwich__2022,Byron Leftwich,2022,1002,0.826493699925215,0.858247337334967,-0.0317536374097521,0.672002346325854,0.642680434553525,2.93219117723292,0.77657805324264,0.0242658846969149,0.0310947417008305,0.347305540218503,-0.0539931323598816,,-0.917701971780066,0.0606104616679341,662,T.Brady,651
Chad O'Shea__2019,Chad O'Shea,2019,675,0.828807208941718,0.848008406550337,-0.0192011976086188,0.674815640290642,0.650752812214551,2.40628280760909,0.779410118938978,0.0193390190783972,0.0673045583345274,0.369233961304029,-0.0570280315250956,,-1.87242825452547,0.0865363126954965,432,R.Fitzpatrick,366
Chan Gailey__2015,Chan Gailey,2015,868,0.817516241038357,0.833699402837004,-0.0161831617986471,0.681392503737584,0.659809248516144,2.15832552214394,0.767423964693697,0.0145746338488864,0.00444776912473042,0.35140878229063,-0.0133707509565109,-0.0382727900539306,-2.11126542068312,0.0744699416505301,536,R.Fitzpatrick,515
Chan Gailey__2016,Chan Gailey,2016,813,0.836811791882729,0.836371923112763,0.000439868769966045,0.658693081146075,0.657430411126578,0.126267001949698,0.796579684665731,0.0126876076904162,0.0329286861536981,0.378541450182304,-0.0382727900539306,,-2.42732495987585,0.000777357870744887,455,R.Fitzpatrick,334
Chan Gailey__2020,Chan Gailey,2020,783,0.848123823785698,0.871791432653091,-0.0236676088673927,0.664935214882026,0.634610240921152,3.03249739608739,0.817161672853898,0.0145944782868801,0.0318307327736993,0.377920697246932,0.0221941690642793,,1.21531128540807,0.0882356938124825,470,T.Tagovailoa,235
Chip Kelly__2015,Chip Kelly,2015,841,0.844683887306532,0.844573154480588,0.000110732825944648,0.654357399780276,0.653659411656875,0.069798812340105,0.80656088896451,0.00874095616734516,0.0105511283194127,0.388151660898211,-0.0682446593946036,-0.123834342705157,-2.62005354281719,-0.0314240319794236,502,S.Bradford,440
Chip Kelly__2016,Chip Kelly,2016,747,0.850597582129108,0.834848844327843,0.0157487378012654,0.642129101806652,0.655761498190254,-1.36323963836021,0.816206096841613,-0.00163568399960412,0.0681095496318746,0.3945235952715,-0.123834342705157,,-2.46935750289661,-0.117539056583409,364,C.Kaepernick,266
Chip Kelly__2025,Chip Kelly,2025,486,0.842901667063996,0.847463223260603,-0.00456155619660681,0.658718318162012,0.650477908548489,0.82404096135229,0.804462219816448,0.00894190122535576,0.0104341609671773,0.380957172087436,-0.189270499347505,,-4.13602857028736,-0.196861041371373,296,G.Smith,295
Dan Campbell__2021,Dan Campbell,2021,424,0.86866736866818,0.84048830320097,0.0281790654672097,0.656539395360587,0.649117045833334,0.742234952725274,0.85236128222608,-0.00627315332711687,0.116256691656023,0.417031298268516,-0.0169823565045858,,0.29463410967648,0.115744384237964,219,J.Goff,163
Dan Campbell__2025,Dan Campbell,2025,505,0.830372258109857,0.840557303405063,-0.0101850452952054,0.671663114728254,0.657583736060963,1.40793786672911,0.790580999113932,0.0115236807511937,0.0390787994212443,0.366517226737325,0.0225144834060678,,-2.72159356370195,0.122471184056423,318,J.Goff,316
Darrell Bevell__2015,Darrell Bevell,2015,786,0.844133297491274,0.850619945476127,-0.00648664798485299,0.656327669955002,0.647446692465142,0.888097748986039,0.80821773541468,0.0111213304117931,0.0242829004601213,0.364343538453788,0.0348998833433815,0.0221295204370865,4.4940398724389,0.168353275528402,421,R.Wilson,421
Darrell Bevell__2016,Darrell Bevell,2016,895,0.848714774113373,0.858047284404609,-0.00933251029123583,0.66276705362428,0.646367803081125,1.63992505431556,0.813538090582589,0.0114964431944198,0.0190134062280868,0.368080541757898,0.0221295204370865,-0.0530397352852118,4.71683549288562,0.0875804753286522,544,R.Wilson,534
Darrell Bevell__2017,Darrell Bevell,2017,876,0.827861488010183,0.83448976553035,-0.00662827752016593,0.6655247484052,0.658294178294482,0.723057011071793,0.782656492994283,0.0107336308112674,0.0234590206363294,0.356987322242633,-0.0530397352852118,,2.96787219261056,-0.00968122989480005,529,R.Wilson,527
Darrell Bevell__2019,Darrell Bevell,2019,885,0.830943094495908,0.844841511078115,-0.0138984165822073,0.658876422534552,0.648509430182061,1.03669923524909,0.783382968087398,0.0173732446896384,0.0398397673321309,0.355657057405192,-0.0406621929363159,0.0115499863994815,-3.15652768277701,0.0418214741759838,506,M.Stafford,291
Darrell Bevell__2020,Darrell Bevell,2020,689,0.834571781553171,0.848728441758557,-0.0141566602053868,0.6725902228348,0.652131482023459,2.04587408113404,0.792400181694316,0.0159581846343305,0.0217579674565048,0.358662064821177,0.0115499863994815,-0.143276068858537,-0.648261962423906,0.121889396924219,408,M.Stafford,404
Darrell Bevell__2021,Darrell Bevell,2021,599,0.830098203527254,0.827349543916997,0.00274865961025683,0.665731598162115,0.661996886392741,0.373471176937379,0.789677228770771,0.00742155022268365,0.0483096227895637,0.368551811449018,-0.143276068858537,,-7.88157384546976,-0.124568014333953,342,T.Lawrence,340
Dave Canales__2023,Dave Canales,2023,953,0.829471701267533,0.835703581330291,-0.00623188006275821,0.651668754088371,0.652138038879816,-0.046928479144448,0.785298557076497,0.0102567072159531,0.01554190689563,0.372497074493644,0.000530132348413342,-0.014782527604414,-1.630908673157,0.0842971303556902,557,B.Mayfield,555
Dave Canales__2024,Dave Canales,2024,711,0.838546985541018,0.848230696289764,-0.00968371074874597,0.65956141673199,0.646988666336734,1.25727503952563,0.793506454339922,0.0120871363092985,0.0131966192825434,0.37292316085469,-0.014782527604414,-0.0790736666473916,0.694562932295814,-0.0238405289226668,396,B.Young,278
Dave Canales__2025,Dave Canales,2025,875,0.849152082294752,0.845919782762978,0.00323229953177395,0.658052436283931,0.648169680398582,0.988275588534893,0.813218013655372,0.00833347882111002,0.0528278189727239,0.387861756188529,-0.0790736666473916,,-1.43817387702988,-0.116269932547083,467,B.Young,449
Dirk Koetter__2015,Dirk Koetter,2015,811,0.83204899433099,0.847750844257796,-0.0157018499268063,0.674825519249786,0.651335494070136,2.34900251796502,0.785677940296353,0.019993683440015,0.0734378435222935,0.359814582959865,-0.00751371442062292,-0.0209121634096385,0.0530268431935643,0.0881846955404824,412,J.Winston,412
Dirk Koetter__2016,Dirk Koetter,2016,919,0.843734855997509,0.855490383937088,-0.0117555279395785,0.666158599198699,0.647311055576708,1.8847543621991,0.797956109759818,0.0193445921423319,0.0194602973183559,0.356399244271113,-0.0209121634096385,-0.0344038585166852,2.74542567343259,0.0988819928904425,517,J.Winston,517
Dirk Koetter__2017,Dirk Koetter,2017,858,0.830237677400573,0.853287497271917,-0.0230498198713445,0.669970877147382,0.645495391742671,2.44754854047105,0.777141994988127,0.0241463262866477,0.0162893026233553,0.353431227358627,-0.0344038585166852,-0.0327441259108673,1.86850279874978,0.0547741937890695,525,J.Winston,425
Dirk Koetter__2018,Dirk Koetter,2018,442,0.833047206596513,0.849105203725055,-0.0160579971285424,0.671550695904688,0.650491527908308,2.10591679963801,0.787479471350176,0.0158621710812535,0.0281276689732776,0.351587495484233,-0.0327441259108673,-0.00872875250033119,1.32969559324898,0.091320171009357,268,J.Winston,205
Dirk Koetter__2019,Dirk Koetter,2019,817,0.81407108915916,0.833856625024808,-0.0197855358656474,0.672350436665359,0.6608481744526,1.1502262212759,0.769114331228075,0.0172502795096926,0.0203624154319086,0.343898798253574,-0.00872875250033119,0.0269840700351635,1.39034582215522,0.067471906939154,531,M.Ryan,515
Dirk Koetter__2020,Dirk Koetter,2020,883,0.846131530765783,0.859117381842531,-0.0129858510767479,0.658946543571056,0.639990432921334,1.89561106497227,0.807442450759857,0.0133392967513973,0.00725080521770964,0.368314324645062,0.0269840700351635,,1.28804450917863,0.119851183886749,550,M.Ryan,548
Doug Pederson__2015,Doug Pederson,2015,531,0.838247619732941,0.839864796994239,-0.00161717726129762,0.665886954731572,0.653811860054767,1.20750946768049,0.805553221931187,0.00844107378388592,0.0302857659518606,0.388187164416196,0.0669944925623687,-0.01509908458912,4.27575051313332,0.0952477044178166,279,A.Smith,279
Doug Pederson__2016,Doug Pederson,2016,918,0.83624653802256,0.833208271012489,0.00303826701007137,0.665005491945877,0.657476535486088,0.752895645978879,0.805954747614586,0.00541205608664463,0.0192524193256509,0.375324522147122,-0.01509908458912,0.0706237626019259,-1.06736941687389,0.03168145348022,551,C.Wentz,549
Doug Pederson__2017,Doug Pederson,2017,999,0.842800437044746,0.840186815720983,0.00261362132376319,0.665460111269301,0.652518826419552,1.29412848497492,0.807145110200414,0.0105851539591203,0.0103076737303216,0.387793001167857,0.0706237626019259,0.0204601493976924,2.25948979077226,0.173731505665016,590,C.Wentz,363
Doug Pederson__2018,Doug Pederson,2018,1003,0.843160340772403,0.853976167633213,-0.0108158268608102,0.665924322618441,0.64537512777323,2.05491948452111,0.804038244527309,0.0132249533354739,0.017601165292805,0.372061001391318,0.0204601493976924,0.00246456621008294,4.34018835172815,0.0889869758021178,628,C.Wentz,367
Doug Pederson__2019,Doug Pederson,2019,987,0.837504410632478,0.844708508946324,-0.00720409831384594,0.661725906514847,0.650533759912354,1.11921466024932,0.800001291013022,0.01056610080812,0.00987100490230189,0.36348562572895,0.00246456621008294,-0.104373739348469,-0.580301721480729,0.0518903606960385,585,C.Wentz,549
Doug Pederson__2020,Doug Pederson,2020,911,0.843658262441809,0.846211918818908,-0.00255365637709859,0.653863777452855,0.649480182046212,0.438359540664279,0.806233497635343,0.00699332265371555,0.00866083508003687,0.379918013589966,-0.104373739348469,,-5.32402687067548,-0.162494667480052,539,C.Wentz,394
Doug Pederson__2022,Doug Pederson,2022,985,0.837826950466132,0.855565332716435,-0.0177383822503027,0.663959207785734,0.645748320693532,1.82108870922022,0.794321189291948,0.016077913312347,0.0141858364497949,0.356422246538746,0.0199030638088937,,-1.25279235389997,0.0626388125395847,575,T.Lawrence,574
Dowell Loggains__2016,Dowell Loggains,2016,744,0.83231435635966,0.842556349377014,-0.0102419930173546,0.655163707524427,0.649659964964524,0.550374255990294,0.783931214281174,0.0147869174965972,0.0329706658739395,0.353176928085265,-0.0309041402251095,-0.103342939961543,0.0964893141993682,0.0300600129768543,435,B.Hoyer,151
Dowell Loggains__2017,Dowell Loggains,2017,689,0.819320709445545,0.829129303187302,-0.00980859374175691,0.681892835883989,0.662556027741994,1.93368081419953,0.766331997436437,0.0176446831575513,0.110889290355373,0.352842566507216,-0.103342939961543,,-3.47758501384803,-0.106592089500634,347,M.Trubisky,253
Dowell Loggains__2020,Dowell Loggains,2020,419,0.843962027796978,0.842181894893042,0.0017801329039363,0.641608639843883,0.648704311332279,-0.709567148839629,0.799626620310719,0.00808490852931776,0.0370537757002226,0.386472945166018,-0.0257404053385299,,2.35234339494963,-0.022974028841247,220,S.Darnold,184
Drew Petzing__2023,Drew Petzing,2023,794,0.85157355826611,0.83398102297594,0.0175925352901699,0.643058105307148,0.657579309166989,-1.45212038598405,0.817545744976087,0.00456413067865991,0.0913257308735955,0.402791959512744,-0.0703538115101252,0.0560489128251993,-4.31363843481279,-0.149841926152861,407,K.Murray,213
Drew Petzing__2024,Drew Petzing,2024,879,0.844647769930107,0.85118042302077,-0.00653265309066331,0.665598490110445,0.650306664981635,1.52918251288097,0.808289053897394,0.0112715028254837,0.0131998611561132,0.383043170060043,0.0560489128251993,-0.0168949230661176,1.2384014428314,0.0828276298459852,504,K.Murray,504
Drew Petzing__2025,Drew Petzing,2025,748,0.82671918365414,0.840319076112854,-0.0135998924587138,0.673466723584266,0.654398748817873,1.90679747663933,0.780022151503448,0.0151689381717416,0.0382546795243248,0.365690874822318,-0.0168949230661176,,2.45237556504615,0.0398372674381005,472,J.Brissett,339
Eric Bieniemy__2023,Eric Bieniemy,2023,852,0.822392615144275,0.857150885166085,-0.03475827002181,0.683072176175715,0.643999832411178,3.90723437645373,0.770828506798613,0.0218141679926206,0.0784645789595837,0.37123153495117,-0.0793210320906841,,0.00111220798453209,-0.0843784992485028,564,S.Howell,553
Frank Cignetti__2015,Frank Cignetti,2015,519,0.796872250090835,0.81112984435078,-0.0142575942599452,0.693852960804405,0.672174899797807,2.16780610065975,0.737726015199747,0.0149814461799017,0.107420287889954,0.353475167335286,-0.191487006156965,,-6.40023488007235,-0.162255724294475,281,N.Foles,252
Frank Reich__2015,Frank Reich,2015,900,0.824500665341298,0.852550836597822,-0.0280501712565244,0.673522952498696,0.647168358257098,2.63545942415983,0.771363021251693,0.0221382122234499,0.0295046327511469,0.359676217469904,-0.0363768077421035,,2.40550733077925,0.0876845696770612,578,P.Rivers,578
Frank Reich__2018,Frank Reich,2018,931,0.851163822019975,0.864495546790518,-0.0133317247705431,0.659028505823252,0.639320065610144,1.9708440213108,0.817501884324925,0.0164579192312384,0.0367856505702057,0.366479064208865,0.0529305498048697,-0.0219522700293906,0.341728624577327,0.152574053577196,603,A.Luck,600
Frank Reich__2019,Frank Reich,2019,890,0.84744575761025,0.85132057450081,-0.00387481689055946,0.656542381286805,0.648345810806815,0.819657047998934,0.808012379194645,0.0153934615303738,0.0724597455326761,0.37336054513796,-0.0219522700293906,0.0739634381512953,-3.24315130001023,-0.00570454773720852,463,J.Brissett,392
Frank Reich__2020,Frank Reich,2020,876,0.843889700463374,0.852994451854488,-0.00910475139111344,0.656540463287138,0.64465452847578,1.18859348113582,0.80908555311559,0.0109165754939101,0.035755583710254,0.371839297288969,0.0739634381512953,0.0248237840188102,1.047315668021,0.203927851881239,511,P.Rivers,507
Frank Reich__2021,Frank Reich,2021,832,0.84735354935129,0.858905021804068,-0.0115514724527783,0.657624188362856,0.642446476681887,1.5177711680969,0.807025646454794,0.0116567744582695,0.0462918322837838,0.373846144388573,0.0248237840188102,-0.125745208812308,-2.56468695519593,-0.00383443757016351,450,C.Wentz,447
Frank Reich__2022,Frank Reich,2022,552,0.826165027572767,0.845197890553478,-0.0190328629807104,0.675359542833137,0.654520487712139,2.08390551209984,0.782578438150494,0.0170348980384866,0.0184708025738381,0.338866419307348,-0.125745208812308,-0.170004354036091,2.20769206031424,-0.0421783075576862,349,M.Ryan,300
Frank Reich__2023,Frank Reich,2023,394,0.826568548909459,0.833870625686531,-0.00730207677707218,0.656924001141856,0.653903905288097,0.302009585375851,0.776550761172431,0.0139645568176128,0.0519727068731022,0.356275772344945,-0.170004354036091,,0.0568778796510325,-0.199743135027143,225,B.Young,175
Freddie Kitchens__2018,Freddie Kitchens,2018,301,0.861771904062053,0.873490312605733,-0.0117184085436804,0.652847013044085,0.631635785493459,2.1211227550626,0.823087877395719,0.0127862794513709,0.0055220976867945,0.385153413586244,0.146692962904302,-0.0366293704223896,2.57916942503325,0.23159278942295,175,B.Mayfield,172
Freddie Kitchens__2019,Freddie Kitchens,2019,762,0.823380653006116,0.838365901413342,-0.0149852484072265,0.666174390625164,0.655775400508396,1.03989901167687,0.77320862849519,0.0181295500643907,0.0250918793044691,0.371350193762873,-0.0366293704223896,-0.103055650294573,-3.21235267468441,-0.0115942384577277,449,B.Mayfield,444
Gary Kubiak__2015,Gary Kubiak,2015,1108,0.830305512576054,0.839011816353209,-0.00870630377715409,0.672981021303507,0.653651738664899,1.93292826386082,0.785335100862645,0.00995892287670819,0.00740968937639292,0.362438006400524,-0.0974513017011295,-0.0618355070518239,-2.35606062813357,-0.063978042937494,684,P.Manning,436
Gary Kubiak__2016,Gary Kubiak,2016,852,0.819438500532709,0.837425787153521,-0.0179872866208121,0.685516392644568,0.659369369825335,2.61470228192332,0.772835531123712,0.0146013391535846,0.0187995408884657,0.359661260304946,-0.0618355070518239,,-0.539771316549448,0.0261454026833143,520,T.Siemian,457
Gary Kubiak__2020,Gary Kubiak,2020,890,0.860023490564879,0.868937632811647,-0.00891414224676823,0.653140719130676,0.639695898553912,1.34448205767639,0.813461219184968,0.0199463589935385,0.0606820873916149,0.377889818380053,0.0593546528116908,,4.40669688225375,0.132381391904526,468,K.Cousins,468
Geep Chryst__2015,Geep Chryst,2015,678,0.829006285397603,0.832977725435317,-0.00397144003771432,0.66533212325206,0.657940168949724,0.739195430233597,0.789641969683819,0.00795338667219414,0.00899649952101494,0.37253789909206,-0.0855499677177906,,-2.39062463097713,-0.100958762499052,374,B.Gabbert,211
George Godsey__2021,George Godsey,2021,931,0.839260079297452,0.849967354744693,-0.0107072754472405,0.661514977232262,0.648473334872366,1.30416423598954,0.797779408402934,0.0128343067201971,0.0216522621577077,0.367706956191811,-0.0407065514172622,,1.94454657799989,0.029075443176092,564,T.Tagovailoa,369
Greg Olson__2015,Greg Olson,2015,855,0.827048891083789,0.837197940336425,-0.0101490492526355,0.660506737732021,0.657443607708744,0.306313002327607,0.78011996254646,0.0126722877692201,0.0235944664792011,0.355562036724118,-0.117713878785927,-0.141257739256995,-5.11955304579301,-0.0652123090656633,540,B.Bortles,539
Greg Olson__2016,Greg Olson,2016,324,0.818024042357546,0.828969562910691,-0.0109455205531446,0.681653322826207,0.663067556798762,1.85857660274447,0.771289038112813,0.0137991857685522,0.0319301991574007,0.351582707296827,-0.141257739256995,,-3.96753997403256,-0.138477647075171,202,B.Bortles,202
Greg Olson__2021,Greg Olson,2021,699,0.864702534372892,0.876289114700419,-0.0115865803275269,0.653905660652074,0.632220378697098,2.16852819549762,0.826979757208187,0.0156703421524357,0.00586301531743945,0.356247260718898,-0.0140064407896525,,2.58861545050679,0.0482382572186328,418,D.Carr,416
Greg Roman__2015,Greg Roman,2015,860,0.832782168091095,0.837028855100994,-0.00424668700989939,0.66908314243413,0.657811161109961,1.12719813241681,0.789972949464412,0.0125904617717064,0.0945062827059003,0.374303319270528,0.0214784231996627,-0.0609211618733818,1.66825816880182,0.0844075839486506,423,T.Taylor,352
Greg Roman__2019,Greg Roman,2019,742,0.849219179395296,0.85761160967865,-0.00839243028335335,0.668874455614502,0.641505953972541,2.7368501641961,0.814195968172065,0.0129349769520434,0.0878115720203464,0.385163542686527,0.105633754369229,0.0939136854055546,0.431047992993005,0.122839138460714,351,L.Jackson,328
Greg Roman__2020,Greg Roman,2020,731,0.853849599519885,0.85257402503368,0.00127557448620497,0.663927927599511,0.644060647973034,1.98672796264767,0.816600602715144,0.00887208815509499,0.122265837311989,0.397228929488098,0.0939136854055546,0.00276603849993329,1.56012668090613,0.0763633237121687,331,L.Jackson,313
Greg Roman__2021,Greg Roman,2021,1041,0.839632387577421,0.855428629619139,-0.0157962420417183,0.665516952356456,0.64540960745597,2.01073449004856,0.791206929802746,0.0190534213841065,0.0300656818461807,0.358044681270803,0.00276603849993329,0.00250861216546398,0.22080814242363,-0.0061154490221188,564,L.Jackson,381
Greg Roman__2022,Greg Roman,2022,972,0.847509802896201,0.863865608484015,-0.0163558055878137,0.657957264590376,0.637120410196526,2.08368543938494,0.797581545832122,0.0226906028128642,0.0585987169464187,0.384194191299961,0.00250861216546398,,-0.266930295743787,-0.0212986622154848,486,L.Jackson,333
Greg Roman__2024,Greg Roman,2024,854,0.828670269471011,0.852182702612179,-0.0235124331411686,0.662270537406555,0.644713778376832,1.75567590297229,0.76975187667469,0.0230588251837022,0.014968327061214,0.362129667237296,0.00154168413628726,-0.0156744376172754,1.81450213274259,0.085649340128788,494,J.Herbert,489
Greg Roman__2025,Greg Roman,2025,941,0.818218316392564,0.848914378266377,-0.0306960618738131,0.677082758844598,0.649922567661011,2.71601911835865,0.756920915314651,0.028340296421258,0.0103048595197017,0.354879242129521,-0.0156744376172754,,1.03644347682442,-0.0114416057742193,557,J.Herbert,539
Hue Jackson__2015,Hue Jackson,2015,855,0.860632034806097,0.86655878967938,-0.00592675487328298,0.650788104291619,0.637681383015138,1.31067212764805,0.820640726097447,0.0112337672795911,0.00132775330229808,0.381551843541756,0.0508907876611156,-0.0953669644281405,2.35718419639076,0.18955463042138,490,A.Dalton,352
Hue Jackson__2016,Hue Jackson,2016,714,0.82367725502548,0.823777109935181,-9.98549097007695e-05,0.674236329010442,0.661585358929395,1.26509700810463,0.779758590714044,0.00787679033852085,0.00165008115960434,0.375862043643115,-0.0953669644281405,-0.188999096466732,-0.543021018359254,-0.0770789713553672,425,C.Kessler,162
Hue Jackson__2017,Hue Jackson,2017,755,0.829370792410172,0.843022916839515,-0.0136521244293431,0.67352068622944,0.653735846064497,1.97848401649431,0.782044793375862,0.0148546201081079,0.0316699595048728,0.356587768804948,-0.188999096466732,,-4.57458919350137,-0.271379019155003,414,D.Kizer,347
Jason Garrett__2020,Jason Garrett,2020,771,0.836108187360195,0.847387835389336,-0.0112796480291412,0.664053080419335,0.647360878755748,1.66922016635878,0.783610604592238,0.021298115291141,0.0174511277084221,0.361981430125994,-0.0687182591059013,-0.0375436106073895,-1.93234230757384,-0.0794455065154749,429,D.Jones,393
Jason Garrett__2021,Jason Garrett,2021,489,0.836935907384687,0.854630629128229,-0.0176947217435419,0.669746209125883,0.642559893742949,2.71863153829344,0.797512709180831,0.0154855957821466,0.0356466854276833,0.387005397512869,-0.0375436106073895,,0.81020485992214,0.0589580778991828,289,D.Jones,278
Jason Michael__2015,Jason Michael,2015,401,0.841833640129413,0.838675257581176,0.00315838254823653,0.659179703183371,0.656617833804198,0.256186937917324,0.791347714628877,0.0127407869044505,0.0499062668206983,0.357825823778524,-0.110796402237387,,-4.59557824901172,-0.0730154922881416,229,M.Mariota,176
Jay Gruden__2017,Jay Gruden,2017,837,0.820938581117376,0.845399577536221,-0.0244609964188456,0.68496760091184,0.65015445015003,3.48131507618102,0.764743384818204,0.0218112716389686,0.00116349994388531,0.357368083721919,-0.0230323474874491,-0.0743829524013508,2.16321108407445,0.0658041853164449,488,K.Cousins,488
Jay Gruden__2018,Jay Gruden,2018,769,0.813026910901681,0.837463165336811,-0.0244362544351299,0.685979431140218,0.657551181481746,2.84282496584722,0.759588336933815,0.0237206686987856,0.0421548790948753,0.348167725304633,-0.0743829524013508,-0.326718112756485,-2.54698329191794,-0.0574297827491102,416,A.Smith,281
Jay Gruden__2020,Jay Gruden,2020,713,0.811127328898852,0.841509614145472,-0.0303822852466192,0.677986149051548,0.64923171302058,2.87544360309676,0.75110809263486,0.0206516386928564,0.0154705307594021,0.345856143498655,-0.0845932539034621,,-2.61860513560652,-0.0805878251204196,431,M.Glennon,136
Jeremy Bates__2018,Jeremy Bates,2018,750,0.8372906616925,0.836354430999668,0.000936230692830997,0.651763500323339,0.656792584103233,-0.502908377989397,0.789934341655939,0.00892544092932002,0.0514593759477139,0.357000971088807,-0.120377093129664,,-5.26670813560486,-0.0507174344330673,422,S.Darnold,346
Jim Bob Cooter__2015,Jim Bob Cooter,2015,465,0.841905432674789,0.867318774379299,-0.02541334170451,0.666920674418788,0.635607501896535,3.13131725222529,0.782767046395014,0.0271319763807508,0.0755253552108682,0.368853030666228,0.0338074858791608,0.013453527498639,0.0277666458443059,0.0763858244285148,291,M.Stafford,291
Jim Bob Cooter__2016,Jim Bob Cooter,2016,919,0.832760431050914,0.846033574937982,-0.0132731438870679,0.664191438258933,0.650964311883071,1.32271263758622,0.781528391118392,0.0230568718968901,0.0320729385327722,0.351861871560069,0.013453527498639,-0.0468369040884462,-0.509777978118024,0.0909330684212044,582,M.Stafford,582
Jim Bob Cooter__2017,Jim Bob Cooter,2017,821,0.833586555381732,0.842309253738749,-0.00872269835701711,0.665444296006426,0.656658967991081,0.878532801534515,0.786447218586105,0.0127067461745803,0.0085951627099412,0.355987151524327,-0.0468369040884462,-0.0418932062561632,1.27860458583391,0.0523829786580808,515,M.Stafford,515
Jim Bob Cooter__2018,Jim Bob Cooter,2018,804,0.84423394462834,0.852511819191123,-0.00827787456278284,0.65186637045987,0.646446490148828,0.541988031104224,0.805274574115398,0.0113122749659338,0.0404996881215135,0.361447893379636,-0.0418932062561632,,-2.13120001286761,-0.000647789123145315,464,M.Stafford,461
Joe Brady__2020,Joe Brady,2020,827,0.834057671691605,0.855801951958302,-0.0217442802666978,0.6678995768703,0.644903421553859,2.29961553164415,0.789893674108571,0.0172650519777638,0.00838352589357865,0.361568167256113,0.0398932136045814,-0.0738426541490911,3.68482628921131,0.0871545867697099,488,T.Bridgewater,448
Joe Brady__2021,Joe Brady,2021,636,0.836898503745553,0.859676300891007,-0.022777797145454,0.674125523609476,0.642232329726968,3.1893193882508,0.790615016839242,0.0192707046262949,0.0279589519959011,0.356910233848594,-0.0738426541490911,,-6.17336594965309,-0.112839908502785,356,S.Darnold,276
Joe Brady__2023,Joe Brady,2023,488,0.826597001326437,0.86050964300316,-0.0339126416767226,0.679834987549033,0.638880277022177,4.09547105268561,0.778734587916844,0.0266030596421755,0.0197338634399606,0.362482593349013,0.108590695894292,0.174913265587341,1.49800176316119,0.0958698877966707,261,J.Allen,261
Joe Brady__2024,Joe Brady,2024,1004,0.821614987022864,0.860582470073966,-0.0389674830511026,0.684294836822693,0.641480040626644,4.28147961960491,0.765213130851931,0.0277670677129422,0.0374584136590124,0.362973207114376,0.174913265587341,0.116113779740357,1.05583081135945,0.195564975629956,533,J.Allen,501
Joe Brady__2025,Joe Brady,2025,1005,0.832952915720714,0.863428806295726,-0.0304758905750118,0.667132956653234,0.636875944001173,3.02570126520609,0.775146715997888,0.0289215265243009,0.0348171035152169,0.379913633958024,0.116113779740357,,3.4529701315401,0.153088934729936,524,J.Allen,509
Joe Lombardi__2015,Joe Lombardi,2015,361,0.842671004979248,0.852526090532481,-0.009855085553233,0.658093236547568,0.648396506339393,0.969673020817474,0.798486397309582,0.0127756582437893,0.022535128730486,0.36918878229206,-0.150371707012605,,0.527803614162484,-0.0375025120988872,227,M.Stafford,227
Joe Lombardi__2021,Joe Lombardi,2021,963,0.825037169708161,0.85067554427419,-0.0256383745660286,0.675159453074303,0.648608136364299,2.6551316710004,0.783400092932252,0.0186411264161325,0.0343939166009303,0.354994356868206,0.0677033973906896,-0.00828016989981699,-1.32615654770226,0.139539375011412,608,J.Herbert,606
Joe Lombardi__2022,Joe Lombardi,2022,1050,0.82389440651576,0.85249717134115,-0.0286027648253898,0.667429469542319,0.64711654175304,2.03129277892788,0.772754135512851,0.0211413588911049,0.0475801298873765,0.349880572869664,-0.00828016989981699,,0.87677341765933,0.0173596851647237,689,J.Herbert,679
John DeFilippo__2015,John DeFilippo,2015,838,0.81070346553488,0.82819969030651,-0.0174962247716299,0.6773276748985,0.661636300423537,1.56913744749631,0.758359496706481,0.0165316794395961,0.0158564927932187,0.347098940970078,-0.0698907770077881,,-0.84393742837404,0.011295381291877,513,J.McCown,301
John DeFilippo__2018,John DeFilippo,2018,647,0.842533930376911,0.854528009865272,-0.0119940794883602,0.657218306930448,0.645695839865399,1.15224670650484,0.796615172988412,0.0170939013531641,0.0402380064521359,0.359029541474406,-0.0743089703853048,-0.0831172634340638,3.27997441533246,0.0120256543939869,429,K.Cousins,429
John DeFilippo__2019,John DeFilippo,2019,770,0.819073747888149,0.828820718226334,-0.00974697033818517,0.675379683519653,0.663012758381767,1.23669251378856,0.774468553353443,0.0153613610554262,0.0185986932802511,0.34062541191067,-0.0831172634340638,,-5.01029310747981,-0.0516586496931236,450,G.Minshew II,192
John Morton__2017,John Morton,2017,802,0.828817347615105,0.829906221287479,-0.00108887367237354,0.670204407469961,0.65939131876897,1.0813088700991,0.785573174843986,0.00963643632069333,0.0515207211275647,0.370087312269686,-0.0807675056512614,,2.32081601691787,-0.0119671307547408,440,J.McCown,377
John Morton__2025,John Morton,2025,350,0.854648514216565,0.855471056002799,-0.000822541786233866,0.65453945293152,0.644078757613748,1.04606953177719,0.821343576353882,0.00644822924286659,0.0708910108038357,0.382713355038847,0.126872289469815,,9.62918177672795,0.225079790101754,194,J.Goff,193
Jon Gruden__2018,Jon Gruden,2018,747,0.845762112029013,0.855893078873319,-0.0101309668443067,0.665060681199741,0.645659441297771,1.94012399019704,0.802825392279211,0.0137818078713948,0.00662443048783254,0.362887838229517,-0.0513704485768643,0.077751743235437,3.0011010941249,0.0386124538953742,444,D.Carr,444
Jon Gruden__2019,Jon Gruden,2019,767,0.836966292434582,0.863105748464536,-0.0261394560299539,0.671229209340527,0.639727752026572,3.15014573139545,0.795167263388744,0.0196915036993383,0.0364232321392449,0.351186768259887,0.077751743235437,0.0890305686714912,5.7367782831192,0.252531419053585,420,D.Carr,420
Jon Gruden__2020,Jon Gruden,2020,920,0.840942303055182,0.865504253051528,-0.0245619499963456,0.667256770258739,0.637306417474298,2.99503527844411,0.793044882586997,0.0220244540892348,0.0197232685983181,0.3661850489676,0.0890305686714912,-0.0194842658478152,2.45058910783969,0.191419071897493,519,D.Carr,491
Jon Gruden__2021,Jon Gruden,2021,314,0.825554142059522,0.841753903513207,-0.0161997614536846,0.674588711736883,0.65842153879173,1.6167172945153,0.776937282963999,0.0177081844900584,0.0398834654527485,0.3481009350793,-0.0194842658478152,,-0.00214318434397387,0.123172056134264,202,D.Carr,202
Josh Grizzard__2025,Josh Grizzard,2025,916,0.839197258981864,0.852601510416029,-0.013404251434165,0.659637314298612,0.645227720265509,1.44095940331029,0.798836924529002,0.0151273069100103,0.0378986681408887,0.365797517137952,0.0119621089047414,,-1.33750647702048,0.00492014510747828,496,B.Mayfield,496
Josh McDaniels__2015,Josh McDaniels,2015,834,0.821295365402763,0.852506669426709,-0.0312113040239459,0.68384462912143,0.645050023290776,3.87946058306545,0.769355728593936,0.0262430430374796,0.0781505751631244,0.387288504385119,0.0779621572053715,0.164372548341914,-1.49379635298694,0.140609445072624,574,T.Brady,573
Josh McDaniels__2016,Josh McDaniels,2016,769,0.845481833668116,0.854603968226705,-0.00912213455858957,0.664727127313179,0.644036425986075,2.06907013271042,0.808571620950959,0.011183174482341,0.0156154409535374,0.381682154396731,0.164372548341914,0.138730589427572,5.31249101565686,0.341366979488008,461,T.Brady,381
Josh McDaniels__2017,Josh McDaniels,2017,909,0.846539592524892,0.861792751072085,-0.0152531585471937,0.661475644598366,0.639264696446201,2.22109481521658,0.807870037227152,0.014460460302398,0.0309315391040609,0.376103463870595,0.138730589427572,0.125275004705207,3.57730733488933,0.236628719388174,575,T.Brady,573
Josh McDaniels__2018,Josh McDaniels,2018,971,0.854725318583209,0.871176852572292,-0.0164515339890827,0.652548400086856,0.633767742375956,1.87806577109002,0.81681817697867,0.0138055901537962,0.0012765796557761,0.380865101680451,0.125275004705207,-0.0265970315172714,0.557046383619308,0.202173478944272,575,T.Brady,573
Josh McDaniels__2019,Josh McDaniels,2019,767,0.806525072960149,0.826677078258636,-0.0201520052984873,0.673863908518256,0.657105967575193,1.67579409430628,0.750382215396325,0.0191876662392808,0.00142580568013342,0.353518583414763,-0.0265970315172714,0.0239316412885282,-4.54323960823959,0.0171284328611289,488,T.Brady,485
Josh McDaniels__2020,Josh McDaniels,2020,811,0.86230927286542,0.856868597911242,0.00544067495417866,0.655081104223469,0.64494772973907,1.01333744843983,0.830887029793969,0.00983197570417771,0.127473912609491,0.394425352683932,0.0239316412885282,-0.00832997569098808,-0.818878467123503,-0.0307273103918581,393,C.Newton,360
Josh McDaniels__2021,Josh McDaniels,2021,801,0.864332347994244,0.858029329677724,0.00630301831651992,0.657127807271966,0.644453672862863,1.26741344091027,0.83649078498726,0.00622775531277209,0.0787264480535752,0.385017017728083,-0.00832997569098808,0.00420654984047158,2.62292189151049,0.0570359175634167,432,M.Jones,429
Josh McDaniels__2022,Josh McDaniels,2022,947,0.827932454333575,0.849030836153304,-0.021098381819728,0.670552948418881,0.648931569933078,2.1621378485803,0.776633736827306,0.0208265198384494,0.0473760498850875,0.353175074216116,0.00420654984047158,-0.148958215005894,-1.86035316324137,0.0562080631564786,546,D.Carr,497
Josh McDaniels__2023,Josh McDaniels,2023,366,0.844147486854407,0.857184958690558,-0.0130374718361511,0.657288242216446,0.643840270705636,1.34479715108101,0.796615636295576,0.015402393431534,0.0143844813027017,0.361940700459024,-0.148958215005894,,-4.04949822292036,-0.102774694325817,213,J.Garoppolo,155
Josh McDaniels__2025,Josh McDaniels,2025,1009,0.829775380875846,0.857241845474795,-0.0274664645989491,0.668050676073635,0.639614461114712,2.84362149589231,0.777041785554816,0.0204575883188406,0.015670534640521,0.365247274827437,0.0762581516543229,,5.91180210167936,0.152953800595999,562,D.Maye,559
Kellen Moore__2019,Kellen Moore,2019,808,0.841302013467306,0.863969251271,-0.0226672378036944,0.670454932389376,0.641125007004933,2.93299253844431,0.788751376080643,0.0263831474539149,0.0289275812925679,0.348316693660056,0.0838792292989047,-0.0510771742701408,-0.0514976547232695,0.168125371929982,481,D.Prescott,480
Kellen Moore__2020,Kellen Moore,2020,926,0.8523692050827,0.860140678098711,-0.00777147301601056,0.654039841629563,0.642444790377098,1.15950512524645,0.814559850224574,0.011203429579543,0.0264853433209026,0.370581115706629,-0.0510771742701408,0.0873453187587124,-1.17806174582051,-0.0348131563978201,547,A.Dalton,284
Kellen Moore__2021,Kellen Moore,2021,913,0.843062238881754,0.854321595120707,-0.0112593562389538,0.662128028181154,0.646239210278111,1.58888179030431,0.805125388016327,0.0122923029311698,0.00193403578829535,0.366318814521748,0.0873453187587124,0.0305781650032788,1.53196390627019,0.165239910126286,568,D.Prescott,523
Kellen Moore__2022,Kellen Moore,2022,989,0.861290624005999,0.857633730596491,0.00365689340950826,0.63903590267095,0.641688966923858,-0.265306425290779,0.829431312427723,0.00840540988254945,0.0733216723579729,0.382574415710143,0.0305781650032788,-0.0519685139351847,-1.42532051282742,0.0817668734926925,516,D.Prescott,399
Kellen Moore__2023,Kellen Moore,2023,927,0.834070548867667,0.856061237958878,-0.0219906890912112,0.664404273655132,0.642409089119458,2.1995184535674,0.788096092144719,0.0179531127339942,0.0169542244562182,0.362155449477214,-0.0519685139351847,0.114593896581319,-1.50808989425231,0.0158787205881114,566,J.Herbert,430
Kellen Moore__2024,Kellen Moore,2024,1102,0.839739125024323,0.847843875755438,-0.00810475073111472,0.674617750333744,0.648809564554317,2.58081857794266,0.799984762249423,0.0146255025076507,0.0863329605985359,0.38552022151338,0.114593896581319,-0.0895104232410305,6.17085991637934,0.115388424607038,534,J.Hurts,450
Kellen Moore__2025,Kellen Moore,2025,838,0.835711375481879,0.8480433457007,-0.0123319702188207,0.66642261146474,0.650845100676835,1.55775107879048,0.791222830791613,0.0141792106592102,0.0351595547236946,0.359075556693683,-0.0895104232410305,,2.04002993368047,-0.0327285294637526,488,T.Shough,268
Ken Dorsey__2022,Ken Dorsey,2022,927,0.843031227335908,0.870728030401467,-0.0276968030655599,0.671648834676399,0.634734381125178,3.69144535512213,0.809251996128933,0.0183308140650407,0.0507671926592545,0.370644723970399,0.130899100879006,0.0974286643853605,2.18979712010803,0.158411108723527,578,J.Allen,578
Ken Dorsey__2023,Ken Dorsey,2023,483,0.840541281027087,0.859167276267562,-0.0186259952404751,0.664768703611817,0.64185525862923,2.2913444982587,0.797842495008103,0.0170913474228969,0.0364180200619481,0.365240319468096,0.0974286643853605,-0.194743086593442,7.54006906029056,0.153192304048073,298,J.Allen,298
Ken Dorsey__2024,Ken Dorsey,2024,466,0.827479985268181,0.832121931137595,-0.0046419458694138,0.662942764899716,0.65696964535914,0.597311954057567,0.776360092552706,0.0139690616419029,0.0178064353796033,0.360320319849278,-0.194743086593442,,-7.06099607492153,-0.237794574450827,281,J.Winston,235
Ken Whisenhunt__2015,Ken Whisenhunt,2015,348,0.847304272952124,0.852075818854259,-0.00477154590213569,0.653553869528269,0.64779705710742,0.575681242084858,0.805890837064428,0.00794777262377333,0.0211322741347483,0.36008086821985,-0.176157850120443,-0.00115469552133419,1.57006519739745,-0.234408188145812,204,M.Mariota,143
Ken Whisenhunt__2016,Ken Whisenhunt,2016,905,0.823226666675138,0.844731163852403,-0.0215044971772653,0.676449002208054,0.652095569959689,2.43534322483646,0.769732852411301,0.0192783783230746,0.00752345771420725,0.364970279102167,-0.00115469552133419,0.092200765732573,0.445577395193788,0.0840534576591731,560,P.Rivers,559
Ken Whisenhunt__2017,Ken Whisenhunt,2017,799,0.825717762066563,0.846561104482752,-0.0208433424161892,0.665335668646731,0.650650084743903,1.46855839028283,0.779446238888985,0.0147771348239248,0.00790722866790902,0.36107145413029,0.092200765732573,0.0903933158518485,0.689532468675085,0.203407959767099,503,P.Rivers,503
Ken Whisenhunt__2018,Ken Whisenhunt,2018,742,0.838612867628256,0.852923312451405,-0.0143104448231487,0.659211858664676,0.6479098741405,1.13019845241759,0.789161236886109,0.015859014838516,0.0117483316867982,0.372637029797482,0.0903933158518485,-0.0175227263619785,2.41847964667917,0.202114283412413,441,P.Rivers,440
Ken Whisenhunt__2019,Ken Whisenhunt,2019,422,0.818421240863181,0.836392178378331,-0.0179709375151503,0.676841667802554,0.65980111090876,1.70405568937934,0.768312847157863,0.0198560628063602,0.00154783516698537,0.342066651695713,-0.0175227263619785,,3.49589547840878,0.116725782580626,274,P.Rivers,274
Ken Zampese__2016,Ken Zampese,2016,855,0.841618767737746,0.853596759585037,-0.0119779918472905,0.65496996330873,0.646604767469863,0.83651958388673,0.797213629703887,0.013924785801255,0.0178696024749014,0.357036907517771,0.0523474313424802,-0.399317741264975,1.44009648977805,0.1077385820029,507,A.Dalton,507
Kevin O'Connell__2019,Kevin O'Connell,2019,480,0.819378613481788,0.83204851668899,-0.0126699032072027,0.681886546083115,0.656868498312673,2.50180477704427,0.774309975156506,0.0136190027108697,0.0769013164875408,0.358360223813603,-0.166399428155318,,-3.09960168573354,-0.180521584981334,258,D.Haskins,164
Kevin O'Connell__2022,Kevin O'Connell,2022,936,0.833316891341605,0.853190394998429,-0.0198735036568243,0.663688549384303,0.645820149958749,1.78683994255546,0.786775807379141,0.0173323563444511,0.0362757159253726,0.360828766440097,-0.0231155502040168,-0.0722303083977841,2.40167262571635,0.0177429569882426,608,K.Cousins,595
Kevin O'Connell__2023,Kevin O'Connell,2023,960,0.819578532093079,0.838492975650462,-0.0189144435573837,0.66836056227074,0.653864322377272,1.44962398934684,0.766342931079362,0.0197992795746973,0.0154402014877027,0.34401756102064,-0.0722303083977841,0.0301080295200921,2.80826300658562,-0.0302704674068162,602,K.Cousins,282
Kevin O'Connell__2024,Kevin O'Connell,2024,918,0.833196970434608,0.860911299259501,-0.0277143288248937,0.671326158122893,0.645240308338247,2.60858497846456,0.779923069527104,0.0262889053257281,0.0334175642506749,0.364738336591809,0.0301080295200921,-0.114360134328549,5.52848312520582,0.12004293994751,550,S.Darnold,546
Kevin O'Connell__2025,Kevin O'Connell,2025,761,0.836246773448359,0.844509741940646,-0.0082629684922868,0.662982105693104,0.649554889868642,1.34272158244625,0.789148827946114,0.0142795659672867,0.0244210713032667,0.354707613146806,-0.114360134328549,,-2.4929919654147,-0.180605208727794,435,J.McCarthy,229
Kevin Patullo__2025,Kevin Patullo,2025,903,0.851431632935098,0.843794395521425,0.00763723741367306,0.648866049418668,0.650672369537922,-0.180632011925364,0.816135713446586,0.00478957188860374,0.0292017592791703,0.387747355663565,0.0162164727631763,,2.17618603815978,0.0270031359378128,495,J.Hurts,454
Kevin Stefanski__2019,Kevin Stefanski,2019,832,0.84402880964768,0.849768065382369,-0.00573925573468914,0.664206823862565,0.649409958273535,1.47968655890305,0.802112377614769,0.0147342237730338,0.0708280302799092,0.383735094971668,0.0462446891247594,0.140470424609832,2.55483243144253,0.162643300617946,461,K.Cousins,438
Kevin Stefanski__2020,Kevin Stefanski,2020,864,0.85285862937599,0.865764012999379,-0.0129053836233892,0.656776866607715,0.639776855722623,1.70000108850911,0.81750520070273,0.0136966361742094,0.0201540984196104,0.380024955944262,0.140470424609832,0.0302639523206344,3.82519678898827,0.22929329371677,481,B.Mayfield,476
Kevin Stefanski__2021,Kevin Stefanski,2021,859,0.848416773858472,0.853790468501337,-0.00537369464286486,0.6563121059342,0.64507794888156,1.12341570526402,0.812256510224857,0.0103277944117426,0.0470393453578316,0.383993337245287,0.0302639523206344,-0.00200799515629503,-1.54732485636346,0.0107533890188724,468,B.Mayfield,411
Kevin Stefanski__2022,Kevin Stefanski,2022,941,0.845129965537312,0.849730323655772,-0.00460035811845938,0.656052416791894,0.647191167942042,0.886124884985218,0.799058226864143,0.0167607000422572,0.0838097098434896,0.385449275596109,-0.00200799515629503,-0.147982279478591,1.12884472352716,-0.0311001670156046,484,J.Brissett,326
Kevin Stefanski__2023,Kevin Stefanski,2023,959,0.835574397640702,0.846603242582928,-0.0110288449422261,0.660838692807375,0.649270593039149,1.15680997682263,0.78920881138985,0.0117090196322879,0.0282136307207713,0.379425283299994,-0.147982279478591,-0.246580490343274,-5.58688046032214,-0.179422526676802,557,J.Flacco,200
Kevin Stefanski__2024,Kevin Stefanski,2024,355,0.803454766939538,0.819419251713767,-0.0159644847742288,0.682720193746007,0.668569931454442,1.41502622915655,0.74674824796499,0.0155091772900681,0.0225697278609158,0.369230213965958,-0.246580490343274,-0.168062548472349,-4.44384249307776,-0.29409744795501,220,D.Watson,207
Kevin Stefanski__2025,Kevin Stefanski,2025,374,0.799433762386488,0.809430191446295,-0.00999642905980713,0.686207413151933,0.675261068293948,1.0946344857985,0.743358190274969,0.0133942495382626,0.0470612553112647,0.3489858930044,-0.168062548472349,,-4.88648275383796,-0.223059123741094,221,J.Flacco,134
Kliff Kingsbury__2019,Kliff Kingsbury,2019,811,0.841658130455275,0.842678548405966,-0.0010204179506913,0.657954150044452,0.651384733126648,0.656941691780466,0.804805291341863,0.00637015047752909,0.011699207053599,0.387748767586216,0.0121917035713764,0.0178074442792695,-0.18093556654258,0.0392135404700104,480,K.Murray,469
Kliff Kingsbury__2020,Kliff Kingsbury,2020,911,0.823037902136016,0.858456056046112,-0.0354181539100965,0.674430311918597,0.642030571780427,3.23997401381704,0.769210421906194,0.026875908518937,0.0200591468294156,0.363631554086959,0.0178074442792695,0.0624439290796227,1.77301885951467,0.0197127380950469,517,K.Murray,501
Kliff Kingsbury__2021,Kliff Kingsbury,2021,868,0.837249500801811,0.862769905653882,-0.0255204048520717,0.667081459784135,0.645889940345447,2.11915194386874,0.790871712947797,0.0217194581383702,0.018306877554184,0.356549641053076,0.0624439290796227,-0.0946969629771412,4.79573162605888,0.0976782457633707,521,K.Murray,432
Kliff Kingsbury__2022,Kliff Kingsbury,2022,932,0.813922821308338,0.843328868742089,-0.0294060474337506,0.683198838332569,0.65410957908501,2.90892592475597,0.754650649743739,0.0249825403715579,0.0202520202541556,0.348922678233472,-0.0946969629771412,,-1.50975021054444,-0.106339427846141,567,K.Murray,337
Kliff Kingsbury__2024,Kliff Kingsbury,2024,1007,0.817525834419065,0.8493805622442,-0.0318547278251343,0.687602067086274,0.650240957850799,3.7361109235475,0.771728241011309,0.0212077306745756,0.00405266972734056,0.36046120722694,0.107067631267036,-0.0151496913738193,3.04808142088756,0.134443086697927,544,J.Daniels,522
Kliff Kingsbury__2025,Kliff Kingsbury,2025,751,0.836430497983322,0.86168037556149,-0.0252498775781684,0.670499430093636,0.642473362589422,2.80260675042136,0.785686057098025,0.0230884508981675,0.0208126508622133,0.370144585665866,-0.0151496913738193,,0.0587602923898137,-0.02848809662032,392,M.Mariota,187
Klint Kubiak__2021,Klint Kubiak,2021,941,0.834306794950962,0.842127887465129,-0.00782109251416707,0.660591535718533,0.652493475082991,0.809806063554153,0.78746655579381,0.0150111502222129,0.0339947644142111,0.369838070928037,0.0645653652409341,-0.157926772796238,2.43648677361737,0.163457818620816,551,K.Cousins,538
Klint Kubiak__2022,Klint Kubiak,2022,396,0.851183687336905,0.846671826953652,0.00451186038325313,0.6497312176727,0.645512205276416,0.421901239628342,0.810988548414881,0.00492342884501273,0.0554803686235288,0.379429114775525,-0.157926772796238,,2.70502539144622,-0.270294664906218,218,R.Wilson,182
Klint Kubiak__2024,Klint Kubiak,2024,801,0.847733565433836,0.844702122196106,0.00303144323772953,0.661025581450617,0.648969458892841,1.20561225577756,0.812670991360495,0.0059252905407341,0.067115385834123,0.376078219961063,-0.0245450380651821,0.0439476877351296,-1.38266538174785,0.0149795775195755,439,D.Carr,265
Klint Kubiak__2025,Klint Kubiak,2025,869,0.85744835152439,0.857422829509366,2.55220150235935e-05,0.659922786031542,0.642895277173216,1.70275088583258,0.82159482200047,0.0102172364261656,0.0652133959106526,0.393417682125736,0.0439476877351296,,5.45640615090518,0.131605410991846,477,S.Darnold,476
Kyle Shanahan__2015,Kyle Shanahan,2015,959,0.842607040882924,0.852206470847349,-0.00959942996442531,0.663896995709918,0.645771803908017,1.81251918019013,0.802764611331011,0.0125904838665707,0.0064497808377114,0.360157545698696,-0.00624022152861734,0.222589561067431,-0.266268665474684,0.113852036348655,578,M.Ryan,578
Kyle Shanahan__2016,Kyle Shanahan,2016,841,0.853851334662743,0.863880708556865,-0.0100293738941226,0.650642805110584,0.640506043823734,1.01367612868501,0.815915737720212,0.0105049366104352,0.0466988080233229,0.386902288869289,0.222589561067431,-0.0750483375320021,7.89369557410905,0.329149299272398,528,M.Ryan,528
Kyle Shanahan__2017,Kyle Shanahan,2017,857,0.83228041630908,0.838809259867622,-0.00652884355854133,0.665808876750532,0.655415531239605,1.03933455109263,0.791107051045133,0.013163849777676,0.0234736197105367,0.358959074015865,-0.0750483375320021,-0.104193447096179,-2.9279035885784,-0.036305952252436,503,B.Hoyer,191
Kyle Shanahan__2018,Kyle Shanahan,2018,756,0.845281452413021,0.850304623028341,-0.00502317061531954,0.662706777741791,0.647902983513636,1.48037942281558,0.809163908602901,0.00825631175507036,0.0253808960003197,0.375767254916133,-0.104193447096179,0.0739484327658071,-4.47000632189331,-0.0191254084943479,428,N.Mullens,201
Kyle Shanahan__2019,Kyle Shanahan,2019,933,0.855175272914914,0.860675758693209,-0.00550048577829543,0.654823482166735,0.641457834213109,1.33656479536264,0.823288038840397,0.00869638532527051,0.0513094718640895,0.384481744663061,0.0739484327658071,-0.0554680009987277,1.62547004118984,0.139896902220503,501,J.Garoppolo,499
Kyle Shanahan__2020,Kyle Shanahan,2020,821,0.849088479209398,0.859123447935048,-0.0100349687256501,0.662769673137555,0.644252493839636,1.85171792979187,0.811409622236272,0.011612321429045,0.0747309179202938,0.367928808030925,-0.0554680009987277,0.0622985903246653,-2.60121385992309,-0.0158657785308377,449,N.Mullens,239
Kyle Shanahan__2021,Kyle Shanahan,2021,997,0.851093860709368,0.858113054649942,-0.00701919394057393,0.655536307330174,0.642187824073465,1.33484832567095,0.814657543236971,0.0100152331175307,0.0847962747291551,0.372868131423965,0.0622985903246653,0.100253460598936,0.35670606201434,0.167784771370632,527,J.Garoppolo,468
Kyle Shanahan__2022,Kyle Shanahan,2022,925,0.846161898272688,0.863967431446928,-0.0178055331742404,0.655220374363233,0.638272855057038,1.69475193061953,0.797550194460456,0.0188157890977868,0.0436991711806607,0.371357559505347,0.100253460598936,0.188025382201831,-0.692525004018854,0.204379585301497,513,J.Garoppolo,264
Kyle Shanahan__2023,Kyle Shanahan,2023,877,0.848993441604921,0.872175555094423,-0.0231821134895018,0.653242833570539,0.632622380938629,2.06204526319099,0.805218649020924,0.0182674804727813,0.0188968055366518,0.381010689087713,0.188025382201831,0.0825750979744722,2.49762978818682,0.271807111983046,492,B.Purdy,461
Kyle Shanahan__2024,Kyle Shanahan,2024,811,0.857527918189601,0.858834278822733,-0.00130636063313205,0.648408494651759,0.642851486168732,0.555700848302732,0.825528378213329,0.00697358234997814,0.0225054368183807,0.368073265705575,0.0825750979744722,0.0801379896676009,2.64468379409354,0.165015142686708,449,B.Purdy,393
Kyle Shanahan__2025,Kyle Shanahan,2025,989,0.843389011929625,0.862900717037167,-0.0195117051075415,0.664105269595006,0.639684721503845,2.44205480911609,0.800273549287304,0.0221822199743946,0.00847695102675984,0.368803171036036,0.0801379896676009,,4.33204567817681,0.185309784059615,569,B.Purdy,301
Liam Coen__2024,Liam Coen,2024,936,0.840265321906625,0.849884944640099,-0.00961962273347394,0.659125497802636,0.646447274880313,1.2678222922323,0.798568322527223,0.0124793368987252,0.01364977325862,0.362385370657166,0.108963264882752,0.0343343423266573,3.61113871794854,0.169704615586711,531,B.Mayfield,530
Liam Coen__2025,Liam Coen,2025,882,0.850126234233956,0.865170159795311,-0.015043925561355,0.651811665002433,0.641463407573031,1.03482574294019,0.803366261572037,0.016677067686518,0.0063315854997051,0.378603242151862,0.0343343423266573,,-1.5097294787043,0.0527283841173765,498,T.Lawrence,498
Luke Getsy__2022,Luke Getsy,2022,794,0.854767445011093,0.835762882922313,0.0190045620887805,0.645945735472625,0.653407975656535,-0.746224018390995,0.823514821050608,0.0040565853070631,0.130208257276105,0.413060971636616,-0.0231239238315196,-0.0293287187816559,-3.09641123359853,-0.141595355283987,335,J.Fields,309
Luke Getsy__2023,Luke Getsy,2023,884,0.841640425263976,0.840633706693607,0.00100671857036894,0.65416789920805,0.653565754292337,0.0602144915712422,0.801248410087503,0.0125351388023703,0.0502000230857555,0.387071943820804,-0.0293287187816559,-0.251360019276634,1.60084396756349,-0.0590511895412173,457,J.Fields,344
Luke Getsy__2024,Luke Getsy,2024,427,0.83589214104345,0.834427893120683,0.00146424792276734,0.669437759788354,0.661007809605207,0.842995018314696,0.794032416442492,0.00685183128988443,0.0563220122100598,0.379652699974717,-0.251360019276634,,0.225503706350558,-0.195665932917793,244,G.Minshew,209
Marc Trestman__2015,Marc Trestman,2015,1001,0.822907981584103,0.844681917512018,-0.0217739359279145,0.678514455855478,0.651860839414009,2.66536164414686,0.77441673537889,0.0174031309351925,0.00178615278476013,0.357008103024471,-0.0684919947923017,-0.100823686345204,0.239081974244078,0.00750011549313609,617,J.Flacco,415
Marc Trestman__2016,Marc Trestman,2016,347,0.841658125445246,0.847646547015575,-0.00598842157032931,0.660895154905661,0.644685948623876,1.62092062817852,0.801796333356566,0.0105292948026041,0.00337523595572206,0.346670882373791,-0.100823686345204,,-0.0201957248081609,-0.0926350881894473,227,J.Flacco,226
Marty Mornhinweg__2016,Marty Mornhinweg,2016,612,0.818921059898883,0.836180131562762,-0.0172590716638792,0.680906044626145,0.656630853856021,2.42751907701241,0.772959793330204,0.0161998940785444,0.035149840918047,0.337501704473706,-0.0585155376211026,-0.0680456866844756,-0.427588157316778,-0.0548321164440388,407,J.Flacco,406
Marty Mornhinweg__2017,Marty Mornhinweg,2017,812,0.826536848682778,0.841333655003747,-0.0147968063209691,0.671515644748427,0.654025924812948,1.74897199354789,0.776992262003053,0.0180171581321634,0.0208058099588149,0.365807729768636,-0.0680456866844756,0.00290713858262611,-1.57605742860414,-0.0898217518411331,485,J.Flacco,483
Marty Mornhinweg__2018,Marty Mornhinweg,2018,982,0.855323338468074,0.848125719090793,0.00719761937728092,0.652881478245,0.647511361750472,0.537011649452823,0.823814442319543,0.00635892770330127,0.0789290048455158,0.392986362227172,0.00290713858262611,,-4.27784601238263,0.0118120567567217,518,J.Flacco,328
Matt Canada__2021,Matt Canada,2021,883,0.822042703180494,0.835678686901203,-0.013635983720709,0.670021159457128,0.656960881627717,1.30602778294109,0.766730412778441,0.0192006767495033,0.0117566972160933,0.365114528504395,-0.0746820903335559,0.0213023550717088,-3.84416375013571,-0.0642488988507337,539,B.Roethlisberger,488
Matt Canada__2022,Matt Canada,2022,960,0.84298007093122,0.85461009652196,-0.0116300255907397,0.660067172529472,0.646443842230437,1.36233302990352,0.799571562649601,0.0159888477908524,0.0500676212017425,0.36139945165487,0.0213023550717088,-0.0959127385958632,0.733956312439565,0.0294581818001854,511,K.Pickett,321
Matt Canada__2023,Matt Canada,2023,515,0.838354543794327,0.834630818090248,0.00372372570407875,0.648114440145007,0.654108948650118,-0.599450850511152,0.795015011646198,0.010087390447363,0.0475157550816397,0.37267976461105,-0.0959127385958632,,-4.37270925921414,-0.147999933438312,284,K.Pickett,268
Matt LaFleur__2018,Matt LaFleur,2018,797,0.854050183734146,0.849296428385134,0.00475375534901168,0.648478969970026,0.648513878898768,-0.00349089287429161,0.814686036495859,0.01057828470119,0.0754543191366543,0.374751035250265,-0.028299057383266,0.0713082007463128,0.47907245621457,0.0212167855285424,408,M.Mariota,328
Matt LaFleur__2019,Matt LaFleur,2019,882,0.827703721420057,0.841598238194695,-0.0138945167746382,0.664064250945243,0.652958714951043,1.11055359942002,0.781670691947599,0.0164370366107437,0.0293262523520831,0.36302289697859,0.0713082007463128,0.235504503307555,1.12752222304961,0.138261077889698,550,A.Rodgers,550
Matt LaFleur__2020,Matt LaFleur,2020,829,0.868998942914697,0.882301662456635,-0.013302719541938,0.646132312175798,0.626476980612156,1.9655331563642,0.834767373850189,0.0146703140878968,0.0311851467492354,0.391554161366997,0.235504503307555,0.161226481114529,6.66127450344882,0.368332046896884,498,A.Rodgers,498
Matt LaFleur__2021,Matt LaFleur,2021,910,0.849993813309798,0.868682798898827,-0.0186889855890282,0.651132853127847,0.636252757280129,1.4880095847718,0.809649830478408,0.016546118087424,0.0303302907354229,0.378613670563305,0.161226481114529,-0.0359031375121875,4.86965106270659,0.225945536571556,552,A.Rodgers,281
Matt LaFleur__2022,Matt LaFleur,2022,867,0.842675400090199,0.855914062784506,-0.0132386626943073,0.662535424360618,0.644025652763705,1.85097715969133,0.797617955523293,0.0146413166870152,0.0350137641341904,0.377951257678464,-0.0359031375121875,0.0790606305478219,-0.142886319704221,-0.0549938312487669,502,A.Rodgers,499
Matt LaFleur__2023,Matt LaFleur,2023,975,0.848791297300351,0.860525495871602,-0.0117341985712515,0.656991729429385,0.639767059362916,1.72246700664689,0.808303121744641,0.0120684287486604,0.0168476503934617,0.372130864797494,0.0790606305478219,0.0620648356384124,1.26545038974954,0.183282001985186,554,J.Love,553
Matt LaFleur__2024,Matt LaFleur,2024,802,0.847295092910457,0.864222036874531,-0.0169269439640736,0.661120302238938,0.643097117692909,1.80231845460292,0.806262435772303,0.0170222993828424,0.116465788696918,0.388222901619729,0.0620648356384124,0.159916443943331,2.0825132727623,0.129901394441737,385,J.Love,332
Matt LaFleur__2025,Matt LaFleur,2025,933,0.842880885741766,0.866327890883378,-0.0234470051416121,0.665809059350318,0.637278325884127,2.85307334661911,0.798465496166039,0.0188947991263249,0.0397287011865251,0.379839841040832,0.159916443943331,,7.50042217657556,0.319476388855827,506,J.Love,462
Matt Nagy__2018,Matt Nagy,2018,915,0.838301352657389,0.852142885541137,-0.0138415328837482,0.660216615393163,0.645840114944158,1.43765004490048,0.79780035627714,0.015684825203472,0.000554674212398329,0.37300365515094,0.0253868130123555,-0.0830833839263973,1.56761693979512,0.0917478490741321,516,M.Trubisky,432
Matt Nagy__2019,Matt Nagy,2019,818,0.820679097919985,0.837024022270863,-0.0163449243508781,0.665492613653118,0.652643368030032,1.28492456230868,0.762262894022082,0.0212510012043138,0.000265810975672873,0.355713507675163,-0.0830833839263973,-0.106988733521694,-1.26110419139757,-0.0467061285538739,500,M.Trubisky,438
Matt Nagy__2020,Matt Nagy,2020,476,0.816005514117862,0.827907996302499,-0.0119024821846372,0.675820820495676,0.659858127675215,1.59626928204611,0.768167007942502,0.0134558108447521,0.00872106127002662,0.360311614959931,-0.106988733521694,-0.238815737719299,-1.45795272929328,-0.0821565088245898,307,N.Foles,220
Matt Patricia__2022,Matt Patricia,2022,816,0.84673878985304,0.847757028815124,-0.00101823896208464,0.655894626575431,0.64848796930059,0.740665727484069,0.804098444969313,0.0093571704909966,0.0260563095136747,0.38722756184528,-0.0223974118198716,,1.11084651889847,0.000466062001039951,466,M.Jones,393
Mike Kafka__2022,Mike Kafka,2022,936,0.828227625300955,0.844000264483406,-0.0157726391824503,0.666668737914828,0.649008496609986,1.76602413048418,0.783945795524289,0.0149945105691507,0.0431020487593404,0.379090945634386,0.0326796690178416,-0.168536761658877,1.66869575340025,0.0237649111874095,487,D.Jones,480
Mike Kafka__2023,Mike Kafka,2023,755,0.824023983375067,0.82758924223349,-0.00356525885842363,0.676891826730784,0.659885474816108,1.70063519146756,0.787038512087635,0.0103286114123269,0.0354536825852678,0.375753173962334,-0.168536761658877,,1.37568555864287,-0.157063985117044,401,T.Taylor,152
Mike Kafka__2025,Mike Kafka,2025,938,0.834807755141956,0.838789407977414,-0.00398165283545782,0.665066130934379,0.654885981612854,1.01801493215243,0.800486069369839,0.00913541513795169,0.0486011590117584,0.38331991170388,-0.0126224538280088,,-1.56394676445808,0.00766612105502026,490,J.Dart,311
Mike LaFleur__2021,Mike LaFleur,2021,716,0.830674438518123,0.844465351165978,-0.0137909126478555,0.669142850986595,0.650615133193939,1.85277177926557,0.783014664854362,0.0137384650934248,0.00670600143474579,0.377931175222777,-0.119150859623853,-0.110315868155346,-7.56996088153259,-0.169958515765587,404,Z.Wilson,300
Mike LaFleur__2022,Mike LaFleur,2022,896,0.801142729521998,0.815117632894603,-0.0139749033726051,0.678398512115659,0.668618622718276,0.977988939738361,0.747991655327936,0.0129103580344243,0.044368157745339,0.351729085984906,-0.110315868155346,,-5.74090782624141,-0.116139742869248,539,Z.Wilson,254
Mike McCarthy__2015,Mike McCarthy,2015,409,0.837589168620142,0.849607364564788,-0.0120181959446464,0.663839053290968,0.64979623593488,1.40428173560871,0.799936357617365,0.0128181646774753,0.00598829935480158,0.359120345002719,-0.0291121727175472,0.12457167927896,2.34728365459225,-0.0525282204426769,244,A.Rodgers,244
Mike McCarthy__2016,Mike McCarthy,2016,980,0.830218104466464,0.856843453970259,-0.0266253495037947,0.674600242175411,0.644381566937787,3.02186752376236,0.7799710167633,0.0219572256414814,0.0889604172992462,0.371446752502602,0.12457167927896,-0.0412481450791686,3.61095583882214,0.209225122118442,645,A.Rodgers,645
Mike McCarthy__2017,Mike McCarthy,2017,779,0.852676598639721,0.857313862467519,-0.0046372638277985,0.656550343654306,0.644428954713504,1.21213889408026,0.815601216965203,0.0118387285455018,0.0220347447021935,0.379118117808684,-0.0412481450791686,0.0558816852921979,-2.2936378386927,-0.0983360470562608,454,B.Hundley,262
Mike McCarthy__2018,Mike McCarthy,2018,650,0.83482389924866,0.846969098628111,-0.0121451993794509,0.664957240855641,0.649927095050154,1.50301458054875,0.791983568173667,0.0105109554550655,0.0470700023953731,0.360392780831227,0.0558816852921979,,-0.910262330508356,0.0787343861938288,427,A.Rodgers,417
Mike McCarthy__2023,Mike McCarthy,2023,765,0.845295594792753,0.862659805551822,-0.0173642107590686,0.672751068609157,0.642452363382384,3.02987052267729,0.814508160972348,0.0138450248636233,0.0245265020361913,0.376039786305693,0.0996655460944361,-0.0661904083793325,2.5303246947222,0.181591185338615,475,D.Prescott,475
Mike McCarthy__2024,Mike McCarthy,2024,846,0.847852948342324,0.839804403499796,0.00804854484252782,0.657398778876223,0.653883608459064,0.351517041715876,0.815655890228798,0.00422809431926829,0.0211687541828793,0.385304637843342,-0.0661904083793325,,-3.65090772636935,-0.00172363800936354,503,C.Rush,236
Mike McCoy__2017,Mike McCoy,2017,508,0.819870902129525,0.822834162757977,-0.00296326062845254,0.666982794507499,0.665986186015319,0.0996608492179307,0.77484256627148,0.0096155032010028,0.0348276951768267,0.36118615471472,-0.145917398434286,-0.364667361773421,-1.87568546150082,-0.11392310122337,287,T.Siemian,215
Mike McDaniel__2022,Mike McDaniel,2022,892,0.819964711054004,0.846202894166249,-0.0262381831122452,0.669112751101765,0.650479653451599,1.86330976501663,0.764519465726806,0.0200392339035148,0.00569388028985996,0.35919527245911,0.037027780359557,0.104966406876153,-0.987876900724723,0.0841186407671825,546,T.Tagovailoa,353
Mike McDaniel__2023,Mike McDaniel,2023,777,0.845500894127647,0.862155054030459,-0.0166541599028123,0.657258666878508,0.639141868604829,1.81167982736791,0.804430591315628,0.0146213842144864,0.0150396041907706,0.370690290790957,0.104966406876153,-0.0459230312653946,5.13712051324546,0.23576053169926,483,T.Tagovailoa,481
Mike McDaniel__2024,Mike McDaniel,2024,934,0.852197225993529,0.854504548970826,-0.00230732297729719,0.654596610289884,0.645713687252501,0.888292303738325,0.818971219545286,0.00912593141610163,0.0441587384335493,0.377648577269574,-0.0459230312653946,0.00487440485361645,3.02538744805983,0.0770432338494832,524,T.Tagovailoa,354
Mike McDaniel__2025,Mike McDaniel,2025,712,0.833767523077839,0.837030403712774,-0.00326288063493418,0.662370827521493,0.654562569704178,0.780825781731531,0.797216212460513,0.00738582991939163,0.0711389933660458,0.376713601265396,0.00487440485361645,,3.03118614436582,0.035206597501642,384,T.Tagovailoa,330
Mike Shula__2015,Mike Shula,2015,902,0.846376778676834,0.858195113857227,-0.0118183351803922,0.661384764685831,0.646049056483192,1.53357082026394,0.794754910917572,0.0153355313960645,0.0256563381946537,0.385144615203076,0.0754398749538158,-0.047047497784331,-2.178073472758,0.0885191682916688,487,C.Newton,486
Mike Shula__2016,Mike Shula,2016,816,0.841386296135362,0.841779936881266,-0.000393640745904089,0.660058992267435,0.656606061788613,0.345293047882178,0.80294611609333,0.00635761411976543,0.0465043710690796,0.374627649254513,-0.047047497784331,-0.0394049424089937,-4.69382520474441,-0.0378227403436004,457,C.Newton,426
Mike Shula__2017,Mike Shula,2017,951,0.839708923604548,0.846976782013992,-0.00726785840944366,0.656455220156042,0.648981442142555,0.747377801348625,0.801328857609431,0.0114315109128768,0.0465529613318284,0.366057836195037,-0.0394049424089937,,-3.0566626011944,-0.0134604652318686,514,C.Newton,511
Mike Sullivan__2017,Mike Sullivan,2017,591,0.845071952038556,0.847794928656655,-0.00272297661809839,0.672804293109975,0.64550517895273,2.7299114157245,0.801922563514425,0.0140608126894297,0.0338112314163932,0.381743869465317,-0.117944401207142,,-6.30069887386514,-0.143351918271069,331,E.Manning,300
Mike Sullivan__2023,Mike Sullivan,2023,382,0.831073479044681,0.841289279376307,-0.0102158003316255,0.670012688110229,0.648721832820999,2.12908552892306,0.783293442242863,0.0182438340665705,0.102803088997671,0.388983540744058,-0.0320576244811622,,4.73843124779788,0.0789115783693494,182,M.Rudolph,71
Nathaniel Hackett__2016,Nathaniel Hackett,2016,583,0.840419898483175,0.837923004970484,0.00249689351269078,0.651425780194,0.654456481447781,-0.303070125378102,0.804775039509002,0.00778180955844177,0.033502844055255,0.372241504464816,-0.140457054961207,-0.00913417249038578,-5.63697888719142,-0.141775325556672,325,B.Bortles,324
Nathaniel Hackett__2017,Nathaniel Hackett,2017,997,0.847521524498015,0.843138171167607,0.00438335333040851,0.651744247428947,0.65144669326223,0.0297554166716618,0.816277095857932,0.00444937998101025,0.0691112584640892,0.386003167647775,-0.00913417249038578,-0.0729636908467005,-4.95702775483279,0.00690592706950319,516,B.Bortles,514
Nathaniel Hackett__2018,Nathaniel Hackett,2018,567,0.833397071220361,0.8418524806011,-0.00845540938073885,0.668522001013667,0.652657261012563,1.58647400011035,0.79468545073321,0.0115175225614927,0.0293727472319385,0.356499017638399,-0.0729636908467005,,-5.98002145932594,-0.0588059756927434,315,B.Bortles,289
Nathaniel Hackett__2022,Nathaniel Hackett,2022,567,0.830272508260947,0.833690754579743,-0.00341824631879561,0.65642828002776,0.654882616956244,0.154566307151593,0.780405363679751,0.0150283357731907,0.00844979028314402,0.361410379879558,-0.101690694516693,-0.228756688646358,-3.93918299511688,-0.0796093615402064,338,R.Wilson,295
Nathaniel Hackett__2023,Nathaniel Hackett,2023,781,0.811781783059198,0.819249197920449,-0.00746741486125047,0.670694004756668,0.667005358939423,0.368864581724493,0.76016827872465,0.0117096375811413,0.0329511355747029,0.349100411749146,-0.228756688646358,-0.150458813965739,-5.2046738850796,-0.245764853711714,460,Z.Wilson,345
Nick Caley__2025,Nick Caley,2025,1048,0.832917127056277,0.847616224850825,-0.0146990977945478,0.676844879894331,0.650379026880265,2.64658530140653,0.792082467236544,0.0150037259700276,0.0240548796034667,0.356729253369405,-0.06969890718959,,-3.24770543433476,-0.0139942038472401,594,C.Stroud,442
Nick Sirianni__2021,Nick Sirianni,2021,371,0.852357324996305,0.854646896470711,-0.00228957147440578,0.657470193726017,0.646629366547674,1.08408271783432,0.817685519799649,0.00836873585912112,0.00995905040650375,0.386276651806427,0.0233338758490796,,-1.02219533049659,-0.0388294440454564,199,J.Hurts,198
Norv Turner__2015,Norv Turner,2015,887,0.813614680582646,0.852980861590163,-0.0393661810075171,0.692992117710453,0.647593347270191,4.53987704402613,0.771310022911128,0.0235994649638056,0.0695234648589352,0.351335380776558,-0.0113452335602876,-0.0799333211747775,3.57579581585585,0.00936110210605547,460,T.Bridgewater,452
Norv Turner__2016,Norv Turner,2016,335,0.815669879271417,0.83237268636649,-0.0167028070950739,0.691029028261077,0.663128465522263,2.79005627388144,0.769832031535621,0.0210196802334068,0.0230953424390572,0.366056000975086,-0.0799333211747775,,-0.312728413754266,0.00814287713175325,195,S.Bradford,164
Norv Turner__2018,Norv Turner,2018,839,0.850091537521261,0.858699140881494,-0.00860760336023247,0.651349715578566,0.642699218091998,0.865049748656821,0.81067841043471,0.0125834979051874,0.00829143980262681,0.372916132389291,0.079205605088481,-0.0463695237918769,2.16208526205808,0.093965688943822,498,C.Newton,433
Norv Turner__2019,Norv Turner,2019,651,0.832794835627261,0.846626490703559,-0.0138316550762981,0.666034293400685,0.649817434942208,1.62168584584775,0.784700923524684,0.0143145918127449,0.0104030318867227,0.350205434094285,-0.0463695237918769,,0.0786843050516781,-0.0299583706712899,410,K.Allen,318
Parks Frazier__2022,Parks Frazier,2022,407,0.847064435929071,0.855320819905669,-0.00825638397659811,0.656527852263852,0.64468260063698,1.18452516268728,0.804037795819981,0.0136524199504663,0.0726739028491611,0.357948130797549,-0.146530615521891,,-1.92669782963098,-0.135390272146661,219,M.Ryan,148
Pat Shurmur__2016,Pat Shurmur,2016,436,0.833125732726837,0.851279671155703,-0.0181539384288651,0.670399798287397,0.646779799158961,2.36199991284364,0.790646746203704,0.0160830298303658,0.012759136514516,0.352516981080995,-0.0198320494416309,0.0521788358854713,6.20487490318772,0.124284146510528,277,S.Bradford,274
Pat Shurmur__2017,Pat Shurmur,2017,895,0.841780061274158,0.856091817317759,-0.014311756043601,0.661287490073652,0.644958093768026,1.6329396305626,0.795780706329491,0.0179052469686115,0.0307248147506287,0.369248290168507,0.0521788358854713,-0.0323324372382819,3.6120336557231,0.172680982020996,505,C.Keenum,459
Pat Shurmur__2018,Pat Shurmur,2018,830,0.819961241320488,0.829868738781755,-0.00990749746126651,0.673701328962767,0.664229422634634,0.947190632813344,0.76932318688091,0.0162981077408921,0.0133767666856209,0.349804254064718,-0.0323324372382819,-0.0680589159764552,-0.136744609937582,-0.00237870926338132,514,E.Manning,513
Pat Shurmur__2019,Pat Shurmur,2019,817,0.816974780491458,0.829142286079866,-0.012167505588408,0.671044870522811,0.66133559037051,0.970928015230099,0.763440341067225,0.0137712604023116,0.00624317943028455,0.348986452310876,-0.0680589159764552,-0.0845410478336945,-1.95105785196954,-0.0642984802769377,506,D.Jones,391
Pat Shurmur__2020,Pat Shurmur,2020,782,0.848070591984179,0.845154450969763,0.00291614101441562,0.646645790916459,0.653280088819563,-0.663429790310366,0.808040031407268,0.00919853970921225,0.0493753512897303,0.371360062762066,-0.0845410478336945,0.000735641201560983,-4.05872402533057,-0.0771269900708068,431,D.Lock,349
Pat Shurmur__2021,Pat Shurmur,2021,760,0.834546251732437,0.843706937146181,-0.00916068541374415,0.660764418537358,0.652183991317046,0.858042722031194,0.79158115863828,0.0145752094655076,0.0428316397886524,0.366037220272579,0.000735641201560983,,1.92876646681408,0.0221750554055145,437,T.Bridgewater,341
Pep Hamilton__2015,Pep Hamilton,2015,437,0.816537095382939,0.837081016215636,-0.0205439208326976,0.686429206888959,0.662901834991091,2.35273718978678,0.766272884444673,0.0186797897595207,0.0130669884127937,0.35315593173493,-0.124764502118375,,-5.2816104129249,-0.0987339633031026,271,A.Luck,193
Pep Hamilton__2022,Pep Hamilton,2022,766,0.846892722698661,0.847520917547732,-0.000628194849070951,0.646950296399536,0.645363092256912,0.158720414262492,0.806152194697709,0.00846348557842536,0.0398773664399476,0.383293153470085,-0.208750899184273,,-5.08589760273465,-0.199684948381292,427,D.Mills,373
Pete Carmichael__2022,Pete Carmichael,2022,880,0.843306186659549,0.850632891100175,-0.00732670444062544,0.659323263733007,0.645531467899317,1.37917958336901,0.800604412874953,0.0167193563080449,0.0885565571571615,0.371789282331751,-0.0467286672673281,-0.0301543017864112,0.931059251846883,0.0209442796625782,467,A.Dalton,340
Pete Carmichael__2023,Pete Carmichael,2023,906,0.823458222163523,0.841830342335492,-0.018372120171969,0.670786146584964,0.650922177900233,1.98639686847313,0.775283540944727,0.0175587322047958,0.0303688174561818,0.355888263501276,-0.0301543017864112,,1.201800247807,0.0136148451075606,539,D.Carr,492
Press Taylor__2023,Press Taylor,2023,900,0.830723846550964,0.852674536182404,-0.0219506896314399,0.676042777870138,0.647077555191506,2.89652226786322,0.784768057221134,0.018935170099052,0.0197216212666697,0.356427719303303,-0.0662937128756806,-0.0243776224642001,2.41332858198821,0.0305529026046858,539,T.Lawrence,499
Press Taylor__2024,Press Taylor,2024,809,0.826782502603581,0.849100950839213,-0.0223184482356327,0.670140074486907,0.647399214035132,2.27408604517746,0.768449034976523,0.0227905238555636,0.0354058972947824,0.348331217620665,-0.0243776224642001,,-0.124093001099362,0.0388787427970214,462,T.Lawrence,234
Randy Fichtner__2018,Randy Fichtner,2018,946,0.824634121049687,0.86588082504877,-0.0412467039990829,0.682116643268724,0.638206204104528,4.3910439164196,0.768323319292056,0.0282574201796214,0.091391332699557,0.355037477426625,0.0980365089560392,-0.153838833548941,1.48956027081712,0.191725541425826,662,B.Roethlisberger,650
Randy Fichtner__2019,Randy Fichtner,2019,830,0.828061809337996,0.833583599346393,-0.00552179000839637,0.667347631818702,0.659267515876486,0.808011594221647,0.778814140098347,0.0129145372193565,0.0399340074913327,0.354436951238348,-0.153838833548941,-0.00622353471948127,-0.595223631762779,-0.0719830644756002,473,M.Rudolph,278
Randy Fichtner__2020,Randy Fichtner,2020,868,0.824147672137312,0.844111644007168,-0.0199639718698562,0.675939118978573,0.651261119450826,2.46779995277471,0.772969052625589,0.0196386965883308,0.0725339646129291,0.376003893032189,-0.00622353471948127,,-1.82308488939371,0.0729945972205071,593,B.Roethlisberger,556
Rich Scangarello__2019,Rich Scangarello,2019,812,0.838735359193028,0.850866154578669,-0.0121307953856408,0.670166767103303,0.649787451313646,2.03793157896568,0.792196056651303,0.0176501545518811,0.0375616549527997,0.370385578425207,-0.0635168499780088,,-0.260433428305343,-0.023292321283592,455,J.Flacco,243
Rick Dennison__2017,Rick Dennison,2017,868,0.845779332061856,0.826263786542229,0.0195155455196273,0.647852465276968,0.660565097842151,-1.27126325651832,0.812385448875343,0.00325371667575736,0.0725423717004363,0.381542547541555,-0.0590635439072635,,0.112878571233482,-0.0209838361153591,440,T.Taylor,414
Rob Boras__2016,Rob Boras,2016,754,0.828318980842994,0.835567562456512,-0.00724858161351794,0.660609185313359,0.653610617817565,0.699856749579364,0.768311657247689,0.0152005809618305,0.0161754103273707,0.362207945772207,-0.199041838241266,,-5.74441479146481,-0.217990923969464,440,C.Keenum,311
Rob Chudzinski__2015,Rob Chudzinski,2015,458,0.830120141943104,0.834613369216007,-0.00449322727290313,0.66528427130137,0.655590969952713,0.969330134865676,0.788969158178794,0.00963701633278025,0.0280262140239951,0.363207642411951,-0.0906580191891234,0.027273327721843,-5.07763983607292,-0.0082121087411099,274,M.Hasselbeck,179
Rob Chudzinski__2016,Rob Chudzinski,2016,870,0.848398175213325,0.867675776013907,-0.0192776008005818,0.660406583315693,0.640803480551173,1.960310276452,0.80740828869076,0.0151437541245302,0.0473202199343293,0.363420476798696,0.027273327721843,-0.0950856706700832,0.545124432094664,0.0580150972214003,541,A.Luck,524
Rob Chudzinski__2017,Rob Chudzinski,2017,823,0.82796033492272,0.828319270200513,-0.000358935277793182,0.665052988474312,0.658748310234898,0.630467823941383,0.783066536971089,0.010143080707899,0.0563095636204123,0.364476066621367,-0.0950856706700832,,-4.34060550778715,-0.0648564162993127,436,J.Brissett,422
Ryan Grubb__2024,Ryan Grubb,2024,893,0.838489966879056,0.849149892954973,-0.0106599260759171,0.666900187537452,0.649868182439232,1.70320050982202,0.799222583447291,0.00985367823535821,0.00769772880355021,0.362782762055301,-0.0350307008433203,,5.16356712252629,0.0235905646498939,554,G.Smith,546
Scott Linehan__2015,Scott Linehan,2015,840,0.837009671310509,0.851736441952782,-0.0147267706422726,0.661003433504917,0.646062553378646,1.49408801262707,0.789482019692253,0.02042239290824,0.066796539901268,0.350698957734165,-0.104612089911271,0.132780639870648,-1.4243769888268,-0.108325317788131,463,M.Cassel,185
Scott Linehan__2016,Scott Linehan,2016,912,0.846129118111769,0.863280632920112,-0.0171515148083431,0.658319909261159,0.640681322628804,1.76385866323556,0.800941110694295,0.0204726618251468,0.0372893965656036,0.364811352617516,0.132780639870648,0.0261800388249679,2.80516238568665,0.178586584439696,491,D.Prescott,467
Scott Linehan__2017,Scott Linehan,2017,805,0.835577978350906,0.854649935610537,-0.0190719572596311,0.666090028171252,0.641395837222267,2.46941909489857,0.787259621821614,0.020425260832552,0.064950155064186,0.355121527288271,0.0261800388249679,0.0127873311302146,-1.13509308952124,-0.00274115124353974,415,D.Prescott,415
Scott Linehan__2018,Scott Linehan,2018,998,0.846105134507566,0.858135889665049,-0.0120307551574834,0.653335496157404,0.643296303131919,1.00391930254842,0.792500055930902,0.0262705232360918,0.0220115030919741,0.354961359690509,0.0127873311302146,,1.43498295885172,0.0677107238856527,573,D.Prescott,573
Scott Turner__2020,Scott Turner,2020,842,0.823503119827696,0.843669941938397,-0.0201668221107006,0.666103954296792,0.652470352517987,1.3633601778805,0.77661831793469,0.0173387021292526,0.0155200006931383,0.353339294418516,-0.092727613106713,-0.0375215363068943,-1.75360024747787,-0.121561973205894,530,A.Smith,251
Scott Turner__2021,Scott Turner,2021,880,0.855113104817637,0.862566684107415,-0.00745357928977841,0.648934536059319,0.635841121338781,1.30934147205385,0.821705737307345,0.0130069588538755,0.0310339131646535,0.367809527960013,-0.0375215363068943,-0.0702901041871694,1.86702680492073,-0.0354084659908559,477,T.Heinicke,439
Scott Turner__2022,Scott Turner,2022,958,0.86046829538672,0.85951193163726,0.000956363749460176,0.644959322185905,0.641646216255441,0.331310593046397,0.829995419036499,0.00885920091447301,0.0930885053502245,0.381117497051683,-0.0702901041871694,,-0.656082020756208,-0.0859392309419931,485,T.Heinicke,261
Scott Turner__2024,Scott Turner,2024,430,0.837219582475552,0.843409985642886,-0.0061904031673341,0.67129236129783,0.650353575096711,2.09387862011191,0.806707927074115,0.00676875078110606,0.00727412704118459,0.3694269473123,-0.10659368111951,,-5.24741521146563,-0.0899439672848846,260,A.O'Connell,147
Sean McVay__2015,Sean McVay,2015,857,0.843510806876894,0.849692922413946,-0.00618211553705172,0.657945376926204,0.650172378004013,0.777299892219152,0.795438003861341,0.0162799869584809,0.0176652949368588,0.376238401414111,0.0529671300561727,0.0968873051051879,6.42827942297341,0.186692365350792,492,K.Cousins,482
Sean McVay__2016,Sean McVay,2016,935,0.83612566095121,0.859138806189252,-0.0230131452380428,0.661920701587388,0.642310229047133,1.96104725402549,0.790132330139313,0.017297500170692,0.0122271227804735,0.370368793096772,0.0968873051051879,0.0437327224722619,4.5826981772076,0.19559943304121,583,K.Cousins,582
Sean McVay__2017,Sean McVay,2017,767,0.833483215268956,0.838233946581667,-0.00475073131271053,0.662685775502661,0.654202630239174,0.848314526348748,0.788433453132259,0.00670234477954013,0.018480397751154,0.373453283655752,0.0437327224722619,0.121770685942452,-1.98786412072075,0.123116198859774,474,J.Goff,451
Sean McVay__2018,Sean McVay,2018,966,0.844203261409885,0.866639488162005,-0.0224362267521195,0.669249301283817,0.636858423870901,3.23908774129159,0.795714651234324,0.0194946633705071,0.0213111785103569,0.370210652256975,0.121770685942452,0.00714978534720113,-0.848862023031624,0.153298310997335,600,J.Goff,595
Sean McVay__2019,Sean McVay,2019,844,0.834369336480422,0.845493617816908,-0.0111242813364858,0.675098171492867,0.653537446685209,2.15607248076583,0.787133284580634,0.0144798054441512,0.0213213786968334,0.362661795686242,0.00714978534720113,-0.00970646834434788,-2.07053434162859,0.101610285912715,535,J.Goff,532
Sean McVay__2020,Sean McVay,2020,999,0.835277659629816,0.851220164428838,-0.0159425047990215,0.676957575578106,0.645329686884702,3.16278886934043,0.791557583014688,0.0116508173194209,0.00339100213797854,0.380997312155452,-0.00970646834434788,0.0527743664329571,0.640557672744407,0.022150592943937,586,J.Goff,541
Sean McVay__2021,Sean McVay,2021,968,0.835683079729776,0.855879758626816,-0.0201966788970391,0.66403705778813,0.643747538289843,2.02895194982869,0.786457719348876,0.0164575682322287,0.0295848802640296,0.365669791063309,0.0527743664329571,-0.0857880016643506,0.555065051755971,0.169327332448626,617,M.Stafford,614
Sean McVay__2022,Sean McVay,2022,755,0.845812941866507,0.838347470882301,0.00746547098420514,0.661227828629867,0.652482509086706,0.874531954316105,0.809684240673539,0.00512621726856588,0.0352143788673233,0.384809015099181,-0.0857880016643506,0.0615640301905802,-3.44429710327484,-0.111002759821001,437,M.Stafford,255
Sean McVay__2023,Sean McVay,2023,939,0.839770476749503,0.85656600242963,-0.0167955256801277,0.666799482765494,0.640296817595426,2.65026651700684,0.801131392715368,0.0139419595701722,0.0135554092379804,0.377378322160282,0.0615640301905802,0.0159516899537778,-1.92066568410946,0.123036938326894,556,M.Stafford,507
Sean McVay__2024,Sean McVay,2024,1046,0.857762374800184,0.858770878196297,-0.00100850339611347,0.652495333337594,0.642486483261268,1.00088500763257,0.825814446619755,0.00741495716870722,0.0310204493035038,0.38504392995248,0.0159516899537778,0.13342322819323,-0.735609473720674,0.0755039072604145,607,M.Stafford,562
Sean McVay__2025,Sean McVay,2025,976,0.865324273266285,0.882726070495176,-0.0174017972288917,0.643820159343674,0.626361941830239,1.74582175134355,0.827588559307058,0.0152577035172422,0.0315440650494983,0.384028359843021,0.13342322819323,,0.188864343661497,0.239594943889635,611,M.Stafford,611
Sean Payton__2015,Sean Payton,2015,902,0.820865155456532,0.844012479118138,-0.0231473236616057,0.677605191038408,0.654204033820738,2.34011572176699,0.769277043435976,0.0234595756653898,0.0259315193839321,0.360166301806261,0.119046279482437,0.0734126238848767,3.84237074387678,0.239453534572083,579,D.Brees,543
Sean Payton__2016,Sean Payton,2016,925,0.851269857039967,0.867218330094588,-0.0159484730546208,0.650443148968281,0.637053102396081,1.33900465721992,0.808911675892889,0.0160402150492215,0.022121948583706,0.372585575870566,0.0734126238848767,0.124002990831992,4.32824044885601,0.166245081793756,586,D.Brees,586
Sean Payton__2017,Sean Payton,2017,810,0.850210549102779,0.863414463802175,-0.0132039146993956,0.659790145932451,0.638845962581173,2.09441833512777,0.809631759160106,0.0141828858665528,0.00877288142104209,0.373501420205022,0.124002990831992,0.0927867868254593,2.78752770531794,0.220107774888848,488,D.Brees,487
Sean Payton__2018,Sean Payton,2018,904,0.856732813562816,0.869219451568088,-0.0124866380052721,0.654391208244661,0.636204898428643,1.81863098160181,0.82086910660825,0.0141799051109719,0.00085569778045192,0.379941596229256,0.0927867868254593,0.0772151983151494,4.26861245244269,0.206437116153382,535,D.Brees,515
Sean Payton__2019,Sean Payton,2019,850,0.841344315638893,0.859572432280175,-0.0182281166412817,0.658558161506052,0.640174811449671,1.83833500563803,0.792804393590301,0.0188824314100372,0.030032404038836,0.361487569204148,0.0772151983151494,0.0822959244051445,3.71571575833624,0.137479637241018,534,D.Brees,342
Sean Payton__2020,Sean Payton,2020,917,0.848843367806133,0.858528622824971,-0.00968525501883821,0.651330491701953,0.64089789003332,1.04326016686327,0.809073648707523,0.0115986833601499,0.0341526251956577,0.371231831171455,0.0822959244051445,-0.0859014378401338,1.22633070839562,0.11519651256826,529,D.Brees,407
Sean Payton__2021,Sean Payton,2021,860,0.830867556909209,0.835777302932045,-0.00490974602283589,0.667014028727519,0.655722483165386,1.12915455621334,0.785746019561652,0.00985568401130288,0.0590647777759059,0.382232617318284,-0.0859014378401338,,-6.64013217389584,-0.0787326945045086,451,J.Winston,161
Sean Payton__2023,Sean Payton,2023,842,0.851131632858849,0.851106348804899,2.52840539499699e-05,0.649324562074897,0.647589130559677,0.173543151521982,0.81253746462964,0.0116104492551107,0.0385494851407699,0.365922306485103,-0.0534811648512349,0.0043934151661816,3.92901973817686,-0.0450089494430386,472,R.Wilson,409
Sean Payton__2024,Sean Payton,2024,816,0.827412745512702,0.841169591768044,-0.0137568462553421,0.670333546441902,0.651830525915353,1.85030205265488,0.780076162697483,0.0163459057562665,0.000568972325281176,0.371655173280149,0.0043934151661816,0.0327206996804697,-0.224076621576186,0.050595329768031,473,B.Nix,471
Sean Payton__2025,Sean Payton,2025,1015,0.825022085273218,0.847972914676025,-0.0229508294028077,0.668379710906807,0.64748981386892,2.08898970378869,0.772820396035757,0.0196388609984969,0.00335072575531576,0.357889008551396,0.0327206996804697,,-1.46026649316723,0.0598714800635785,610,B.Nix,574
Shane Steichen__2019,Shane Steichen,2019,432,0.841500545267729,0.864666662210167,-0.0231661169424373,0.669572703161916,0.641736368116971,2.78363350449448,0.799230260949557,0.0198723538848077,0.0296933028364071,0.343742542072303,0.0210376862195406,0.0409831000385143,4.14932452617808,0.0540573914773139,263,P.Rivers,263
Shane Steichen__2020,Shane Steichen,2020,961,0.830536582485537,0.856255017248326,-0.0257184347627885,0.665400264238347,0.644938917766162,2.04613464721847,0.781226713406992,0.0205945070733278,0.0280135099026961,0.35903497941164,0.0409831000385143,0.0506640511012501,1.64831958086635,0.179153385179862,553,J.Herbert,520
Shane Steichen__2021,Shane Steichen,2021,439,0.864753780492437,0.873000723204763,-0.00824694271232529,0.642460715153131,0.634759485052707,0.770123010042356,0.837879356167297,0.00991137367158057,0.0957424172236328,0.398877678400835,0.0506640511012501,0.145849950559678,-0.170005257217046,0.0287148541662477,211,J.Hurts,157
Shane Steichen__2022,Shane Steichen,2022,952,0.837976831744678,0.859998191698082,-0.0220213599534047,0.67406135195646,0.641022871097715,3.30384808587447,0.784291232518064,0.0255757746884338,0.0259536545833244,0.389847312693899,0.145849950559678,-0.0196224243372647,3.93335706034264,0.209861624646931,521,J.Hurts,445
Shane Steichen__2023,Shane Steichen,2023,945,0.817095953287328,0.852397606381074,-0.0353016530937462,0.680700349179488,0.645112458782862,3.55878903966255,0.762601819310831,0.0210192280512799,0.045440110761337,0.375426209690394,-0.0196224243372647,-0.0680629253807689,-3.67403852217125,0.0289194117934784,520,G.Minshew,438
Shane Steichen__2024,Shane Steichen,2024,941,0.840564820525045,0.849736796362002,-0.00917197583695661,0.669402125513704,0.646805601782177,2.25965237315273,0.79983149882879,0.0113402178393944,0.0893212446307527,0.389926964747665,-0.0680629253807689,0.0410127682875789,-6.13495837145322,-0.068103447591079,485,J.Flacco,247
Shane Steichen__2025,Shane Steichen,2025,828,0.835685347584529,0.858726711827382,-0.0230413642428533,0.675484197549753,0.642195830447072,3.32883671026812,0.78728564410335,0.0181159068936992,0.0128739979568024,0.387202993845162,0.0410127682875789,,0.790504420842598,0.0849580329622705,472,D.Jones,331
Shane Waldron__2021,Shane Waldron,2021,807,0.834323926094798,0.844035463194095,-0.0097115370992974,0.656283328777088,0.648494226223946,0.778910255314136,0.784788271453563,0.011724271193616,0.0322204820599402,0.360267942104272,0.030412978788933,-0.0102550768096972,3.66339993578881,0.0288853122435709,465,R.Wilson,377
Shane Waldron__2022,Shane Waldron,2022,914,0.849435010998149,0.860338657470436,-0.0109036464722866,0.662457272145641,0.640963968925276,2.1493303220365,0.811039720078562,0.0114765279051646,0.0173321336882772,0.380611129977314,-0.0102550768096972,0.0270028034772937,4.71853384604821,0.048299889516366,539,G.Smith,538
Shane Waldron__2023,Shane Waldron,2023,886,0.82184286581631,0.847418153229929,-0.0255752874136194,0.675728135690105,0.645877003869431,2.98511318206739,0.776087407889586,0.0190043547666768,0.00151455611764176,0.34334368540424,0.0270028034772937,-0.134208628527125,1.08741392089863,0.0697175730650817,545,G.Smith,481
Shane Waldron__2024,Shane Waldron,2024,479,0.819230483301152,0.828881162148497,-0.00965067884734494,0.667309109419627,0.661687170427541,0.562193899208596,0.772107729344283,0.0111044824016483,0.044024935906018,0.358226588909711,-0.134208628527125,,-1.73540572597556,-0.195076857826112,274,C.Williams,274
Steve Sarkisian__2017,Steve Sarkisian,2017,971,0.842542952826739,0.84665249874928,-0.00410954592254043,0.642787310419471,0.648765626600362,-0.597831618089106,0.797726497586371,0.015890876417365,0.0312742331093052,0.36501678463789,0.0268684965600813,0.0729985006713556,2.14279326420386,0.114288203640872,550,M.Ryan,549
Steve Sarkisian__2018,Steve Sarkisian,2018,785,0.833753317844071,0.850738191873505,-0.0169848740294349,0.668425519027865,0.645233398842143,2.31921201857226,0.787886201513424,0.0193336346127898,0.0341042587142082,0.371464215779001,0.0729985006713556,,4.64053120841539,0.192568403357947,501,M.Ryan,499
Tanner Engstrand__2025,Tanner Engstrand,2025,646,0.826191902883232,0.818430969137623,0.00776093374560949,0.668169494453203,0.665809915261199,0.235957919200402,0.783767991958219,0.00484478749151296,0.108237366246827,0.367413182342108,-0.172052502675845,,-5.32183069240005,-0.247594104860889,316,J.Fields,165
Terry Robiskie__2016,Terry Robiskie,2016,842,0.844784030738849,0.846831472144742,-0.00204744140589264,0.654258272405117,0.652967143901611,0.129112850350532,0.806074876923355,0.0090796210448435,0.0772222577109756,0.369913045201902,0.036601461038059,-0.0593633874296611,0.108267265122113,0.0920821054261855,441,M.Mariota,407
Terry Robiskie__2017,Terry Robiskie,2017,955,0.849498372303296,0.845364062834369,0.00413430946892668,0.641141776999716,0.650809616553778,-0.966783955406203,0.807719936463604,0.0105932697270097,0.0461442412116141,0.369649138898438,-0.0593633874296611,,1.63033242026965,-0.0377935624154111,524,M.Mariota,487
Thomas Brown__2023,Thomas Brown,2023,497,0.833084408790087,0.834775204463732,-0.00169079567364472,0.66359863567723,0.656134907640951,0.746372803627904,0.793501315629844,0.00887158905733509,0.0897764449927888,0.372980602700226,-0.194369118505426,-0.176891072288433,-3.38189104735027,-0.24746386124001,262,B.Young,262
Thomas Brown__2024,Thomas Brown,2024,339,0.798249524810959,0.807214461994008,-0.0089649371830488,0.676048846103994,0.672330731743301,0.371811436069336,0.746691457125625,0.0122086575995355,0.033559793216289,0.33851412105701,-0.176891072288433,,-2.36221546341914,-0.172673831981895,193,C.Williams,191
Tim Kelly__2020,Tim Kelly,2020,753,0.833592700944602,0.858113760670532,-0.0245210597259304,0.669847541583065,0.642482880066937,2.73646615161285,0.77966094835588,0.0247480633836354,0.0672846173405014,0.356501104990404,0.0877570090560322,-0.108446765536396,5.78350827893082,0.211163298124275,483,D.Watson,481
Tim Kelly__2021,Tim Kelly,2021,719,0.843117437317635,0.843335627213051,-0.000218189895416665,0.664802278145218,0.654420352902504,1.0381925242715,0.805935122991454,0.0112563431177395,0.0554934039774126,0.374588299837995,-0.108446765536396,,-1.63344223248331,-0.033592654971725,383,D.Mills,241
Tim Kelly__2023,Tim Kelly,2023,863,0.840848386800796,0.836218859152607,0.00462952764818891,0.641352313699225,0.653059417092014,-1.17071033927892,0.79786582204094,0.0116075652395058,0.0542473993841494,0.37457869432409,-0.0490081295979101,,0.155108629203424,-0.0569684742161289,471,W.Levis,249
Todd Downing__2017,Todd Downing,2017,765,0.837235530765054,0.834048490314335,0.00318704045071883,0.651318742602828,0.658284718277481,-0.696597567465329,0.79137643613517,0.00969036767579401,0.048059379177935,0.364212125208643,-0.064677394774621,,-0.712431917469369,0.0519373520562457,443,D.Carr,400
Todd Downing__2021,Todd Downing,2021,1020,0.837049209321382,0.843607329645338,-0.00655812032395553,0.670115678067542,0.653472364363307,1.66433137042342,0.798280807129324,0.0166984274490323,0.0848571386115223,0.3757947134621,0.0185084075517902,-0.0307981131128574,3.66549339206492,0.0846212274524602,539,R.Tannehill,535
Todd Downing__2022,Todd Downing,2022,862,0.829696312897514,0.837938041765598,-0.00824172886808372,0.678784932620678,0.651963354904636,2.68215777160413,0.795106577494522,0.0137982475190399,0.106437791026524,0.382394689573904,-0.0307981131128574,,0.713588912335655,-0.00283345014136749,439,R.Tannehill,315
Todd Downing__2024,Todd Downing,2024,643,0.843384490464968,0.853061292850784,-0.0096768023858167,0.652708864157737,0.645294778947534,0.741408521020304,0.80276927414424,0.0132714389424535,0.0131651501042384,0.375025470041515,0.0200491104088787,,-2.12300409955427,0.0754694879462637,398,A.Rodgers,397
Todd Haley__2015,Todd Haley,2015,965,0.85239488842152,0.861576850417006,-0.00918196199548571,0.657010620438062,0.640684172089153,1.63264483489086,0.809773499495075,0.0122516879004203,0.0373509079912788,0.369590754034915,0.00441338158071092,0.110578669427559,3.26975921772498,0.0638733151474357,615,B.Roethlisberger,483
Todd Haley__2016,Todd Haley,2016,869,0.857077831892971,0.851842481118066,0.00523535077490589,0.647628093266996,0.643265094724891,0.436299854210565,0.824667882259484,0.00480309459449158,0.00265776435442706,0.379599176355829,0.110578669427559,0.0610944396895649,2.78786841268633,0.191974957108464,526,B.Roethlisberger,456
Todd Haley__2017,Todd Haley,2017,946,0.843135803393142,0.848012562086526,-0.00487675869338311,0.663575569283296,0.649612676311197,1.39628929720989,0.8050392709254,0.0113785467352823,0.00820894358211042,0.377103787915777,0.0610944396895649,-0.127217396453013,3.71478327759751,0.143480404963898,584,B.Roethlisberger,554
Todd Haley__2018,Todd Haley,2018,500,0.824707667058106,0.816755644399493,0.00795202265861217,0.664512127881347,0.66860396926596,-0.409184138461283,0.779040309353755,0.00492779559279388,0.0228063807785511,0.366659490793943,-0.127217396453013,,-4.29061796118619,-0.1628022105749,292,B.Mayfield,208
Todd Monken__2018,Todd Monken,2018,409,0.844567048305312,0.865369147529485,-0.0208020992241726,0.671573885382877,0.642352828831819,2.92210565510581,0.797935603483518,0.0181621469889744,0.0904530491907614,0.358796054292425,0.0395674986556891,,3.66830632150897,0.145826007701173,265,R.Fitzpatrick,139
Todd Monken__2023,Todd Monken,2023,927,0.836833418221216,0.867702628506831,-0.030869210285615,0.672195928304253,0.636229092014926,3.59668362893267,0.792178292707362,0.0199999279201536,0.0166212547140471,0.371169405542274,0.0648684991570014,0.219957250206186,2.20270514157083,0.109788139038969,506,L.Jackson,481
Todd Monken__2024,Todd Monken,2024,874,0.847590716607055,0.85927159560449,-0.011680878997435,0.655778705455976,0.643533656692453,1.22450487635224,0.805429256939941,0.0161055485812628,0.0758860549320482,0.366584766332222,0.219957250206186,0.0390406425184147,5.79570625206176,0.323582779167363,445,L.Jackson,445
Todd Monken__2025,Todd Monken,2025,775,0.843169661191708,0.857850848475214,-0.014681187283506,0.669491948850956,0.640287548912102,2.92043999388539,0.804595896240458,0.014436217863098,0.10163236628617,0.380572472032039,0.0390406425184147,,2.3373588512009,0.0389066653823604,372,L.Jackson,290
Tom Clements__2015,Tom Clements,2015,570,0.845743934014728,0.860548933896499,-0.0148049998817712,0.660364778924758,0.638567764288923,2.17970146358352,0.799394467011768,0.022530827298517,0.0379077922879604,0.369860218543755,0.0449119998298877,,-2.23379474496696,0.069440216522485,349,A.Rodgers,349
Tommy Rees__2025,Tommy Rees,2025,450,0.816843899641547,0.830519951672065,-0.0136760520305171,0.673364090097701,0.658603011951064,1.47610781466374,0.761474741402338,0.0142385221487668,0.0439523850960864,0.350504524881641,-0.216699813436683,,-7.81821555907454,-0.265601599048572,242,S.Sanders,191
Zac Robinson__2024,Zac Robinson,2024,952,0.817596843746019,0.856068320135419,-0.0384714763894004,0.676407599119688,0.642076112103909,3.43314870157788,0.76258482270332,0.0279965240451346,0.0770543914272629,0.353335171898811,0.0588393802344056,0.0115928188608027,0.67827320419067,0.100594645565428,527,K.Cousins,437
Zac Robinson__2025,Zac Robinson,2025,932,0.832561740957084,0.851565220332434,-0.0190034793753507,0.663409438962139,0.645846820975898,1.75626179862416,0.784532221448527,0.017619266872857,0.059186121265008,0.367012535777471,0.0115928188608027,,-2.27715019457813,0.0598213948092194,512,M.Penix,280
Zac Taylor__2019,Zac Taylor,2019,776,0.825902638765181,0.835751777255668,-0.00984913849048696,0.658328214278303,0.655902860439792,0.242535383851139,0.780810333420923,0.0116510760716935,0.000471379751935103,0.365762784472216,-0.123133317952715,0.0143240322144007,-4.752845303199,-0.0985057767336381,476,A.Dalton,407
Zac Taylor__2020,Zac Taylor,2020,829,0.853241960455004,0.863202249408379,-0.00996028895337542,0.659852691990899,0.641985041082099,1.78676509088002,0.818883341309313,0.0121064399339945,0.026871561981621,0.37638468408128,0.0143240322144007,0.0323015962003583,1.63729043104948,0.138158326916262,503,J.Burrow,359
Zac Taylor__2021,Zac Taylor,2021,1093,0.841052610158714,0.859339366048749,-0.0182867558900344,0.655740091757573,0.641929222926317,1.38108688312567,0.786927117266734,0.0209987033400777,0.0066107903170075,0.369502954508799,0.0323015962003583,0.109305123304109,4.72183134896116,0.119842691538143,654,J.Burrow,630
Zac Taylor__2022,Zac Taylor,2022,953,0.812161041303895,0.854233420746171,-0.0420723794422762,0.690377194766758,0.645847827136845,4.4529367629913,0.758325263900907,0.026531718878981,0.0777170965907329,0.362650290233203,0.109305123304109,0.0179512003917418,3.17712530967625,0.157102937171794,624,J.Burrow,622
Zac Taylor__2023,Zac Taylor,2023,872,0.842517529809813,0.862084503951736,-0.0195669741419222,0.669162987925391,0.639464213097271,2.96987748281204,0.799878738601392,0.0158167338593456,0.0662554186691931,0.378617617788665,0.0179512003917418,0.113013336468816,2.00751421221516,0.0537647556813968,571,J.Burrow,359
Zac Taylor__2024,Zac Taylor,2024,934,0.832356789722931,0.872159582475083,-0.0398027927521515,0.675010743962525,0.633833763903779,4.11769800587464,0.773827941324958,0.0327024551430369,0.0902143158616869,0.365603817682673,0.113013336468816,-0.00703826519965084,7.09283326360868,0.189036622357218,629,J.Burrow,629
Zac Taylor__2025,Zac Taylor,2025,836,0.837209383585268,0.852952675070931,-0.015743291485662,0.663672161172902,0.64447382653284,1.91983346400619,0.792110283240296,0.0136761550652817,0.0194341870443673,0.365911104319769,-0.00703826519965084,,-0.61572557936112,-0.0133603292108506,531,J.Burrow,235
