sim,shift_no_trait,shift_fitted_trait,persistence_r3_no_trait,persistence_r3_fitted_trait,persistence_r5_no_trait,persistence_r5_fitted_trait,shift_no_trait_vol_censored,shift_fitted_trait_vol_censored,shift_no_trait_wins_rule
1,1.55113151011817,2.22282068722508,0.0334121757368769,0.0967350437070116,0.139499216987009,0.260705213024558,1.45592255427973,3.57010385526452,3.01697227418222
2,1.52470942555291,2.56189760809816,0.0337951539407234,0.309173425123628,-0.0325861432517259,0.509771728392929,2.03228980749144,1.96522742851528,1.56241089766764
3,2.44417291258914,3.49964174909141,-0.0472873634868782,0.347172227568593,0.06307508603981,0.279141239312227,1.6334767958877,2.25491378323981,2.19016642263226
4,2.133254351828,1.60739066227212,-0.260977194059004,0.27521784016048,-0.0886692813441468,0.343702072948507,1.69634914926242,2.44429912896785,0.797253768565549
5,2.94950766394811,3.0703835814444,0.357284317734636,0.145901343745637,0.321779651605339,0.604590815498423,0.780104525841083,2.38129313007899,2.14884866103838
6,2.05679362998266,2.95842947507465,0.2190193840434,0.0617527772524453,0.386501332323849,0.33570408015274,1.02931506863689,2.31303542902709,2.030072975885
7,2.90423318816226,1.64811211272891,0.151308165798422,-0.143999465291803,0.288284008890694,-0.37431033909775,2.24014877802298,2.28611970402555,1.35557877578137
8,1.66468847006651,2.32297265415867,0.10980405034522,0.247385967914373,0.2912602769922,0.424510889445021,3.13534557502458,2.23149346582529,2.66038728058016
9,1.94537480602952,2.84062502121419,0.138207629980431,0.526228495936075,-0.161585736275575,0.671550687596668,2.38117388134903,1.8388258484349,2.25636262488487
10,2.20820948357961,2.55195546608949,0.0943929027127119,0.0348234129375629,0.0644285058997192,0.0133851717442851,3.77703923940245,2.17708936455355,1.8019532263671
11,2.90025569540241,2.39674861439328,-0.23081757656836,0.153502079588745,-0.12269562772035,0.138364609934266,2.21735129455041,2.04488776755189,1.61765849356402
12,1.44006933550353,2.47570942419275,0.0856368775525628,0.193660925822765,0.176553703423262,0.150367229298643,2.07785174736627,2.20818911427119,2.11839748153984
13,1.90375502217789,3.24427860010168,0.1439415944914,0.157786757680019,0.481541647687379,0.4859907129701,1.94938762252529,2.39406908471819,2.67319669474392
14,2.01882304590176,2.93468363013982,0.0108357250384904,0.3683013358363,-0.11698499033311,0.311923049990461,2.81789259988565,2.19962461495322,2.49999580835762
15,2.03453172332952,3.00517772335829,0.181424783718213,0.183399387592925,0.349931062418986,0.0546093324479479,1.62469248210007,2.98861730517294,2.33802364538341
16,2.40995823818037,1.68937013212543,-0.0854252933132623,-0.0807666284221236,0.0445027444456856,-0.031270986295252,2.96352719808321,1.72682803726278,2.24906209628328
17,2.79274686953398,2.50573085408265,-0.0775185914184445,0.267668958182032,-0.124101598046099,0.195335552313385,1.61026069463395,1.92870364102291,2.46865194074877
18,2.64521065734471,1.74913092950582,-0.142524333476139,0.0587830544858314,0.074353339098075,-0.275434922443108,2.74958270609566,3.09166765461396,2.10296042535736
19,1.98562802548236,2.86739034461665,-0.139992111158509,0.302351620613941,0.379770325932275,0.287686913476291,1.96217822982472,2.32868876151241,2.76413841124977
20,2.3434861324894,2.93610527706221,0.382497512197675,0.191960799662025,-0.317966865143121,0.110449626254623,1.14842952649248,2.46988492784667,1.09765995333419
21,1.72039013119203,2.78371611729498,0.152102162682833,0.295249977288145,0.164013174089227,0.365311355815154,2.23753559069232,2.76318769143453,1.8137638440883
22,1.25705700674865,1.77830130928268,0.140432788380887,0.0522137638151321,-0.117644136677763,0.307394367911365,2.45359123591071,2.80476127975715,1.99733151122199
23,2.66227162808515,2.07854486257273,0.200175109056624,0.173285657433376,0.126832782869069,0.227742151888203,2.15433998066874,3.11433644736527,2.12049280342476
24,2.19820397978832,3.7052246739048,-0.0568647069610249,0.385885951880886,0.371920539121389,0.598285286815901,2.31815713037707,2.69347394870124,1.0740624251895
25,2.48433386894133,2.41981879704768,-0.0515085307327828,0.0932373044719251,0.336947117744891,0.445726954916809,3.0527073827565,2.40796882575568,1.88286095385636
26,1.76188782712948,2.09959561068039,0.0796380572691592,0.204251938549641,0.20265705135797,0.239445661593175,2.32330741009347,1.46489177847677,2.43159546229959
27,1.43970719342171,2.98197679699502,0.0937254775429392,0.156518456348648,-0.0696506787917733,0.0972052956645642,1.57315901700685,3.0311506173602,1.25300936017001
28,2.97536810434007,1.7060610966161,-0.0816506724699732,0.116377102663141,0.297393169656435,0.216905099346624,1.90966704417167,2.76888306653961,2.29739465632217
29,2.22332119689275,2.6768089153572,0.226870975135618,0.317102436230403,-0.0856178392280929,0.254550141097042,2.8822144608454,2.88880608341863,3.88776270975613
30,1.23826590865962,1.94136020705039,0.101654006788501,0.185714319009404,0.0227493402742311,0.386605077172916,2.36147802591085,1.73200859565682,1.70446388070755
31,1.28270326218369,1.93024110746574,0.0835678011426299,0.0518303272968731,0.254047286514843,0.208840509544985,1.91224822245858,2.94017953056499,1.23587909334737
32,1.81069749908873,2.37900783781087,0.0873753207534671,0.106889650997754,-0.0628284127767744,0.333862379594047,1.52870553981805,2.70727733013234,2.05275156246462
33,3.79912546379685,2.38781243932552,0.356894430572904,0.248194605580717,0.439671072401721,0.229377245551737,2.4737979823625,2.81763976927174,1.813309032681
34,1.73446299766355,2.56993136596193,0.149516684363459,0.187451798401424,0.357019460494728,0.266947465828233,1.22940151989439,2.54823665646474,2.30995212218019
35,1.82943593711844,2.87201926819514,0.122993492756023,0.346936440222433,-0.0988819054909201,0.388673280893952,1.685365266857,2.32300914227928,2.4952775922896
36,0.778038150366983,2.69204172874571,0.0426333950951985,0.34942444099385,0.107541147420502,0.269115586666182,2.57480686861079,2.26789426831085,1.4092367310898
37,1.66045855544882,1.44296408491822,0.186575706536387,0.444540779115747,0.365456272844876,0.508377085410301,1.81372882236776,2.79849536330703,1.44473109780938
38,1.63232550172331,2.5297708188293,0.153175504544932,0.110732756138592,0.0297577642461902,0.325104183364324,2.32682092305756,3.32242768578921,2.30241154231394
39,3.07405633023401,2.77367062403346,0.0506741938227948,0.406109457505235,0.251452049500564,0.282053926779568,2.01163037785871,1.68827716437631,1.71283365524289
40,2.06543735831736,1.99644576615401,0.179396333997333,0.0278313475553321,0.320415039844771,0.214658629942888,2.45774382060871,3.64079803240824,1.78016131665893
41,2.19944496342026,1.5869477134125,0.0917779903323282,0.284041635113246,0.0234630501620212,0.496818247918273,2.71271469171506,3.08350241983813,1.57901888584128
42,1.28124332650591,2.18790598606248,0.0789609938154154,0.0322586579497703,0.440886419149253,0.271123178570116,1.92096866841921,2.9363718552504,1.55494892461517
43,2.0269491822349,1.60658479052414,0.0943512985073323,0.0904343815218745,0.021152862806097,0.501741486632905,1.77592938189998,1.16617601602003,1.70223845978728
44,2.61351233918501,2.39901420516118,0.106624076905414,0.256713606581984,0.0824051652083366,0.449581962469064,1.83259705935257,3.3644835707296,1.7932693755696
45,2.4132384349661,2.10140613306361,0.248830760895314,0.362108053737365,0.150205410046544,0.539761867254199,1.98217251593001,3.66821483859194,1.21469769849542
46,1.8472582684985,1.77887682460827,0.113103858913964,0.0591194172105872,-0.120626651326999,-0.0845476147042436,1.72805365736965,2.54742587962737,2.33947035202186
47,2.18954320946968,2.15752812695451,0.0600028558347164,0.156774787837674,0.140061170887498,0.0937693138908172,2.09328861743177,2.2133652731452,1.5574517787513
48,1.93123349421667,2.38304674140866,0.0809672304017587,0.0480874870357106,0.272163005291509,0.170534721169395,1.47507698911199,2.06695099755802,1.01435472823868
49,1.86501800482217,1.85793878127873,0.147374925367706,0.160851964879166,0.36870022606865,-0.0189870653806953,1.68136524198838,1.57347656140544,1.64477254697714
50,2.19910520768825,2.80633839244789,0.324248010066366,0.261657401026113,0.393594979388098,0.290303398955828,1.28329355059051,2.5196759351411,1.64988943619895
51,2.05995274083412,2.18553961357223,0.293764805553361,0.418071097635765,0.255879627036008,0.392838071448356,2.29088216567852,2.8856300775443,2.66387599682387
52,2.01415866354156,1.77592648832905,0.308456969832378,-0.0354712976281418,0.409396028540237,-0.0143151732826463,2.50805841849123,2.94838183026573,1.47527806595842
53,2.10863354753655,2.45370614719561,0.348643252431547,0.284329988936541,0.306794499971783,0.355997216058288,2.68826368587265,2.10043039946812,1.31531402248381
54,1.81455287147822,2.7319099242025,0.0396468545818852,0.339316238940071,-0.00438861693518199,0.429989044634372,2.0677891716452,2.29417476959491,1.22480713335108
55,2.12487888718725,2.33203897614554,0.154118359044462,0.398273682100862,-0.0059433781893633,0.233454973903163,1.6581317159848,3.16742110346429,1.952475186232
56,1.89368519749303,2.59201830741359,0.106363781292593,0.242435518678305,0.262843955616706,0.159208660913893,2.44732494271041,2.13756456085118,1.54737904395681
57,2.46572368859197,1.7599101607829,0.132249812386408,0.253549160340306,0.0116578229388287,0.28918721908801,2.14746973485187,1.91370053124806,1.85670661009278
58,2.41120966540518,2.47805492803658,0.313985088135871,0.39474005821979,0.410629675024651,0.0225752899828737,2.18447386919636,2.8091979187164,2.88063576157829
59,1.56465424252617,2.23880927652186,0.107264609456301,0.468165995571856,0.350094233175992,0.634508348091881,1.76938906027193,3.48433655506053,2.40251800095228
60,2.00043672227373,1.81077884672546,-0.0745882846569074,0.268354386654289,-0.107281564286658,0.259732071495558,2.46017291420466,1.97985536578279,1.69809388673464
61,2.35861991946143,3.05893488276172,0.112898949701618,0.136554814437223,0.196635997046868,0.119686309906929,1.74880001451603,2.5732457525296,0.979428540765682
62,2.70605138765863,2.37428080795087,-0.0704968820218727,-0.00936020983080438,0.0185671446637622,-0.096828576386773,1.39417057317557,2.41176346126453,1.61614555680088
63,1.6054099422521,1.85198000980438,0.189088884774432,0.164807054953906,0.175019171357496,0.234817815641085,2.44901978092294,2.75190624492276,2.57594121899611
64,1.46417763016485,2.33062491988514,-0.146230934447403,0.0969242612345562,-0.0978654998242203,-0.0217064839078602,1.99658239260598,3.30354297799654,2.22912931819974
65,1.47359681107158,3.26579568924996,-0.142239796707868,0.480103026549815,0.146515376917893,0.600703629123796,1.67133949220316,3.00486812418378,2.58948109754739
66,1.94452760377213,1.67091176123418,0.02335302838025,0.179709388757608,0.209068704670026,0.213791256479714,2.54788596560788,2.16281860042454,2.21239461715403
67,2.56257496463767,2.03752650019628,0.310393917652202,0.0739250755114995,0.0947091018405632,0.0318836168154648,2.22725869690864,1.95932228324796,2.29238762782717
68,2.42508816044602,2.18942816769774,0.0834387727591559,0.340252834465853,0.0557597048696828,0.219162821555475,2.52622162295255,2.71053069439349,1.98416614031527
69,2.26615111703026,1.93073524263467,-0.00294320644508923,0.396633193811066,0.567662778492732,0.304345001204834,2.36424818163142,2.80212016514417,0.827620752538803
70,1.84137079738658,2.04654794048235,0.284042403058493,-0.0570342135312115,0.614776577862526,0.187665668316324,2.85080912076606,1.82135117061591,2.47998094984519
71,1.22861750005778,2.72814828680753,0.169918840295191,0.247269622164551,0.359358901202889,0.015530340327181,2.39987873511912,3.05335964208178,2.13723326816194
72,2.87136613556887,2.61694494519257,0.156587177210981,0.310568862353286,0.0666062613213934,0.342830313688592,1.89994948119049,3.39786103538288,1.47367268681614
73,1.91750367802774,2.18824677367342,0.19947691340373,0.126063638523651,0.209447526486259,0.145703280179877,2.4254888671203,2.51944039388048,2.04772773786412
74,2.06738991882677,3.14983459688471,0.110797929011423,0.141149676950442,0.436787382439662,-0.116396466694908,2.81966336836111,1.65326670505613,1.0865204513916
75,2.4925695634228,2.37820172939309,0.204426243707666,0.321601941225587,0.223947298591759,0.221739818826412,1.75950362423455,1.56594165345713,2.33786867587373
76,2.29567685618773,2.39513892823832,0.163348741140831,0.329181851200609,0.410241521831208,0.233205723982623,1.42735617760549,2.56682641772332,1.86133090554984
77,1.85746099433792,2.25518964035832,-0.0228545220651612,0.347215183493925,-0.0488837507322982,0.347700474728043,2.35441836433855,2.50881953488323,1.18015006364691
78,1.91929287854119,1.53569481807682,0.0652083682394566,0.121020124394131,0.0180631851433255,-0.0536440806272744,2.31748381219572,2.85572518851659,1.03347786332963
79,3.02172310698057,1.82195477287216,0.372696609774387,0.179613410843076,0.385168794169459,-0.341578067071655,1.99105155269211,2.10729646984943,2.31092814454277
80,1.98422612745396,2.09952733985386,0.33065131970771,0.15025317711187,0.239911582016059,0.221094501191874,2.55992226402417,2.27097523643072,1.47613937607259
81,1.75215371652065,2.28108231456373,0.0104228211350312,0.00400511343675004,0.150860044912176,0.317233785676839,2.45706990214049,2.53967604140617,2.13073282790135
82,2.623940846475,1.65559219660886,0.120632273096432,0.0271487989298978,0.430687214616277,0.13142755763263,2.28265630231913,2.79931866100954,1.02917626482809
83,1.15104038132361,2.11503227767495,-0.1551351222715,0.18811792422797,0.077433899355154,0.325203126857078,2.1223343682563,2.39619330988641,1.74214889805503
84,2.39067222295843,2.00945256628221,0.158425016868019,0.149655577401923,0.0718992044018347,0.13587436941827,1.84287135204028,2.34676199799278,1.29105626579285
85,1.96843671954666,2.44762210215874,-0.104126120974909,0.318507731595997,-0.277351791465872,0.471468997922247,2.5157482647279,2.7242450394452,2.17833745090449
86,2.31395311485566,2.83041578152156,-0.0848494234356581,0.170435195676265,-0.0785742375108085,0.275976495485865,1.5719313545584,2.6261532124538,1.81591230363954
87,2.03820096805837,2.86937128333532,0.0252236600621695,0.136763774252397,0.426836591704371,-0.0482435827745715,2.87057119357689,3.33835946724374,1.72052329521857
88,2.0843429550362,2.39534644943631,0.274872542124507,0.027362763690942,0.0811884385407084,0.0723728877720768,2.84375335950001,1.13293633499417,2.34232267212848
89,2.01244441310551,1.73783650597409,-0.0805385707102517,0.138445437021568,-0.178117560004716,0.00270057126795398,2.84323109740077,2.76184718692179,2.64878107215411
90,2.28167408688844,2.258383258689,0.144827157621397,0.244450026963571,0.0749388223208539,0.283840476711533,2.57538190083528,1.36390921413538,2.68718261802461
91,1.77925645153731,2.32676482613315,0.08638696276434,0.13949272536722,0.528420022120757,0.0446443495591418,2.71608386389765,2.8337380151393,1.65095912030364
92,1.81560961992103,2.42271060084933,0.102858628976483,0.171023542063388,-0.156591941525306,0.503197280054923,1.67653073061219,2.4040640741634,1.62629028169779
93,2.66407174706765,1.33525342495927,0.298221230143311,0.171205302663383,0.0862428503352773,0.140975386762093,2.02610139433969,2.925762212556,2.5799541905957
94,1.98643580334653,2.97507011761223,0.162056111088361,0.38434113784486,0.272088225615673,-0.00476147491950269,1.41591476582142,2.30106274472013,2.50793124799452
95,2.04600896969271,2.17987876063054,0.128542186521542,0.116452499022915,0.0562956290807623,0.367415702239073,1.45643487325521,2.39495861968863,1.44031061833361
96,2.73879130087644,1.75815365645842,0.385514707964008,0.00649896485465015,0.5268099361444,0.253773324316795,2.52634029673304,2.4800109942518,1.99981109876157
97,1.73125270221817,2.331809625931,-0.122196970792831,0.422443217001055,0.161440375097001,0.192292929851698,1.91760113124837,1.99176465876163,2.28339752583074
98,2.15306158516082,2.2386938464298,0.214007764302864,0.146245934331913,0.273138839953701,0.242164207789526,2.46012663062512,2.29211753524513,2.50210755449021
99,1.72091133366377,2.38279770602071,0.0334727475791325,-0.00152563989483212,0.104144188562854,0.343939592051919,2.09099893850562,2.20140801946802,1.41098073858854
100,2.81135644689106,2.62354695734223,-0.00814181061995287,0.11924272468357,0.39568454273824,0.410503661924147,1.8152054674512,2.13921934139782,2.70168905906807
101,2.41599725323684,3.53918807681055,0.0721286455358354,0.393649964215789,0.298910590833946,0.334197528144237,2.56896607136013,1.93688651541239,2.49522730045933
102,2.07786948390424,2.14051981318958,0.0255491175859318,0.361377783084971,-0.00125880954189415,0.241073221579519,3.19796982817845,3.06540071467985,2.52968114238205
103,1.00176422350988,3.07899089835286,0.00657252468560635,0.156469207081549,0.166660498559573,0.0623947708404846,2.08927319445356,2.52454780752231,1.28925879925602
104,1.85132242360285,2.24545406653668,0.0760837963142497,0.502373226784955,0.434427524248081,0.667552107950452,2.29714090031249,2.28299473825405,1.99373372841772
105,1.98889748366436,1.32107214508478,0.322238915945769,-0.0196530652796174,0.445486354802442,0.083312244367869,2.1927751224258,2.1872706561673,1.50300663826583
106,2.95996752810553,2.02440059818611,0.0809824230660574,0.328420536603736,-4.53729952815473e-05,0.280732411357282,1.94161454908028,3.10609665350223,2.71609791370428
107,2.46052714134317,2.08919595448017,0.243655473292887,0.111606241040716,0.0988682311753298,0.150978241744545,2.3154201287388,3.58657186870567,3.3326784370712
108,2.16915402978356,2.12693462175507,0.107777663215034,0.128662592073727,0.278431355306034,0.279854494341935,1.66992449579193,3.48549413046791,2.71955001749513
109,2.63053847431331,1.97797605194671,0.140196380467903,-0.103261767055319,-0.0531376078598241,0.174832134064912,1.7754821531836,2.11909117444727,2.76220867104582
110,1.90616562525397,2.18573661912489,-0.0496056305484711,0.310614412317039,0.0375031403473631,0.471098327033111,2.23783357354423,2.86211909318809,2.67809940768611
111,2.4720882685763,2.49056785483863,0.198732949409942,0.149964718601117,0.330219600786246,0.0332583373742086,1.92440805056042,2.15017796973503,1.78862133066506
112,1.76431060695323,2.06639312931975,0.0582449731143069,0.0735040451011587,0.473822353159814,-0.0583565453689515,2.37514100910229,2.60069623042559,1.27072151585993
113,1.9372154752366,2.63885917514969,0.219774593452827,0.0425990186412427,0.460771869337884,-0.0950660658026912,3.06092209580968,2.56014613012192,1.86872475602866
114,1.20852645949091,1.67353912972919,0.0313871309147624,0.103595794584566,-0.277053775565669,0.351312995352538,2.55238574172571,2.65755501805942,2.45944785681413
115,2.18905139157007,2.65894471190279,0.168403356212117,0.163682011533323,0.0846344044985457,0.148309679104095,1.23163886320024,2.79643644200948,1.3622816107033
116,2.60827994242772,2.33769728316593,-0.0439901161804408,0.261787906724925,0.126240680788187,0.194581159206999,2.63864582768959,1.5916129924178,1.73374476830625
117,2.57419005330033,2.94704132824547,0.078149884692682,0.235930620234011,0.448720531025961,0.24726915471488,1.74877037621577,2.67155925414428,1.82083519780079
118,2.49728573934117,2.65855744882705,0.214287831224969,0.0156270244653978,-0.185538805489984,0.00609729172675826,2.17387700619096,1.60172164435848,2.27174067643193
119,2.11435560144459,3.0750553277375,0.0471588032506181,0.38027240876664,0.161890388258623,0.479600244356354,2.70088511670127,1.38468293171313,2.25416546338687
120,2.43744096714289,2.86115651632757,0.343440184453462,-0.0217672563842121,0.486557686960854,0.553542392365174,1.99727710900975,2.55427974054919,2.01900368168703
121,1.8123666452529,1.96900501165038,0.16808296249171,0.283734507835085,0.174445241747048,0.135899881770772,2.16094683247728,2.46482166418273,1.87420720113806
122,2.36769725728862,2.43534033364822,0.276178988368696,0.270865790329811,0.328572523484097,0.400464277585171,1.9783879802277,3.07705873142818,1.66372024819083
123,1.74614013723016,1.99280458794126,0.0456754927516327,-0.0417257034141677,0.00278367264535542,-0.198239125171696,2.42694980309954,2.85639212589831,2.45137185234709
124,1.97604096405702,2.31603652420356,0.198704970262638,0.31734247577117,-0.0916188828209812,0.37286399034054,2.83257435334214,2.45121643947405,1.33331871726924
125,2.10004206154225,2.33285289206745,-0.222367682023225,0.236790843657413,-0.292816754509103,0.304416651560393,2.03129592035133,2.85964663906162,2.6240535453011
126,1.68138684785715,2.60820892327632,-0.0181021041254821,0.277329168189287,-0.045935396768931,0.435816261835689,2.61227453043594,2.12744661240498,2.9812429323498
127,1.1961702529781,2.37317754166751,-0.097147981763015,0.316912669018962,0.0737385556848012,0.031373896221565,2.21760112020057,2.51948548160774,2.59637633974693
128,1.61498688187942,2.32284934002516,-0.060732804839835,0.110553301474697,0.276538035343426,0.0839705501982337,2.77818688685597,2.68991022335007,2.55936141267723
129,1.84987960613471,2.09238942280258,0.333221362722708,0.187128068818893,0.218533072670781,0.248419769708114,3.06015704972882,1.87349054899571,1.13377645439025
130,2.02037680870527,2.75246750964047,0.319452618100712,0.105496714500407,0.28892292714598,0.468146227455306,1.96200147750671,2.54689496988424,1.32160018558975
131,1.56710236281474,1.73485633636064,0.336474078281847,0.168222794028152,-0.0312002280646004,0.376550609447794,2.23720972683046,3.22566898194361,2.27557659372092
132,2.33384130177956,3.1849018268847,0.183555596014873,0.228629084078775,0.236034976608412,0.0668031401835815,1.8474985204522,3.15832264420296,2.30159710625355
133,1.32266483551175,1.89145285985067,0.159071437008096,0.163982815031398,-0.0490833832429705,0.194579234005465,1.68982347407001,2.41595066809944,2.22298995526511
134,2.26216429118982,1.77776439463897,-0.00486422842879293,0.136692663809406,0.143303025233111,0.0959508514824094,2.32923616121381,2.87184394619156,2.05535271724878
135,2.10744966394035,1.48513444499608,-0.143729037535735,0.354810503676106,0.104226548504878,0.421991064923249,2.19138721207202,2.24242761318691,2.26129197843505
136,2.73418396775852,2.35358797919718,0.325562464869087,0.308082866423268,0.191147158680567,0.421968813646405,2.05239620981499,2.27096929483281,1.50085088673247
137,1.65799850296251,2.0865411072636,0.153206325144244,0.258017414199896,0.09082755346535,0.223335063556543,2.72407367631369,3.08202858015683,2.64731634071611
138,2.36096264573549,2.07192056567567,0.123353836621722,0.00565054370536367,0.0982204985004167,0.0261148817415633,2.7457076120894,2.61806827926556,2.19811904742105
139,1.74872994773252,3.02248686699528,0.223962529859636,0.0285309185800046,0.140814584011788,0.277809064326407,2.85719469534142,3.48569775383094,1.07557074933567
140,1.77934195859858,2.84210368589007,0.108189764554809,0.424106930399686,-0.109917385359097,0.542359798197653,2.94782505603818,1.83140118884512,2.391910093305
141,1.99888933950686,1.32470782560854,0.062812248146566,0.151384862123518,0.033713669123506,-0.259791198794416,3.05143940903494,2.86804406537132,2.42887432621195
142,2.34764643961968,2.77589858910339,0.340261279553092,0.108797318512138,0.140111085152902,0.280665879466617,2.6009239525255,2.46217360076492,2.32392809791158
143,1.79453511130773,1.78439194151028,0.318117749653498,0.230403487505238,0.676519098636373,0.246315328637408,2.12912810434777,2.72464559529768,1.56441417847703
144,2.62748303625647,1.7557040587068,0.170892445942619,0.282755833056295,0.267822822758972,0.0925275519350973,3.22286235116817,3.06719445130801,2.28734135680906
145,2.57053643351029,1.81049959936021,-0.00594521809060884,-0.541277608635243,0.120725099044502,-0.389100903206568,2.6311867696945,1.57606368298111,1.86352293207448
146,3.29054425289024,2.40017618360048,0.409574906180569,0.350370585104832,0.484421230738954,0.516230194792739,0.986852946861648,1.60739822909961,2.14002555867568
147,3.16805930616113,1.95505812618032,0.120421268490964,-0.0233828847434283,-0.00913510361688077,0.1041783677167,2.88512844645122,2.0313687217313,2.40189097503914
148,2.44037156398866,3.04285046852574,0.0231947275738773,0.130293871748693,0.182079002406065,0.248436510073612,1.88941033654218,2.01557032484061,2.73489302876717
149,1.94301332379622,1.8842566054974,-0.0502752790356633,0.152840782146984,-0.0849265453410021,0.191615897481545,2.58997431760028,3.64425978310838,1.41633107964814
150,1.86912151420723,3.81058722403157,0.0775468762033255,0.182546532223208,0.499046267509685,0.159112346713081,2.16773678371043,3.75601508746783,1.88765502553701
151,2.6676395690683,1.59668471378317,0.28551550540113,0.324560426884684,-0.0235072801906714,0.28652439247896,2.91954194833985,2.02299609834337,2.87045945420665
152,1.46397141976117,1.82349635077392,0.111691379311386,0.245404709198843,-0.0586987598792415,0.331573538135812,2.30831354702428,2.42667683029221,1.95695714093199
153,2.21566641876298,2.84123557734599,0.178768204173699,0.324578627738778,0.0234771314323876,0.0202548345527065,1.71059818882394,2.20122627772532,3.03307700864388
154,2.26578878755386,2.35750286547813,0.135520139013208,0.0569658104177464,0.139647935521687,0.085520149884704,2.22315198928079,3.26207494643121,2.24437152939577
155,2.00239725166555,1.73609573692917,0.239717512288996,0.013323973816571,0.145195246203133,0.204690825425206,1.87322610838805,2.22858623881985,2.31171096808364
156,1.99668153900389,2.28804065213126,0.133389237739802,0.214562403755407,0.535737842841748,0.495638175750134,2.22131297879613,2.84723308426185,2.23135760596383
157,1.9950581965538,2.16094587780455,-0.151109092281737,0.0351941179157462,-0.204158755150407,0.332618910454862,1.60565998063301,2.59473999749109,2.8097515626735
158,2.18027862081219,2.36094359740248,0.283262704118634,0.175858704507225,0.397211841214533,0.551239101320444,2.86232668599295,2.8492561381167,2.0574878997466
159,1.85436200715315,2.31132023084926,0.252197695944161,-0.187732259888738,0.278136056857409,-0.243844822775001,1.53221783412239,2.83071824628718,1.3409737295917
160,1.97122463278354,2.9704735891975,-0.196103263177636,0.0536397096236507,-0.334947428053666,0.238943246177062,2.50355898073939,1.78194856014706,2.87787127564565
161,2.36096889094876,2.09822124829344,0.0661118084745756,0.24767362183127,0.0117689504414422,0.288348370337898,2.06768479156003,2.24328653783756,1.26790710969842
162,0.987755166697144,2.77633146343751,-0.0663817577863104,0.273038738102355,-0.196765365145915,0.467184213446066,2.45192915139557,2.47877317963575,1.99943813305567
163,2.75390778605957,2.07163579939426,0.0397992574879824,-0.0149217639018326,0.312091610765389,0.264311280677553,2.38057916865377,2.20768339675365,1.79215950153458
164,2.2901055121167,2.02604053469395,0.256592081447097,0.0947220141869592,0.495438208858814,0.268604250592563,2.54396955333403,2.18793691750239,1.75764717318858
165,2.13906004768856,3.10046642156825,-0.0789009199027329,0.325706456369124,0.0691624618465933,0.0815569902933648,1.94695738409355,2.59629875539795,2.61555319614795
166,2.42753431084466,3.00682813412379,-0.0149108378267867,0.175291988307744,-0.190322222249244,-0.33848442230588,1.83500180978291,2.11011405666144,1.69546161621652
167,3.23748421180535,3.11267705444173,0.190860677906801,0.344820387244178,0.0226432420496379,0.491329761384285,3.12881576155547,3.29997455656879,1.95876343929112
168,2.90956035465375,2.37336589066093,0.00369525320706447,0.376642450119427,0.102658779983503,0.515390570691047,3.12044562482487,1.89135130676921,2.61441125618355
169,3.04469031090332,2.70636371417552,0.0725222420159523,0.148063964532071,0.427607031028666,0.326687959717766,2.35751768733257,2.98974350228569,1.87404129886614
170,3.20070402749225,2.43703432676334,0.155605363783763,0.25909444391164,-0.145836403286318,0.449134547025996,1.66663440642438,2.20324943286507,1.75936872437597
171,2.18225263616052,1.22171357142816,0.340012317133662,0.459836546560245,0.222688719152827,0.37561709459527,3.46448810850962,3.09240625629376,2.95936836530886
172,2.40371982905649,3.31607967140351,-0.125582929866096,0.282762696538706,-0.0401006188220265,0.32043820667775,2.49779428340488,2.89267355186214,2.5253161041726
173,1.43012527730184,1.84903831605108,0.0299506061298842,0.234146691631691,0.143040682995145,0.460797434697184,1.56589524286673,2.86334460731403,2.34447577501029
174,2.43967642888869,3.2163419997393,0.110870556858249,0.102599650977372,0.426884035277207,0.0631476262961608,2.57195638605747,1.02661380827119,2.34224559056057
175,2.5375081995793,2.24994508696774,-0.0584143985628884,0.260445772352155,-0.0672600398463747,0.676352132425374,2.31502171438614,2.87038432747355,1.93707067513724
176,2.28852050064906,2.02487064612284,0.231182536902909,0.0985246592740896,0.536709700238305,0.0991122622131718,1.63516676004271,2.31379325680085,2.1649615594388
177,1.29180272307002,2.27381697473596,0.0573837613471797,0.183346197724258,0.277403219412168,0.234723802877679,1.86923140804089,3.38047689902386,2.88040805167889
178,2.3293004110465,2.69869204170956,0.0358337479999274,0.169186795084772,0.111716208538417,-0.176731493628436,2.77873843176952,2.04964625500951,2.45972880029481
179,2.49816971759496,1.58713041587731,0.253242716636936,0.0683809811132682,0.417719883274912,0.401001411151418,2.70247918119768,2.67726287462845,1.37227606410727
180,2.2911775477731,2.48410020055922,0.19115701182451,0.296561263928902,0.320464739175237,0.421467716638283,2.28496471378711,2.73324556664141,2.22715707839635
181,2.05270440146908,2.39894651555178,0.349286323588236,0.236632974609399,0.319689580240277,0.520634543672221,2.20520977925613,1.67224380850936,0.776380693348912
182,2.07736680527126,2.19488119295978,0.0218247423742449,0.486627459194016,0.0708184248559696,0.45903063572529,1.98136081522223,1.54678251930225,2.85693809164963
183,1.5441315001705,2.36219771595094,0.116995024664435,0.261053600384222,0.398717780186563,0.313516409741563,2.06604694110434,2.43993291133769,1.71338016538954
184,1.78963092810864,2.34120069556266,0.238590279353178,0.323592180307107,0.49098818813704,0.491471874917149,2.92889152356244,3.13242968395531,1.75600356329491
185,2.23066583056821,3.00159702262162,-0.169174580930421,-0.0176367021631586,-0.183237839667937,0.013961127865841,2.70051602059573,2.4369627368036,1.49286950630129
186,2.29025041847177,1.99661214697866,0.0226206380466256,0.24565821161238,0.475433320988947,0.302828168974791,2.19324306604559,1.74365453902207,3.30597799199772
187,1.5600838443819,2.46680991807018,0.0458493944417052,-0.060673519591965,-0.129280706192237,0.204803251054995,2.45723186230747,2.30878355346062,2.31421726986928
188,2.05342061315924,1.95964234656928,-0.0685031701674223,0.143572174021185,0.0437020499152303,0.232129025406236,2.39678213624651,2.40891961647822,1.95369864383879
189,1.89657557487241,2.39190169239476,-0.0713638306526152,0.146868806962751,0.0460800922665604,0.0921261953913269,3.09883277078339,2.91460945203652,2.02518406338116
190,1.9161820375097,2.61821432734859,0.188288890357957,0.120029147396849,0.170491443506421,0.381171038344591,2.47172484457574,3.13156309963821,2.65809027842635
191,2.49951591697021,2.59970760683757,0.048100284034972,0.367933328110406,0.160914381292032,0.170914208863076,3.14827447607185,3.08487492649145,2.60465926263283
192,1.93009141913513,1.5635613588852,0.226436336797214,-0.186400925597583,0.450457904329138,-0.098270032032139,2.20686548863819,1.93393502368559,2.38592855774249
193,2.47603440403926,2.0070385861124,0.112665806577781,0.432041796066114,0.129250865882188,0.495192362233208,2.35140485545978,1.85529689887221,1.81318555911171
194,1.75976468461335,2.19952065456236,0.204618213511549,0.171055380059272,0.295365415694909,0.38009870137412,2.52621138855356,2.74984546293982,2.29489943093055
195,1.59319513801307,2.15885568905343,0.263819094846823,0.253391194325237,0.164130161163038,0.162530979591926,1.85045088913777,2.30842586147401,2.58686946623195
196,1.94346865996493,2.06445611439068,0.199526993404031,0.0629471239462089,0.529169117395067,-0.303147988983481,1.67179727319379,2.23691570284017,2.23071061474364
197,2.65826572351781,2.92473688290483,0.157907128836565,0.353834337401544,-0.0127180483881271,0.190618654517306,1.26569787528056,2.16796257269852,1.77629474773752
198,1.35122192961064,2.5672538023457,-0.109405774218345,0.348248304238573,0.289150551694309,0.134300609179914,2.16681743384934,2.68327229112041,1.75616731371147
199,1.42255416698242,2.77535531321253,0.133711670925524,0.0484649931965335,0.292231901984628,0.387385651771851,2.29148559183852,1.92790833499944,1.71827060986697
200,2.47821090337333,2.22664214249298,0.202056128124044,0.0762083798928145,0.233692075889951,0.168695926410659,2.34633898132462,1.45469982629755,1.83321229899615
201,1.88913820480015,1.93359433909118,0.0321822880063088,0.087323262169362,-0.186875002606797,0.445539728429604,2.1703312679151,1.72370986014823,1.69185512558446
202,1.2258586422457,2.05391562535032,0.0479634714253737,0.0251351097230959,-0.053055487655917,-0.306839492369971,2.02191912467946,2.22679001714718,1.67175101061797
203,2.29344082072738,2.10001400722017,0.083562110134777,0.23931312759313,0.0407708929574008,0.44524943878744,2.28279453632131,1.94642534143481,0.695437251736933
204,0.941334457399499,2.27862720415893,-0.278193770902828,0.144610136887097,-0.0737024340321967,0.20792388275317,2.18552668286276,2.37098200183106,1.92080406172837
205,2.31112285528448,2.80545310841333,0.265879837733043,0.268087203080438,0.140820200233622,0.0750563061426535,1.47668309056074,2.30477750448206,2.60150011512812
206,1.91348772099603,3.08162030989813,0.344148987252998,0.387419730489664,0.313548646331401,0.343202216939538,1.61881562450625,2.50534505521468,1.67908745795413
207,1.17099050592058,1.96292529052057,0.126403861252666,0.103559196304814,0.273308421593973,0.549895590042924,1.81123779945273,2.11436629968373,2.30102276432042
208,2.77675525308181,2.38152244265002,0.131756081167764,0.153118766795585,0.355041219466782,0.450139167923678,3.07248404904285,2.83853316536737,1.5260549294586
209,1.96450634449654,1.65166239251866,-0.102708649313939,0.0277689044025722,0.045163707558119,0.626418721310708,2.49410733498989,2.87836586894587,2.9375696292058
210,1.89346329224265,2.71349871933264,-0.2932574324604,0.267517888533173,-0.146426235732399,0.544284285893323,1.63632241273214,2.90246735170218,2.89572641325434
211,1.75823069462845,3.164066217242,0.247912347913364,0.439419071291344,0.0789435397606609,0.511788564012819,1.57814943965097,2.14847956241658,1.27857863684139
212,2.47102454894683,2.74301931610177,0.142677282466537,0.508780053561906,0.158099233950529,0.694186689612636,1.78247777770254,2.53707090880334,1.93782221414543
213,2.49872041984302,2.19709430266415,0.0701859434491679,0.262652567165764,-0.066015584941514,0.0638128526016318,2.60967056192031,1.43902535928471,2.15255718230531
214,1.81823356443167,2.02800792509222,0.276380821743949,0.169805692247878,0.210782638478363,0.203370945001412,2.08426144830595,2.58177571694757,2.10797529744703
215,1.64075651299486,3.45230225536275,-0.19244163808808,0.37970983472723,-0.0777094997958218,0.271687483317433,1.65104430444208,3.21389479484219,1.86502539177566
216,2.23213833690667,3.47871493230375,0.238799527187398,0.451277801204212,0.506691468883104,0.393685887796287,2.54437113573472,1.74615555931335,2.30922188770742
217,2.47796939872843,1.7159246245988,0.19261570556445,0.22162693109004,0.286374577567063,0.0342391726831096,2.13395440434904,1.66563623850794,1.70965431696988
218,1.94181852243683,2.05900811333412,4.58511342495832e-05,0.322403803297069,0.383011476772744,0.29206443641155,1.55669325757519,2.3989360518174,2.04751535445211
219,2.35051558159616,1.94326700669613,0.0306882909832769,0.287261007793534,-0.287175788505188,0.226609407455553,2.7742631972657,2.36984682794939,2.99968076554829
220,1.68885719854975,2.6983877868234,0.0159572728996877,0.128012348952997,0.174710949164074,0.52227143981684,1.20293894160308,2.60161600401277,1.57762713230702
221,3.07426407636416,2.80988022245162,0.298287817355086,-0.0801871395901602,0.2561805502931,0.24933960635177,3.19876964445213,2.35952826766081,1.59422378148129
222,2.25428148506874,1.09171723982461,0.415533185781864,0.188750527857326,0.37337550659146,0.214228057863209,1.57013291506133,2.47582057756352,1.84996201851918
223,2.45329802330409,2.90301698470674,0.238474137267857,0.421343532076961,0.344566830101953,0.483813515130216,1.88342023651684,3.06302038858632,2.57224735359556
224,1.60720967304778,2.29386626057753,-0.174126923400333,0.199275502569958,-0.154971899284023,0.267333885432239,2.07712058910647,2.46961352566886,1.45559683323691
225,2.255799698791,2.43412164904473,0.0343660259300593,0.110227718091474,0.30770473697332,0.556250024385625,1.66710558791354,2.18746617780477,1.90946517483796
226,2.13614289990796,1.94751914623949,0.122800923000931,0.310495875391555,0.199250108034233,0.266468977668967,2.14034087314977,3.22143064384782,2.54008763283663
227,2.91168725384122,2.3183162235183,-0.0313448850130899,-0.0571026307161062,0.0723892905525808,0.205408498215323,2.23656471224187,3.42942641068327,2.10625916512815
228,2.24540282001457,2.04323420771825,-0.0743331135573809,0.281794012675684,-0.0814497644172074,0.306409590091027,1.36082175043266,2.721649582475,2.11197545842108
229,1.91755335047601,2.71111574637716,0.233323826715782,0.385004338056828,0.317909710555624,0.437019480259859,1.77852817632373,2.55661497440702,3.32467282788222
230,2.04024158183041,3.02007074170681,0.279803474692888,0.417095681679354,0.11158486182777,0.440692496947795,2.259667757238,3.02331560499454,2.62671232701859
231,1.78029408465817,2.77490603674537,-0.0826895303904309,0.163525784528159,-0.123700241612579,0.180555894810788,2.094341153659,2.2344809792603,2.31819146822727
232,2.39175198816743,2.40082718681563,0.0667061423114453,0.381732260961442,0.0303287610256239,0.347977933081552,1.50443181696239,3.31037997202423,2.54799096999495
233,2.5959605280437,2.97497893664386,0.0585138026280657,0.154558361995408,0.134627891991673,0.27249080547066,2.36878883762487,2.33876151059328,2.39218202147757
234,1.34868380951716,2.04603391544908,0.206000450869046,0.413939745742464,0.242221184670777,0.778731366363825,1.81067298881775,1.64935437681955,1.98314368921152
235,1.56174683286894,2.07123568459266,0.0609250149476256,0.0619401091453593,0.0425192030619978,0.308638601276911,2.39374442901216,2.74270011680294,1.94097540514448
236,2.10880152483386,2.56304227780003,-0.00463846507011806,-0.0718395331936197,0.162335516625008,-0.187554492986752,2.53851999950255,3.21635981221428,1.29592076247836
237,2.43839903994886,2.29472100988483,-0.0866316212389005,0.340006943887766,0.23185378242307,0.259461094024209,1.74838739256549,2.7671261911888,3.04077650350456
238,2.45245730053451,2.33337005696496,-0.0578277228125255,-0.00280581907894811,0.372633288093988,0.48378201053827,1.9203886678816,2.60124191397272,1.95769738045972
239,1.32954341152044,2.41176285905534,0.235796108119289,-0.0206901116085459,0.358010840530906,0.0632166885897125,2.92088763951568,2.60391874525447,1.51132924273235
240,2.78973289262581,2.32566415038145,0.286475303554097,0.200499811972379,0.221010085894311,0.709617837359631,3.07535010716361,2.09748952988741,1.70955357637336
241,2.90389376357758,2.50513021563904,-0.0128156413025261,0.303564921228674,0.300675860364412,0.313118457670401,2.91038796299984,2.01418609553933,1.7962420008927
242,2.3587905636919,2.10162327758563,-0.128593017024234,0.113314815418079,0.0173272648191307,0.618987749246148,1.95013317803101,2.43432505352037,2.84089389376726
243,2.67852825818182,3.86930331940104,0.056995490999314,0.173730120297361,0.480716464783918,0.312598407380291,2.85584210736878,1.50037189208406,2.34300841475014
244,2.42017003026561,1.9718873258381,0.219945979472905,0.195556301668818,-0.061853607076355,0.123201859985454,2.05422709770321,2.9365654754721,1.04246240729967
245,1.58281560178251,3.14940475920073,0.127552236230505,0.246246010010422,0.101390699836033,0.460527792869763,2.76385742957974,1.9391556011483,2.40026620667816
246,1.61334068399348,3.4615847213002,-0.0709107976610358,0.0310121296273944,0.0841628227603016,0.159238937183795,2.01486522798518,2.67774502857342,2.51191549526539
247,1.34861539418926,2.90987226927027,0.0681776184403903,0.415426767743108,-0.165615179335023,0.478639602105289,2.43388367286803,1.87968050906927,2.65470403733518
248,1.894915102497,2.01109765956988,-0.00527981998104153,0.101807463380089,0.492970622260561,0.444515700586197,1.51211525435244,2.88175866753791,2.10079169320451
249,1.6901586755382,2.34043120043194,-0.0364194990705075,0.101663726901735,0.0981827342133194,0.676168278282769,1.85889169692639,2.07275032584688,1.71190266105852
250,1.60356586813303,3.30007353553583,0.0912390136602767,0.086520294952252,0.0568287920387274,0.0596591455625813,2.51208606260243,2.43403284434473,2.11432561850323
251,2.17764216333575,1.77245839497005,0.37698942320348,0.0586663379864399,0.284985079512233,0.109759602933674,2.37062831395948,2.86872523117057,1.30692812072703
252,1.69434191518711,1.79026703422705,-0.0940217308396006,0.162280564518388,-0.141186825383587,0.551870474520026,2.02564564971742,2.71416006401767,2.25258420258912
253,2.60070651476285,2.95451356951293,0.0675856471818764,0.260307790840234,0.0699149728090716,0.423304749442283,2.03944685455829,1.2440360808502,2.23911104770775
254,2.63679939333327,2.36793807699588,0.131441648605739,0.187062423019303,-0.0641450469290463,0.589399669587561,2.11505376339135,2.83797870350938,1.76175688184976
255,2.10229351080665,2.64035664379595,0.00673547900931902,0.361012908822803,-0.0445093929639545,0.594021164137268,2.3668338090341,3.33872707140583,2.11445049952072
256,1.81315444507621,2.42605750047618,0.300179847277117,0.350506163291545,0.0295303563771519,0.348344486073138,3.51960609594745,2.7640179421339,2.69680358291208
257,1.87440689943909,1.53649054877465,-0.0126366785672888,-0.27045036758649,0.00857699088920921,-0.120264836754627,2.12099215041803,3.03996878918989,2.27421975720163
258,2.32845941679941,3.58962590570844,0.0662414254843351,0.225891615075731,0.146672576907829,0.329570938736582,1.43908848662065,3.16792719114136,2.10424224588519
259,1.6722958190616,2.04476915647647,0.201419724067386,0.162239027421238,0.246538463538026,0.230719216779647,2.39929439424683,1.85259263904968,1.78689856342706
260,2.21249390655228,1.69370233021895,0.0391123210780283,0.224045196035336,0.254560986363365,0.159056653913869,2.25271599650214,2.78423676286639,2.05026705990271
261,1.4235881728544,3.62646212048986,0.0712439164791528,0.254099238862427,-0.173370401735351,-0.1416110712126,2.03823613291882,3.36941371243802,3.4030911339271
262,2.42935670401085,3.16143889019227,0.0501526345304334,0.289944780396437,0.528487849820051,0.50616052404426,1.57095199208896,1.858968042308,2.45482828384883
263,2.37964064605889,2.67845609495829,0.0877204211488563,0.0320917936002079,-0.036623819033367,-0.0529572517885846,2.55274613984525,3.05776404066019,1.93438257013589
264,2.88499724794988,4.02564844853764,0.146024651047662,0.261427314938235,0.272264446390088,0.403056905427186,1.64117430056926,1.50652930030731,2.38625689952689
265,2.09172218104606,2.93315256230208,-0.0533475146718005,0.349607277164823,-0.0804404993478783,0.410335884099305,2.44021852271122,3.2644481446896,2.25061457221191
266,3.30835646078978,3.13347094235617,0.165553190868981,0.278567541462588,-0.128529042698367,0.516706268916367,2.20066126344246,2.69684376012751,2.0598555328694
267,1.48353217765098,2.1411474582308,-0.0373693358795156,0.322657000454196,0.0699555306176884,0.0827932652627242,2.9962805281202,1.47002762571027,1.3302105380064
268,2.01520776306486,3.30173115374556,0.0157661140161021,0.319873191429645,-0.0342282483077949,0.13758181605966,2.01023022833452,2.13720759455,1.88279572142057
269,1.45202406555616,1.93332934870104,0.208334466590752,0.439078885971622,0.235934389277891,0.383776206880615,2.46790933706408,2.88878018344147,2.68523224898379
270,2.02657652038179,3.40344767604508,0.20875177867387,0.479530854540619,0.405756479362995,0.35074549109589,3.12716214519217,2.36958187716283,2.4545028077035
271,2.38256292042673,3.15540868633412,0.196611132404038,0.3639501845602,-0.0532135577279739,0.557412372929207,2.64661376096684,2.65516065901578,1.98063688677599
272,1.42097383224984,2.55819021145945,0.117103027858865,0.332782761432086,0.29040314982347,-0.0509344337403223,2.99694348197316,2.0973818767263,1.91164582426477
273,2.35652627545517,2.18009626778605,0.159696966040753,0.161516763965937,0.00408952567032669,0.378167752768237,1.63416736927033,3.29817340187325,2.23149550347773
274,2.0638677484317,2.52746106362113,0.207956647270626,0.0387132911409128,0.338134055693022,-0.0185080361074109,2.197023709975,3.25859597332788,2.0690986183802
275,2.62593080207384,1.94255674970163,0.292415492327516,0.192065691433444,0.354916710041494,0.272760795846477,3.21014664775599,2.28746833041442,0.795168011019748
276,3.08317955004909,3.7655789382727,0.538565671135657,0.469266512902366,0.540475223592697,0.308089283140828,2.30525067105015,2.32512601018301,1.89578126097491
277,1.32964055733632,2.01851891133368,-0.0221376314460598,0.0537135705097223,-0.0159782684007074,0.199089024566965,1.73351083032833,3.13365650409067,1.97590077128742
278,1.70097021695263,2.69301378065851,0.185713862674345,0.337823395350823,0.182986152021487,0.453111215312013,2.01224042382579,3.01326905558045,2.49363056511067
279,1.31201774812016,2.25693752198374,-0.255390238111362,0.332898992270239,0.0214772030922914,0.452187174501345,1.91724459966427,2.42204800727605,0.800488015745455
280,2.52981664185947,2.43886891147328,-0.000538453015614826,0.121110207874906,0.155380556179879,0.29866220542579,2.62319174089851,2.16411709419928,3.06632869725735
281,2.5005640919214,1.60741831825254,0.172628627114071,-0.0926980285611332,0.42913261241839,0.0167421462550067,2.08393632609281,2.9113250955654,1.42793065661474
282,1.36535871180636,2.28812580833702,0.104277703373213,0.126906188281623,0.389525453877557,0.203577556771956,1.47180254917248,2.85775243945643,3.02262799531983
283,1.77056646948011,2.8373739193591,0.361866121184722,0.252729993690907,0.340199506292253,0.236195534096313,2.85672218350937,2.9159323415008,1.77511140506567
284,1.58133593758454,2.63812061692377,0.0225970015052403,0.499551673075021,0.113147900279704,0.51625430460492,3.2648440692934,2.70743161774612,2.45422730200465
285,1.55720111114844,2.40193732084314,0.0671112094466835,0.362152356349534,0.117094635961943,0.480479624218762,1.33094734873367,3.03779702216485,1.96110201073327
286,2.49879373353008,2.91185217882363,0.563596459632283,0.25553629469842,0.33307216986998,0.358252565770138,2.53738338716038,1.94436525815547,2.34711829372535
287,1.52767143315714,2.93402921711438,0.155569609644797,0.103543364245238,0.169948753326104,0.0992042205426433,2.05067723055104,2.29575243135003,0.960733810456605
288,1.63344654996246,2.255421514181,-0.117333204105072,0.141105935338806,0.385506539301666,0.258253690970876,1.73539442895933,2.78907336447136,1.11570761723947
289,2.17445718986329,2.60294797106361,0.190232178856795,0.30878530489533,0.17507893390743,0.628749315746744,2.48467961689616,2.69226472100654,2.46537434585701
290,1.96424511496022,2.97981837806255,-0.308669521647988,0.157955852339144,-0.0780221267752259,0.0218318646311633,2.21573913097226,2.29207149514495,2.0504349682424
291,1.5688435240889,2.85140189546627,-0.0853429830295787,0.228185322105457,0.183166129062695,0.526199121771936,2.19582581044965,2.9794675313923,2.64170345658281
292,2.13410572561168,2.17497930501103,-0.027467810957402,0.233971852047709,0.101957407562976,0.08365497712964,1.45045378117232,2.52720831372152,1.89091197415428
293,2.16810803384382,2.31489036255116,-0.043643341754464,0.292646824911584,-0.0743492052960028,0.218003334850065,2.77925385627796,3.1310291436261,1.98003852352277
294,2.11353145734107,2.97818213077653,-0.0392585722519565,0.312683233740802,0.264665415859051,-0.0544382002637193,2.27116780131719,2.6589280453657,1.73655265423949
295,2.38165752850976,3.00750672992792,0.0996304420931867,0.535538988580769,0.140472683381824,0.407158496722383,1.89696030591883,1.96726568666564,2.58010319173824
296,1.57539633718121,2.02202433395204,-0.0617096250605259,0.100995043105857,-0.0756943565166418,0.118096507222671,2.58758974421744,2.59772333763272,1.41668557666617
297,1.937968205906,2.50896684062254,-0.0280463949056833,0.22781701571671,0.188107380992963,0.395481190813157,1.43645055551924,2.75604424021639,1.25125992754281
298,2.38535139790836,2.88376525228671,0.0566969527009505,0.100252277473005,0.0665710384675611,0.362578212380179,2.35357239969409,2.56621472566373,2.82964741075638
299,2.18326233760513,2.33248865535937,-0.130601818887704,0.418233424201227,0.361993658715737,0.603265757720772,2.2870728217575,2.88811007073522,2.21478992429083
300,2.43918493527094,3.26858463704691,0.04103258382368,0.270101543608127,-0.195512895442245,0.348656363748888,3.13346167402439,2.24499589994575,1.98386442506972
301,1.66002706968215,2.00162970621121,0.337551864592317,0.0384950039811782,0.134386990546956,0.283435946175999,2.46632801836023,2.38429706905149,2.51403359456024
302,2.01009938442088,2.7491156515579,0.289497711484795,-0.0637244670603916,0.453955228595737,0.344344804772763,2.33615545466095,3.34286251460515,1.21347069308844
303,1.96232829620578,2.88469467572026,0.0860011944760843,0.0787789255229979,0.311027969733289,0.0262672519029371,1.78722453871017,2.97304963242,2.12293882271379
304,2.01142890528518,1.22917774754231,0.141000037056966,0.205436182305064,0.205834690426402,0.420292397773954,1.90415702860216,3.12749458056827,2.50533792014015
305,1.43676673797217,2.24534625441613,0.0786836546190956,0.357527821375021,0.0355019068238325,0.0352468485725938,1.51278681760045,1.72177795486828,2.55255426031554
306,1.88963980179761,2.15658253116702,0.103062716209135,0.100258410461562,0.122444398212577,0.198470210461492,1.79764747704582,1.6695966454162,1.40219488755075
307,1.70144459847391,2.68634512740501,0.0229297356070721,0.372023764562645,0.29764036033723,0.522352142766145,2.64724579029826,2.77730581296873,1.02071328282629
308,2.31305945185999,2.78505478105265,-0.0198569178962327,0.433158634500928,-0.229383926643481,0.424607507049064,2.62380334677047,2.34379578847818,2.07519218428979
309,1.38231473585421,2.2940268038847,0.0452078986827237,0.23307172683548,0.399759608559568,0.312965352753346,2.19944409680154,2.08551910309045,1.36253971138737
310,1.97649473616776,2.43527523080546,0.249767711519597,0.292303500375666,0.112074917804468,0.0619714920818006,1.74204275486858,2.50883431946509,2.22936568452546
311,2.0181020128368,2.53214616326124,0.0894263103457088,0.136611200331687,0.212963003863707,0.211621855674906,1.92125468865175,1.8466587193969,2.60373663361193
312,2.76414351558737,2.22673332316603,0.082990874257791,0.102141494846576,0.366629715024186,0.067084611958643,1.53143505315086,2.06753345143792,2.13408335642214
313,2.5803465017387,2.82887466875668,0.201324929038641,0.245109867500426,0.425313050414389,0.455904892022607,2.57058944641463,1.97783477866642,2.03105977762998
314,2.92058616385069,1.634602754296,0.223365544763059,0.606246301833018,0.135706292770831,0.792410169761571,2.36002352070447,2.24479035234517,2.41324677531339
315,2.16714007727605,2.37861156481174,0.120754399299603,0.0397195730809655,0.133417694447408,0.1022739063052,3.08437274947888,3.13760120685036,1.7786844609364
316,1.7728461960414,2.34789685190553,0.120797186243259,0.325528570800157,-0.0907041826147607,0.289306774092991,2.7013985776918,1.50453190730131,2.47627302169091
317,1.96980819778973,1.948431462645,0.108443399107788,0.332491681544997,0.212959713000709,0.34779635294027,1.91371443926095,1.65837494161642,2.42123774319256
318,2.2795085826368,2.78208393491279,-0.0213882527724526,0.412079217132785,0.0764728595907418,0.496582442383966,1.81480248508677,2.67189262097895,1.56383162864897
319,1.85288193163592,2.56241781287227,-0.00243891444818243,0.412994392659384,0.102160286534725,0.308632752778719,2.04566313822317,2.92848681471995,3.39350372066774
320,1.69084319177994,3.01760684225903,-0.0529544775302361,0.0119941279632373,-0.124603395642052,0.154275406184945,1.8143057348192,1.55613369548621,1.47674857477085
321,1.73891130113086,2.21495563885881,-0.0995362248216543,0.228990202686601,-0.0252004892956024,0.415079012653843,3.17800171030115,2.49748408541011,2.80130180762897
322,2.13802375127394,2.90528192696921,0.163572079320567,0.225913524329169,0.0116387126372676,0.572323886346856,2.18287783941625,3.37138369342474,1.70422490395912
323,2.03851214038678,2.28716281711304,0.209841739984154,0.1000507127401,0.381986042789914,0.0414940363643809,3.07881298859099,2.19584071785969,1.83834383472927
324,1.631592236566,3.05886636249755,-0.0713073499568544,-0.00360617244107936,-0.0413763368098941,0.258031475601765,1.18212400793615,1.77822471499518,2.21608550614731
325,1.42222910588666,2.65193484883382,0.157331869116154,0.632589413630362,0.27166241808183,0.667870653524958,1.21446660442263,2.01774801643692,2.02618781616748
326,1.664188518151,2.61255709750988,0.152993575192532,0.29186401851674,-0.0403370513469615,0.538757383698689,1.63398737252278,3.54083540725824,2.62428172967211
327,2.54964020071132,1.93590090983636,0.132159066362871,0.172381543739766,0.231345374868664,0.264071217801267,1.8235009557042,2.23626064738214,1.85107637557438
328,1.50973568912257,2.61604006350182,0.11996744373225,0.235945069619018,0.0596221361536163,0.134181332233757,3.21569633997574,3.18295740880898,2.20259828797764
329,1.85524873571989,2.64425182076847,-0.0228460558107544,0.257212417513025,-0.291596134433817,0.317466407395632,1.26756163669652,2.49089582811807,0.898362038669678
330,1.90789507929414,2.1812694444837,-0.117452070091746,0.230446289759751,0.0141774663476068,0.360557719556751,1.77396311204706,2.65725278788907,2.60551905661588
331,2.21783991185535,2.70196171472192,0.332492461119678,0.523246176440213,0.326285726866916,0.339029928034948,2.69605633021205,3.34655455966012,1.87327634057661
332,1.92816266316311,2.88158164566945,0.0454144141092722,0.344394546351884,0.0779424444792343,0.603455091998377,2.54098310710389,2.39136557830806,1.60106872510139
333,2.07808900296793,1.81109466363234,-0.0544689454057833,0.17618874811518,0.0155097121506069,0.0998953640081092,1.5307431272452,2.57086195226777,2.08980379701681
334,1.62507440600053,1.44196537693945,0.206662191055034,0.370013641195668,0.376459619158111,0.26502535497092,2.03753081494902,3.09431313003195,2.39611303817216
335,2.25562786943138,1.35981926946962,0.232018555424801,0.0897648428408119,0.353710759790842,0.314905050779831,2.14332260496737,2.82608278647925,1.067061128849
336,2.47458279621016,1.7919041383627,0.251334286104891,0.27482661553875,0.220194717145026,0.170291045614151,1.99570791138682,2.78994152495677,2.70746947450079
337,2.3224878500845,2.75889977706176,-0.0625860270178804,0.212739295810466,-0.107126979321921,-0.0836616995909169,1.66293326346726,2.69929641305693,1.80649512017786
338,2.01737926194886,2.9010151767422,-0.0961706146933185,0.39929254011544,0.0162956075399961,0.640595252762123,2.16719634227055,3.04187421930597,2.0048126623369
339,1.72304848519153,2.51758260456754,0.190842649179141,0.412833198968644,0.229266662496091,0.561320734674294,2.12663767940743,3.06315191152377,2.68086137705384
340,0.655854445471956,2.90330341399788,-0.081785240188873,0.234405565530681,-0.111121872910658,0.168597698678813,1.93378118293204,2.85690221417045,2.06828582538513
341,1.82807832389141,1.57407855586202,0.219516569973246,0.0811949295003499,0.304737335620578,0.184155822256051,2.73968884789549,2.08876516304377,2.53014406560588
342,2.71411178098967,2.73231026210163,0.318260317289239,-0.0828990504350971,0.0439212676148927,0.0310527170508038,2.05367287022506,2.68963044405212,1.72434433089816
343,2.67584487131336,2.31282644719507,0.106188051796527,0.239108925390603,-0.121513891481788,0.287470687743967,1.97526187204338,1.45937391172969,1.53875050025958
344,2.04309465883388,3.07203982929512,0.291725453598077,0.176503405470684,0.569935861826447,0.435238646031315,2.04025797387047,2.81520306122803,1.84961863350761
345,2.71950533830989,2.76794804891233,-0.168886638964239,0.24343656029461,-0.223280355834504,0.0797797606877779,1.57069879401071,2.68594025587002,2.63952618153341
346,2.54347358090116,2.69437478921915,0.162134344942296,0.434548521068604,-0.0331224179847967,0.389601363266309,2.93082222388515,2.8476242237323,2.37246187815463
347,1.89437993350182,2.49355566577148,0.169995886259661,0.053572010999947,-0.312812362715075,0.482999141586328,2.95768354301719,2.39015100912446,2.06156373528723
348,1.93493839323751,2.28397457731321,0.229271374038913,0.12453097506082,0.390898562834704,0.183010062372142,2.73546061312148,2.26190227734999,2.53528729505716
349,2.29202596135136,2.53047902141455,0.153857355892528,0.0395324338674582,0.460066341716365,0.146167346378757,2.44286977499707,2.83133404120106,2.24074641401209
350,1.53995125230585,2.04064743407936,-0.10984628482183,0.308286695541949,0.231638649833435,0.60978657309185,2.14592630884308,2.79350644741876,1.81733680921053
351,1.92675793131367,1.47350354219577,0.0121578100611389,0.258074627810434,-0.114683238835877,0.187496300725942,3.14348109840454,1.37397666184921,2.58687689562407
352,2.0376500929799,1.5965015071632,0.159861869681332,0.248274662882841,0.131301037784651,0.283202979610432,1.50315448294398,2.0450808708531,2.3106362844699
353,2.82133290840257,2.65429474823354,0.151393620204469,0.459740452506186,0.182984147933037,0.511847191727727,2.87817050135779,2.51398232113811,2.30535487950051
354,3.17978813668549,1.41197494352514,0.36757546286164,0.111068689163065,0.35304842889969,0.376734376765334,1.92926608423029,3.24378012833642,2.98395130630845
355,3.08558333606227,2.866573762632,0.207170627376082,0.16010904307317,0.00990976272790855,0.452206468660892,2.11671981564478,2.98702402071057,3.23701441837949
356,1.90207869910061,2.16379711326867,0.0192507082377934,0.178135379860783,-0.147870752145631,0.493075165103035,2.08062045359618,3.60791788115621,0.708131506772253
357,1.78054059830059,2.77448235520463,0.119291373552355,0.245343172568269,0.115474779290991,0.314591471593342,1.51693914664901,1.17059118568775,1.7599791028325
358,2.69839232052212,2.38764467323952,0.277442702969373,0.206839053036899,0.409714862528782,0.272639011158701,2.71130382727077,2.7385427519147,2.06719340751811
359,3.08381636612716,2.54888919796035,0.407117863607037,0.267756329745066,0.362672438969042,0.532914779047803,2.02325796791828,1.57914931411669,1.95552942441249
360,3.25348799127308,3.01436056288221,0.24978924679945,0.257060592133567,0.357046240518094,0.250667556817461,2.88572162430106,2.6095163353456,1.58008800635602
361,1.56984292356824,1.64496931911302,0.361062661188161,0.264316945756997,0.217032064582326,0.35373152868722,1.64156636402767,1.45922437806019,1.78813819833614
362,1.97082876618572,2.21414793659196,0.186963853793496,0.227429749551816,0.227781755116058,-0.0717580141341877,3.10790607211159,2.50649476344036,2.0785944442757
363,2.12767227781344,1.57507965490559,0.0581388171160392,0.0611927037532948,-0.239265183948741,0.344787516315228,2.94159679567449,2.55001901593971,2.72182801240142
364,1.33600397160119,2.49871239400583,-0.286823977763036,-0.0787063418472943,-0.0469286853910412,-0.423614004559526,1.13783695155743,2.27580167398887,1.70969438096146
365,1.97660514466427,3.33587137961318,-0.144334817487692,0.300210110028551,-0.135630375684723,-0.0899321123981854,1.20519000518042,2.32396053729478,2.02766460842701
366,2.03504505502904,2.16371163325417,0.0801073753632979,0.23169046326663,-0.12250026836739,0.306120128572348,2.44326339055567,1.42179337679085,2.40056014382546
367,2.12692107519757,3.23358924648346,0.0107995989208646,0.435356607280204,0.13495745262119,0.278401646113548,2.68594077869244,2.95452000480718,2.48993987208304
368,1.19581996347812,2.67905838151444,0.0670111170698615,0.340265993444738,-0.0843931451897512,0.251726224055713,2.71745091087485,1.94875992397476,2.35333860922027
369,2.55678959349474,3.14918543376443,0.061199246023318,0.170821039336944,0.02887667150257,0.288212361183358,3.20517860545458,3.07765547769817,2.4729392000372
370,2.56068444642654,2.90260824633188,0.0988082639232034,0.165423261683084,0.251004183507913,0.560574703411967,2.70732088082021,2.58747362762428,2.12712759864394
371,2.49398884383797,2.3367052575056,0.0483276337734472,-0.124263521878072,0.193903123192241,-0.11257389320196,1.67762870758422,3.36025388203203,2.68169337549739
372,1.25328357361373,3.12255278433081,-0.0254533454532087,0.25293545238589,-0.121710971020484,0.249173696242764,2.17268733708144,3.25437321274607,1.32210788844906
373,2.2231184737155,1.9351882505019,0.0281090272197273,0.335014919625036,-0.00678639604900068,0.223267410796786,1.70227540478611,1.96928709120836,1.57701603583009
374,2.29078349886559,2.05087222787227,0.201322815561873,0.370534560372093,0.414509852817902,0.400669222562466,1.53856801371223,2.15940454677244,3.13198234777022
375,2.13955066834984,2.17349775379672,-0.32390276462728,0.298379050985668,-0.273252199999643,0.339887955555366,2.51268814772358,2.8411471104621,2.19334526515862
376,2.00934565449439,1.95285686359852,-0.177188948810454,0.306843716845052,-0.151538070019233,0.42873560082098,2.16422596703334,1.72567250584825,2.09408568443483
377,1.11659051360572,2.97580345097113,0.0993851176130511,0.257134550467214,0.204524520588508,0.542214831799653,1.77350574634534,2.13429534163114,2.47542302147799
378,2.84760858190996,2.65674256176798,0.150494589834844,0.296689542215953,0.201340533336312,0.500373784813472,2.45308975915318,2.31626852128633,2.50527997539907
379,1.73834741093388,2.085242690605,0.310154758345355,0.45332401896494,0.342301128327043,0.593621313156759,2.60303837115806,2.4378656146743,2.19218458951824
380,1.70854033295503,3.43031151092328,0.285091825219723,0.416868575140561,0.225578809597702,0.621871698799478,2.84088291373068,2.23225979192454,0.62366720267364
381,1.61122565719527,1.67524392885448,0.405954478715887,-0.0101780156392844,0.390839089844026,-0.212137060811105,2.43131927559841,2.8245894377016,2.05496281267562
382,2.52200321071771,2.07928673948365,0.157940388864884,0.137017748726987,0.118872583215738,0.360452156621697,2.67535065199432,2.26341418226706,2.95525592237907
383,1.78648978074296,2.68076898124475,0.215563816362527,0.23169809373272,0.216185609162416,0.214468961795917,1.36907476415983,1.92661372087938,3.03438763102808
384,1.77394907600024,1.74280292220705,0.181644155333175,0.302306381831811,0.243658946719656,0.495613154010693,2.35938252818901,2.53159395034252,2.71321072221502
385,2.10486916048267,3.22281206004443,0.0811443861562222,0.427187123028799,0.246419914185229,0.385637997425818,2.39917222759265,3.66516587555295,3.22451770581393
386,2.37774680662603,2.01003487981447,0.170118571934182,0.191819626732539,-0.177888834849493,0.17338449143044,2.14060419778765,2.86304512946036,1.72149104177815
387,2.13440028198616,2.18626919633587,0.293491905753558,0.139515441420018,0.362045725740796,0.323838133911978,1.98335727879926,2.9150031448115,1.9599277861405
388,2.84096628760199,3.27044340802568,-0.0290517685898091,0.118500713609409,-0.139253014064905,0.752967283807454,1.82395479892949,2.40712978938863,2.22852150473403
389,1.8396716707799,3.22151670253105,0.29789886037265,0.305714838590342,0.438061399455661,0.332104619308373,2.24303582986651,2.50643796867141,1.56045024611385
390,1.46994684765627,2.16474711014176,0.0105036748425587,0.263490997629623,0.361916345110157,0.249601356649202,2.05680752988005,2.91361701790033,2.49857132037476
391,2.09787224989118,2.14972175067392,0.0300703467038741,0.310891757775096,0.0572676522969092,0.491600490334871,2.01998294392779,2.26413595836682,1.51650768607852
392,2.58009064374764,2.11926265774142,0.0731996021345299,0.262866756780894,0.38869509175498,0.477721212951911,2.30314829320796,1.37780663893486,2.77883601455679
393,2.42801764353721,2.12156818575121,0.0178853152424852,0.0864582550588721,0.02466057728282,0.0555732377250989,2.03948070561045,2.39277513893499,1.28080448868613
394,1.85815368957989,2.55327942086111,-0.135991637963015,0.207964528718713,0.0547801040509613,0.358721772805791,2.02481219886333,2.40629400598456,3.1598248677728
395,1.76256058734563,1.91665088206431,0.283160580056532,0.232369704519876,0.234701684950148,0.368428627463671,2.01200452539077,2.58606571296177,1.58390286365522
396,1.90395594602673,2.70462422477476,0.0934735188336953,0.125716076749121,0.00720097785682918,0.364627343483265,1.18028184724131,1.75119827130514,1.67371053435911
397,2.0965514726521,1.79131423887403,0.0687667185555056,0.409181713813623,0.526220164020787,0.635943451447007,2.31830170471746,3.64096204281468,2.49842442915242
398,2.52574850897034,1.58486293441555,0.0672145392210331,0.181987767871586,0.0298615832217795,0.168792082544886,2.53173696082252,2.30308470975712,2.43375161213583
399,2.66761224948646,2.60839229730177,0.00902338840692902,-0.0781594270878484,-0.129761697113035,0.210876580062523,1.99198935289127,2.41103403462912,1.97739856570169
400,2.59610969503339,2.01527749554416,0.0158704064873829,0.343212456542739,-0.0118215477131688,0.430907391019909,1.91851450240916,2.38458779204107,1.58460128690729
401,1.99757366533434,2.93547487260394,0.354959570788779,0.287024767190829,-0.0905015407713232,-0.0187172769018311,2.24488429983625,2.73989621373916,1.29699086306397
402,2.40104870868585,2.41923152762057,-0.206998323563107,-0.032498456461804,-0.028915150041919,-0.128900301117722,2.55924752523742,2.03001293000782,1.39061901523144
403,1.38790070533503,0.945472954982449,-0.0208382023019065,0.0620187266588824,0.366773388768179,0.177147774198824,2.22307563726447,3.16770081895477,2.96480805366509
404,2.26926547640582,2.83753136793073,0.172943914096603,0.00137857862973254,0.232005850413261,0.187260802685337,2.76949494069121,0.943404397158629,1.41861837857698
405,2.90302023124901,2.69111705702092,0.115216269162014,0.119342980052022,-0.126937128945709,0.245483366040235,3.24878083268926,3.40339944543701,1.77585202838441
406,1.1412287784347,3.26731349377346,0.247026781796066,-0.0405218624355352,0.414456108424696,0.0372935251847367,2.27951169346915,1.96575104411663,3.12205686241018
407,1.76933602627642,2.81145980676307,-0.0248508656836278,0.257666298320066,0.157892930722626,0.607510960638266,1.73156031499148,2.25307452983441,1.3080355569606
408,1.47009747043119,1.7097164285728,0.153333624872028,0.105017850890185,0.211306083579149,0.273414521071196,2.61856779201861,2.52216625434215,1.76941877213188
409,0.696435864722445,1.8929191120253,0.0862464855530535,0.189306705670869,0.160862166769065,0.113417031816525,2.08759391840239,2.41619866375969,2.01798100462965
410,1.68975818152632,2.23091029542262,0.00777325374250046,0.160033516407741,-0.0438158978689553,0.0416949492260576,2.27703797224581,2.86343970095797,2.14945827049645
411,3.02544808196792,2.9255979924299,-0.0933023598039386,0.187654139954869,0.290548358655879,0.175923283944479,1.94603501607808,3.33424282975835,1.61688660656963
412,1.33425817962797,3.10161147138461,0.0496196666621195,0.289274555793107,0.534536812963813,0.387866528362812,2.94169415908984,2.54970670915256,1.25643810504108
413,2.13640418972243,1.93896219928296,0.0969940623076041,0.407468289914971,-0.21502378598108,0.590825642228863,3.01916706422963,2.40917149581404,3.05851976160843
414,1.4545080144193,2.0877671769432,0.024327431373577,0.105678873980752,0.239225298018514,0.242919751081055,1.54061554557594,2.66364019073797,2.79685692583233
415,1.99809609864455,2.38053775432429,0.00241287376946391,-0.166570180092324,0.121629422378462,0.0796860412773015,2.72054718603729,2.99860928992579,2.53276384483606
416,2.1377368646804,3.74133577046089,0.128247853954743,0.197735167157752,0.20726165817663,-0.0502963072560534,1.69724360032216,1.53135694522565,2.39729293309418
417,0.674243007274432,1.51232908018556,-0.0866887904790419,-0.289555710332238,-0.143318761862059,0.0983008396647234,2.15310559409815,2.85295510622626,1.90319159069975
418,3.2187863762604,1.39578828148772,0.040060900776079,0.155916392145848,-0.128045151555923,0.33541339731208,3.33709129686601,1.86216525857025,1.48167475139338
419,2.70579829246167,2.03365366572901,0.204454389615473,0.219473209460578,0.225312341092416,0.167162031540433,1.57330914075392,1.52485721071241,1.8353062630198
420,2.67572549708325,2.45567019662087,0.0772264000687957,0.148590877565665,-0.227370886767496,0.463818964547387,1.97150624314597,2.43099571852692,2.13712472930207
421,1.15618201889767,1.99742385028815,0.0489708904113786,0.233523789426154,0.318717152849084,0.105106942793853,2.46211263516843,2.54629778619626,2.77573876845881
422,2.93956894877627,2.56301974007291,-0.0233071229795216,0.0366623302956935,0.0574379098418932,-0.0947841100477318,1.6718596071522,2.69559078338801,1.85103760301409
423,1.48618875706948,2.0351199107364,0.0995535174636447,0.228972222957494,-0.0142374095438137,0.272299619690195,2.11922551649557,1.99720343560147,1.97650682173044
424,2.39499585329802,3.6002477291681,0.157728937241544,0.155986738103548,0.211463818872426,0.299603907291798,2.29654231591932,2.31546935771908,2.2191724177736
425,2.56748127209624,2.56930448779609,0.0986478805445426,0.232504867144924,0.00332090620083948,0.535111340451253,3.23554960667738,3.30992572801041,2.52368560800041
426,1.33468972986871,3.1781071510425,0.206309710087195,0.278820775324274,0.515838424125784,0.183036855111379,1.18152687536061,3.28494625142912,1.97949412106645
427,0.905855347567961,1.89606485120264,0.202381456851908,0.316424324956952,0.375065640069122,0.394649836213069,1.48904791914096,3.0696976572113,2.91124090544096
428,1.69167787228427,2.46391540692192,-0.118232230888469,0.217978732891719,-0.0660942367092391,0.35572571787621,3.2992876457351,3.24148023776112,1.59715754826047
429,1.08374128718689,2.88175495303037,-0.171093112799792,0.106147144084379,-0.242913770423872,0.169874083611509,2.04945750845759,1.95989060948288,1.93105737434034
430,1.71015508819134,1.85064433522794,-0.0900864353602611,-0.207695459455416,-0.167508663294173,-0.0352121993074273,1.34309691205602,3.39953634000601,2.44124138893509
431,1.82289980095746,2.84131779177796,0.0374479405288867,0.41154487118283,0.0449930365457746,0.299409658248354,2.32358754548654,2.20005724033155,2.44704774876269
432,2.27492658473907,2.77046676666871,-0.0243949076091469,0.269572811263699,0.15599822866217,0.486315606884013,3.01632746095234,3.26646286407887,1.93055411461788
433,2.46513569816761,2.03700330278852,0.0154711381187444,0.387631890240493,0.256935734856181,-0.106146165979266,2.2769554735903,3.24968856515136,2.09315694103367
434,2.52735586702665,2.11073521415059,0.203756286607148,0.271437551486872,-0.178620369171305,0.475297278958009,2.10461397191927,2.69975089330745,1.55199197611871
435,2.01278790764643,2.40238019940049,0.196021451540967,0.224601202738655,0.214219996061051,0.308162675094498,1.54424311779759,2.37885265947656,1.84775337011956
436,1.93558414023658,2.62397891245487,0.0950696726596464,0.271698810539545,0.258993450359847,0.402295764001704,2.31887868935241,2.00045611768503,1.77335674573428
437,2.48895503880478,2.14759219022391,-0.0375314323334049,0.328409174108667,-0.374770585568159,0.394994396874864,2.08295615121445,2.52675586132642,2.51631825171075
438,2.04978358974538,2.10459587306306,-0.0239217612467328,0.251545617792968,0.165756433623174,0.567696312294498,1.71371624372798,1.67838776930358,2.11193011781367
439,2.27481350732892,3.42738135370384,0.135134686038133,0.435462258603948,0.0769912739461786,0.413551767299777,1.85346527272765,2.38746856719873,2.33677195468786
440,0.469049769315768,2.75975883535569,0.180805308521326,0.0903338610660456,0.297136741555689,-0.120875104066942,1.97589757096578,2.33796402517672,1.37763478939904
441,1.77448698194889,2.5741860668262,-0.0113461253656572,0.205336487209893,0.0886859370890503,0.0191438761096099,2.82009953587959,2.0219469350555,1.64127766144545
442,1.35637000750398,1.79544604730347,0.0841634489496391,0.0747125598277745,0.210863961924,0.0970141422336667,2.28492635216776,1.97393341232745,2.24215567049254
443,1.85357586214337,2.59326076619763,0.231326820118804,0.303191988032111,0.233753079858397,0.501510842664887,2.44274650535997,2.44588313521389,0.940886611023981
444,3.36251587724493,3.29406184887573,0.155670460860308,0.356692430153005,0.12580772544205,0.334849556280959,1.5788282903323,3.76207811604638,2.17523919368009
445,2.53212152420214,2.2295824450342,0.322373924896396,0.281837211437957,-0.0696402229007664,0.370125430222904,1.7058531343408,2.51439512398603,1.30446674586905
446,2.21426541102853,2.41185666003668,-0.0490821680793651,0.387040110441189,0.0011190045179144,0.439431743368759,2.31029395259491,1.6460961215281,2.25474470914387
447,1.25336069877168,3.56688489648019,0.189147984984509,0.379821450709606,0.0457402999620931,0.625032180656215,1.52275078952135,3.6070577973432,2.48011835189134
448,2.21441300349881,0.870881031392394,-0.0272290355841902,0.258449235050119,0.425606869223531,0.0870919971827639,2.88533980678005,1.98104501511037,2.63466692001294
449,1.90181891132731,2.38480380169828,-0.0137022781772513,0.0345050883565557,0.0909879932008474,0.214157044365141,1.60214567141048,2.92413632688916,1.89808731346904
450,2.1733526691093,2.78923559303068,0.0986097458939451,0.31998300589758,0.335337256770376,0.667459194821027,2.05409302426817,2.42664710608615,2.02799733968486
451,1.37260107248202,1.94514434374857,-0.142352606168098,0.253533007355684,0.115652290048894,0.242766346502488,1.88601418734942,2.29072366410316,2.10248071877417
452,2.48782072898989,2.67358090181998,0.191234628461751,0.245640032366517,0.134842141009133,0.501688989627637,2.64735781394226,2.2060173708868,2.15991360453663
453,2.49174139847003,2.24406092598883,0.134772413891915,-0.00604850804263384,0.103354033234402,0.149435688783517,3.31848655899548,3.11774522403765,2.75491594748359
454,2.49720963035486,2.48699439730261,0.166873445596436,0.187515148090543,0.00742416850830322,0.32887201334548,3.20387914691058,2.95024494286333,1.74892970895724
455,2.3815715416219,3.11152277937904,-0.0648705886352829,0.413829550502279,0.176668193682146,0.44825258696534,2.98980671776423,2.83389172743354,1.56676832719418
456,1.56583848306814,1.18712888144307,-0.029951912774654,-0.0569973708029563,-0.234301919565397,-0.0368538417290323,3.42027053198891,2.6927391560937,2.36103594660921
457,1.39538799814434,1.81023875710086,-0.129931979267237,0.135165689790121,-0.0824072003981192,-8.76623385772893e-06,1.82056627568924,2.78608056735136,2.1620203962775
458,2.60948823599593,2.95663762958386,0.0085452081443121,0.388074053862279,-0.0610785571089405,0.457638342863148,1.71067235909511,2.79142665174661,2.4670853027134
459,3.27069196193072,2.03266609319324,0.267642616284933,0.117987723874269,0.28999466909105,0.562780457115795,1.82535862946355,1.88739027514152,1.96078875878802
460,2.75885308357256,2.11261545695879,0.0381180919473314,0.333382729120609,-0.018467221267524,0.526949979477754,1.79316017956434,2.43682247395287,2.06998581889982
461,1.80621849637296,1.60614358170122,0.0377706040105149,0.194827178714811,-0.0659533941543143,0.214040908041768,1.61596781331455,2.702412329191,2.16247896125261
462,1.7562426073715,2.71269740774878,0.0281843378393773,0.110565243663176,-0.0216446285309221,0.61224275518417,1.78550556201388,3.11242211805664,2.67730588661643
463,2.25346878335292,1.7497684926775,0.115790450410662,-0.0780127207293486,0.116767154631998,-0.134122592342873,2.60387821419046,2.76880587421804,2.64325314302164
464,2.22680548012082,1.44566551178866,0.110480665244833,0.130357841414658,0.208878524213229,0.287758864553468,2.21153743509449,2.55359785731039,2.57681773275513
465,2.62583088252221,2.00296600084479,0.134318029389034,0.376423642564797,0.13831660549825,0.357871705437359,2.42038089281564,2.84121169849125,2.39791077876613
466,1.33503310022572,2.9178637498282,-0.364557675368928,0.405703019738758,-0.227439332157583,0.414081154843078,2.26617782857139,3.54646813139682,2.01750989106078
467,1.75174520757102,2.73040695772201,0.206531623999371,0.0791917280414252,0.0886029896786834,-0.0334194120852278,2.39767741845046,2.34068356372724,1.95260147940198
468,2.62130649567444,2.48829552312205,-0.123825329976255,0.242086650350164,0.0972763255473756,0.136699152523805,1.56280116919818,2.21724122476296,1.39698258828311
469,2.17782713150929,2.40838298116885,-0.0616995724314117,0.163125770965114,-0.341688947215991,0.435645860797277,2.30766000599545,3.3558385561741,1.78053710366698
470,2.2825872687339,2.65968811756552,-0.0257745913543422,0.119188059316207,0.00548427554811339,0.303742374255231,2.31796141693727,3.35516860446597,1.75378782855289
471,1.77319790982661,2.47115904721856,-0.131711542637703,-0.08672681489814,-0.427366331371898,-0.0373471777977084,2.1896754835787,1.96286996216754,2.76630377654744
472,2.88773933016204,2.6201604390295,0.202609461741113,-0.0104235008798078,0.550423855536823,0.321912463972464,2.68645945551002,2.33202976613088,1.9318312025943
473,2.28197231759795,1.97354829863186,0.117081104635836,0.198629727197388,0.110763744502062,0.165150470877847,2.40175051268797,3.067607098172,2.07441184231929
474,2.16288004554362,2.18012173916747,-0.0835660527926535,0.0263704320384583,0.0550100240201183,0.0249379051164868,2.44405272465308,1.73757078435219,2.18137575611531
475,3.26447065652687,3.06206864463702,0.292523374564753,0.530116785156565,0.239241264650516,0.176053902400245,2.67059707791544,3.48804765558558,2.10036521677192
476,1.76933289555506,2.23580801507179,0.103532611748843,0.0474944994801443,-0.0854975891193296,-0.0430604326393369,1.39826512407752,2.04855192642395,1.7512469860325
477,2.06221579316517,1.59516407780464,0.289001233479153,0.423552659227964,0.238382450334154,0.616462878071784,1.97781638714683,3.58530587037984,1.06819016443727
478,1.70445834546694,3.10457032369072,0.144950068682686,0.301687754030149,0.474382338470809,0.38913952602243,2.05122084848597,2.06152069955658,2.09649324820939
479,1.11843481070675,2.57918709968719,0.125831389173941,0.395181255368215,-0.203254679776929,0.530356720804626,2.21378595231395,1.95271434474694,1.27130204817046
480,2.19545538859327,2.40269280615803,0.242523726548876,0.21937352389859,0.483526502894216,0.378294395261362,1.97595126858741,2.33062543945149,2.68784788634569
481,2.07487750803311,2.93617488175435,0.0762083147159372,0.273805728559284,-0.139834939393219,0.452895324335545,2.14413568632784,3.06919829949616,2.30866881625521
482,1.19535686361549,1.71311107959561,0.248018029717045,0.237682880853651,0.341733574630575,0.531604877641279,1.77198562150835,2.64498512320511,1.94925614982046
483,2.76763324569575,0.775805593926833,0.223227278788224,0.197951428000026,0.593087624253728,0.22989868943634,2.46764542099388,2.65340779034894,2.49158331008971
484,1.51742337062753,1.54845737825125,0.0606009394869216,0.18801959144444,0.0485274812313136,0.0372798177414784,3.33084262350023,2.71169144281545,2.23634786248334
485,2.37283125147451,1.92656805045736,0.214241152077121,0.129584523616582,0.151820506396168,0.429081287297159,1.82562738662179,2.28235020328447,2.07757612962494
486,2.03514146795449,2.10084170894853,0.181865174687186,0.225230320416373,0.292085338110478,0.239193687863405,2.64927703347686,2.71462570442526,2.47349531902101
487,1.5041842769664,1.92228103684892,0.0457099003716251,0.235681191127884,-0.179469401541262,0.204608439424996,1.99454724107757,1.66780461036381,1.92753096220548
488,1.87033778160865,2.87666384313465,0.213345082933727,-0.0489698855327563,-0.0139939865439482,0.184748363478421,1.83577522882477,2.62294297075575,2.14096422160846
489,2.07119024754042,2.21157003761225,0.209141440616874,0.193863870863522,0.0950806151293437,0.080832588527966,1.84668488970457,3.43367571405882,2.26757974715671
490,2.11228320449,1.82599763414416,0.147586931322712,-0.00511787618247123,-0.0523519772458843,0.303320766176972,1.75738904522784,2.59735914586325,1.9183912830052
491,1.70964434127557,1.91481559913355,0.296301826057815,0.344110879665891,0.103170246092954,0.400534081842524,2.92890304153478,2.65345234660325,2.38010538313399
492,2.28210980496453,2.29726907491427,0.193835691025593,0.200663927187479,0.177051569646664,0.0332685140382081,2.45220581197892,2.38975433610351,1.68687401622176
493,2.69802392820397,2.6453576492509,0.00605535834782068,0.110599120429753,0.247024499679203,0.317535039358275,1.13930352017872,2.11019774526587,1.87917571219704
494,2.05992907830231,1.9049733612198,0.259031683848723,0.00190249905265969,0.0880784985103724,0.153739491329431,2.42811586586866,1.74555274313537,2.61270376492886
495,2.84277633299278,2.77845312885883,0.168316693858792,0.27556707938402,0.105310873464906,0.638180955037827,2.97976868598033,2.66912296883451,1.7724396148537
496,2.1935926763819,2.27323405140854,0.0740397687918374,0.503146256923705,0.376068901929258,0.518878467624037,1.25122892044996,2.04720825587335,1.67831134458167
497,1.99916419426865,2.83395521824673,0.175815765937272,0.206114902667432,0.288103318168778,0.316711087935441,2.18675434749466,1.62264596611248,2.7921843396904
498,1.55908634518838,2.53079308370954,0.147049580800524,0.220613958897589,0.121349240239864,0.267027193407233,3.44974628370836,2.3310562341695,1.64996179473276
499,1.48052931504005,2.31756045762148,0.194203256979545,0.177724803174147,0.233074935262741,0.123888956748714,2.74305128946751,1.95395321687091,1.51395030560965
500,2.39115884439178,3.33748744131563,0.363503990074561,0.17653568207693,0.39889877331868,0.288954490978609,2.64281707448303,1.41610209683593,2.51665011680663
501,2.78226466036399,2.67642056140121,0.301659001950053,0.180206511105289,0.5067014074595,0.0730058004606787,1.78581093873012,2.70528171495481,2.39244589352538
502,2.24935213520307,1.9275397955898,0.17425719389367,0.260141765344841,-0.163463733965737,0.457716701726159,2.60456685156718,2.57578249637855,2.3060101063833
503,0.888145899395227,2.28328126218832,-0.18490981365889,-0.0947941738249649,-0.195599125388775,0.0116488306928561,3.29935945895218,1.92181884536444,2.03414177945262
504,1.99399825760564,3.25805469056341,0.180466043456786,0.15405873204046,0.518580106021676,0.24173102569744,2.2137314111307,3.30442736130393,1.66263690654831
505,1.53496386290308,1.8991680049839,-0.040256531380621,0.301037145497764,0.0439565293599978,0.328474631220341,1.570288619044,1.66721670239797,0.994741424804457
506,1.92067924696399,1.487140045817,-0.0822593676834566,0.0598345776285953,0.145416284645049,0.430789182945054,2.61860856507831,2.08749246811904,2.08241287121997
507,2.36007265447824,2.80040620280067,0.0687156922997361,0.291386911785713,0.353658368743829,0.172774772072889,2.44040282047937,2.06200516296814,3.12448554266233
508,2.26220906670219,2.68499092391652,0.0679396113282862,0.0218037192523984,0.257126337524257,0.175620529094245,1.41717153050797,1.61050286817436,1.66859370847077
509,1.88631493273476,2.39948118888281,-0.0415957816189293,0.331640535799165,0.0976905800774406,0.245891373677262,1.2298041503321,3.03155805838853,1.23377282535322
510,1.44793107321575,1.84048765271069,0.164459625572238,0.505569305019379,0.21878377153589,0.566237679758299,2.64815731339297,1.88163993130602,2.08464759596941
511,2.59581468998922,3.46587174420414,0.0067030168693773,0.129921081101763,0.128454366226247,-0.0511714498320229,2.08291898356175,3.21419579133619,2.15825716440962
512,2.06345748942532,2.28340713087956,0.250478324986209,0.214845484892014,0.218115562238168,0.461389562259049,1.61702342471676,1.98135131201805,2.86292768754684
513,2.25435686601544,2.74745227383622,-0.0339955491953623,0.304626931319282,-0.244845907925437,0.23482405071697,1.44213183581822,2.35755644929991,1.45402548967159
514,1.81264151808121,2.73801628548978,0.063433569053738,0.191565595228234,0.151882098721112,0.0450180655442108,2.86908787061416,3.238699951979,2.21358844078993
515,3.59227220926235,2.98182301437829,0.263599054931272,0.28579425165833,0.19194709851996,-0.0598453971741781,2.42124295326778,3.04688746604121,2.12036147324679
516,2.02490682039676,2.5621461372215,0.281367891656014,0.373817943314223,0.463006210181062,0.369839989837227,1.70627671033006,3.2466369344537,2.25302435592639
517,1.86919188301453,2.61410909550933,0.0055162771300472,0.471758862152586,0.1239538273817,0.49246591398209,2.06808509599364,1.93137020966188,2.38582660902484
518,2.17648540451482,2.24242270807941,0.0200924464499583,0.140661282947907,0.0609398970862625,0.256769767127296,2.67305590709333,1.90583590931929,1.96079445027203
519,2.01755509156009,3.04628464583405,0.201509906876631,-0.00534332561210293,0.532069636499546,0.00701873517805471,1.96084044470146,2.39636360108614,3.02654015171568
520,2.38005286053111,2.15104379882752,0.0924448056889657,-0.0492061349857105,0.108176524047424,0.121687117126814,1.75254681357944,2.54600028453684,1.57414005931153
521,1.6117523667843,2.11987571700065,0.0308206906478071,-0.0336538210575173,-0.0938471132051241,0.288381901614789,1.31298964931665,3.29102840733245,2.09199697521502
522,1.36185249184294,2.64145108746296,0.295201260742014,0.301330230074824,0.166921552880722,0.170143851617634,2.81935073030551,2.45155655047967,2.32308339595242
523,2.98547817763995,1.92554146771582,-0.00626120127700769,0.232811953354511,0.238517268513198,0.600626639215026,3.00772756685138,2.01047416586388,2.2545935401282
524,1.57879602989393,2.10444382611383,-0.00514598802503364,0.329614210491806,0.0656912107946613,0.522009981149269,2.63867618994569,2.52769037221183,2.41800145365201
525,2.18664224204335,2.64539815507639,0.248581162444378,-0.120257537755457,0.419551432389077,-0.192631295892648,1.9501130930126,3.60548773602423,2.12307784478693
526,2.92004390728262,2.69233327452995,0.2563594811984,0.230157978083422,0.39580656283156,0.426991594984464,2.7001507622584,1.8144055890782,2.70349497472337
527,1.94961150409164,2.07154268794907,0.0392463502828909,0.195953790968989,0.369831866408392,0.387384725064744,1.7149382401996,2.71314485680897,2.61310261424061
528,2.75499813468834,3.99030298818368,0.0981079519542229,0.0813643949770384,0.100044904549079,0.234758853870669,2.27909194078186,2.40693617472353,1.93149966775336
529,1.53811101185149,2.1566970832225,-0.113137492737563,0.257450981513827,-0.163810012517312,0.22302571770293,1.5910236975116,1.73458072553627,1.12818940328689
530,1.10206985693007,3.15007619646504,-0.136529211525992,0.319657953765651,-0.217764117068007,0.648698235332089,1.97483772019465,1.8772232995299,2.70533414609328
531,1.97296099904455,2.32895723184292,0.23411177526938,0.0467969585061429,-0.161217399344912,0.42641384922258,2.69428501869175,1.86131903732273,1.68531738078362
532,2.42417662815474,2.28163120690448,0.367025503235577,0.148882290526325,0.376147411756906,0.349907946562639,3.22358066825801,2.04217098266948,2.03073240534794
533,2.74327869861339,3.5301268495636,0.0223806072650526,0.467696053289058,-0.247440304767968,0.276079010553128,2.76779092935928,1.89497523273293,2.29363316036405
534,1.82709756038659,2.11018617570012,0.285836471342658,0.224157455792569,0.246961601067763,0.511754684887446,2.58362979446238,2.81384466687132,1.70746498885802
535,2.38007494914288,2.30341280948119,0.178004069794096,0.354072419084021,0.254879596769241,0.38859697405305,1.6446787322905,2.75261042339096,2.61771147914519
536,1.41392143353782,1.17493179652186,-0.0536048236671531,0.0688145929921208,0.0142350473532323,0.158607971561876,1.91170528214228,2.81437488798115,2.15966637609263
537,1.90506039360032,3.03093098691307,-0.246094984099954,0.17410287671706,0.0513296879030415,0.503025763331503,3.19941118404264,2.5328715049905,1.91734966465727
538,2.25359016286828,2.87311846202321,0.244796882407483,0.00742200976419196,0.546290249356958,0.141697395608373,1.82293958515582,3.06940559401041,2.04931333073684
539,3.49304002908929,3.32944376378483,0.0592193502264637,0.19858106396398,0.292518739227488,0.158007179968471,2.26319486708639,2.39504951186329,2.56751788648938
540,1.19780512954243,2.02754660378539,0.0768337996714457,0.179414316138689,0.193255695422963,0.187084338079708,2.18079425793981,3.42472997887698,1.50220995260253
541,2.7372472081975,2.34965212060559,-0.00095812319346745,0.31232451803763,0.139178986884395,0.532636073071969,2.25950651120398,2.78251570679124,2.06404214001926
542,2.31999357555684,3.46847464191415,0.0320631723478889,0.121109994544743,0.159450215684628,0.067040573442302,2.53500116379957,2.06293803623624,1.77836793737279
543,2.36381544026898,2.34812947350874,0.238020565270366,-0.0464456051962988,0.174935895795527,0.184011841593079,2.91944257854123,2.64130619446211,2.71734468333258
544,2.21441031735785,1.43927934828936,0.243249212963542,-0.00221048756381843,0.177616019516154,0.0385006623619242,1.79554410023058,2.51863418571698,2.03427782320185
545,1.6771832321033,2.67696676195273,0.132828820854758,0.255174653195962,-0.288611806136427,-0.0742059217027306,1.91768364123601,2.62876532776507,1.44754781992152
546,2.40549258996575,2.40817610386079,0.0987329537916322,0.446507591659182,0.42882875317249,0.307685195560916,2.27427125180833,2.41987435455347,2.65711986043593
547,1.56038406446179,2.30406976678548,0.14557699503744,0.515877360036962,0.0547618871796499,0.62222096778071,2.56307565755456,1.48670504959562,2.29139012940237
548,2.34765703457484,1.30481731781334,-0.12052796587138,0.246864433935608,-0.0762699539146682,0.400607183631396,2.38018339322458,3.03885687415284,1.44968316853377
549,3.34796131958335,1.94300281579144,0.337600829406562,0.349713032045006,-0.0410513859998361,0.610216794975292,2.39775158822759,3.12475784089334,2.22595418574601
550,2.52288533604282,2.78607816616132,0.0422908777762302,0.108784800003574,0.27742702532407,0.00536102099368797,2.42846019390555,2.30880477116305,2.27867526888552
551,1.82071353265343,1.90104689543544,0.189069572192476,0.162569216334626,0.0966004185374131,0.241256559106865,2.18401487647339,2.45595368666773,2.24973816064642
552,2.29516675557899,1.74459033208684,0.121149788733396,0.400445363570875,-0.071102816854654,0.46248918197765,2.4674309085088,2.81399567626805,2.41840855077406
553,1.54820519695093,2.97193334944325,0.153204160086386,0.211255427826065,0.170438570337582,0.398723462128196,2.14224173073344,1.92325632925036,1.74182121132779
554,1.93361966716508,2.76859887472427,0.462123538194684,0.416593759264049,-0.158517192775007,0.556979034043044,2.3333023821755,2.82164421727085,2.96591693903132
555,1.9711417789663,3.3608952567315,-0.207645088075562,0.305729876102886,-0.11837719310994,0.152858017282525,2.68269294237018,1.84651442586516,2.59625920897245
556,1.32321596931512,2.2423580920922,0.149150867336302,-0.141683202151386,0.161974828622254,0.0491349218552583,0.84768922013269,1.99047315953213,2.62045032535283
557,2.05713721573152,1.54003816513929,0.149684784773283,0.4347204260708,-0.0639395844757482,0.647027530696863,2.64283511724323,2.6731857902203,1.97721969099114
558,2.36663067470467,1.40217265515315,0.0872453264337858,0.237089472626135,0.377326611937279,0.457737311594939,2.30036085996832,2.29427366711818,1.74576778169898
559,2.48386896080238,1.3268536325968,-0.0941458053722288,0.279300936932363,0.04678409635633,0.290551823364292,1.75285827865795,1.73927735427232,2.07707276369722
560,1.64306119068245,2.37383055777571,0.017589871364447,0.3308888979584,0.0403157448207024,0.276147496689012,2.70222049016795,2.41246250394876,1.47750740832771
561,2.08621946342113,2.36895038992464,-0.0402519306326698,0.213001266165553,0.168500207918221,0.159429002564885,2.36645416572366,2.32278435187232,1.86104358731845
562,2.13893203479429,2.27184478300691,-0.181781262718463,0.00140436480829989,-0.0877884718624587,0.158204635505756,2.76452533623677,3.30319060433667,2.16629489224754
563,2.12186557974853,1.60679534103805,0.112334656489363,0.278780806917347,0.0488865153450125,-0.107697343523021,2.23270668514028,2.57026832868277,2.15049960118452
564,2.22770967453429,2.5440358656957,-0.112560598603963,0.242288032318235,-0.30229880017293,0.322725005123129,1.70040458243816,2.53193729675004,2.96561161029786
565,1.59203105165618,2.92020661237,0.277041917811064,0.133719825855997,0.30153714297036,0.301390596395543,2.26422288216359,3.11019004650793,2.94912570737602
566,1.22322945010878,2.8812212430309,-0.186962228551979,0.444460577789923,0.150590881908835,0.561991464356239,2.06362262856523,1.79942028070119,2.32294431889552
567,0.856489852312779,3.26082085810133,-0.0956657547302755,0.111401422175713,0.11613486298106,0.169913935977863,1.89836759115516,2.66882777731367,3.83494500655814
568,1.69697859901741,2.04705426853232,-0.0233537228714921,0.241371003032634,-0.221781720285549,0.454568642886752,2.47048951504683,2.9376597795335,2.36658547784895
569,1.60104962563671,2.24384837532694,0.00862852035494886,0.0919204910357938,0.295974007322547,0.0873959261496739,2.49295271737159,2.17811831476561,2.1548282030361
570,1.85582241736635,2.35040474619466,0.0186034442429629,0.0400823497643379,0.36332359849319,0.174652659384,2.53973162892222,2.89392271119651,2.30792574986682
571,2.22308327273287,2.60590243513132,-0.0961625054619348,0.353899346929929,0.115361362209937,0.370025577411469,2.15857870889916,3.43007905651345,2.30173981913667
572,2.36668820840558,3.19113217494987,0.0463434091528032,0.147827137591336,0.0115864490115352,0.339618100504188,2.56069132783673,2.09568220634041,2.32076383297039
573,2.03863028770863,3.09237085418447,-0.0394911122694104,-0.0431502786346881,0.222611657846447,-0.135496123000285,1.89545109517497,2.12001061664568,2.33518762611556
574,1.71081670948052,2.79179037018792,0.194805735099506,0.204480936463171,0.490967470168289,0.258485423345099,2.65116603894273,3.07494326530895,2.80582152746026
575,1.98374750791944,2.84865000729559,0.120198221844469,0.169774069767561,0.185170568313137,0.107910091399051,1.27318550683772,1.95078831895537,1.64047527016428
576,2.39178269636735,2.63971957453022,0.0019795551269083,0.284995653708465,0.0249795346151916,0.257857628447722,2.053293832008,2.27332580019963,2.80007097721755
577,1.49381352349284,1.96419764033484,0.0356538841894044,0.439293859127562,0.106647024744765,0.49367037735145,2.88677271550115,1.81434970036713,1.83472324120157
578,2.35049534826337,2.66552226083928,0.286291233176284,0.0711534530696924,0.310294229845178,0.230549158660219,2.48183224091528,1.98176265140389,2.29100441680932
579,1.91218438001742,3.40450024127626,0.18052118800982,0.304159880743366,0.332905116182766,0.247047018006092,1.5541033678369,2.12595097533963,1.96513735046425
580,2.35854408093956,2.47805642745365,-0.0311102558769465,0.29255505914814,-0.0792133785266696,0.341901747382337,1.72680449784411,1.20671473309821,1.87927613690635
581,1.71204682492177,3.31057572315221,-0.154916780750089,0.126502689560831,0.229119199330804,0.527781834225893,3.34353780823321,2.83463398572283,1.78759209914448
582,1.57883124663058,2.19025727467223,0.0744661242994727,0.355339261905029,0.257922696130956,0.422567563792922,1.98575011463893,3.00075261472805,1.25386323312969
583,1.83762124831084,1.49976138768891,0.179756794945391,-0.0938492795445223,0.503682905371276,0.124024311797968,0.773320196175642,1.2479231490417,1.84765567889318
584,2.28178101503358,3.13935658405335,0.0273815572497638,0.00291566403564686,-0.0952135978817463,0.261073351293391,2.06287948826905,2.25296775276527,2.17672269122738
585,2.59887086704936,2.08257849664259,0.253510975640916,0.153709065423062,0.00460565221753423,-0.0926591477343202,1.71349691248919,3.06202282673916,2.16003227616889
586,2.55471687386036,2.82192084653453,0.374174973825554,0.366497121151706,0.250061775120567,0.427867168033045,2.10211624920511,3.04398664613048,2.70842500718966
587,2.6726130054517,2.74865817268172,0.0343369014048471,0.349884147408219,-0.121036519470404,0.498562310782722,2.33782702050809,2.4828559887365,2.16038789244067
588,1.32331920707127,2.64565448727269,0.165189615326594,0.295611033339936,0.184268720945883,0.389495992857414,1.33174576439391,2.11594980914978,1.65678204106554
589,2.71340620329668,3.41720266387671,0.22863397432452,0.231930542360322,-0.0362286658944522,0.227604568901446,3.12226944564159,2.17240399296946,2.1609060310657
590,1.71752323375233,2.63841423398409,0.0806976951963647,0.205975389603632,-0.145890020113842,0.234420552773267,2.52304677823327,2.73241059444037,2.19277100674369
591,1.90148615786527,2.02653942410169,0.339896938250966,0.319307532980232,0.281266925623836,0.476349658504756,1.21922825476204,3.72518834812798,1.38946703930382
592,1.64667663923126,2.60704389050585,-0.0440780492575024,0.471103730904449,-0.090902333054677,0.433038046661676,2.26103710287075,1.83708255462435,2.05350246686455
593,2.67848377686866,3.107164368085,0.0555485352944915,0.483527180334093,0.090794284126488,0.348200335959103,2.73412211257241,2.41087546819553,1.93685508400201
594,1.87555843846548,2.12138677421627,-0.091736474062732,0.264107169921413,-0.370110061618164,0.218784665031355,2.27280992529824,2.64140695703853,1.9273059328497
595,2.7082920440766,3.01293466015823,0.363402904127158,0.221770052229178,0.230229562804111,0.233168387762841,1.57398787470978,3.144518791576,1.87957414824421
596,1.52892770452967,1.93035417121571,0.225179840375885,-0.0330051551834569,0.195698820477725,0.220300650876707,2.32582722421681,2.32705210364635,2.82126988023178
597,2.31247869453655,3.16813012637577,0.0913116555540547,0.341525163934295,-0.0808960204797269,0.26419248255364,1.9443169566041,1.60289571065262,2.01416996098974
598,1.88403978605808,2.64789728889094,0.192855533051672,0.271351879269369,0.363651419294162,0.582069167699673,2.46759091127423,2.82066767057045,2.25389605352893
599,2.59812603860927,2.11390734289193,0.262448448912096,0.0690127234558327,0.637815944926025,-0.00457929440358913,2.49539868382399,2.01259787989028,2.17483082163706
600,1.86313647914896,2.73373694515119,0.0823505296519776,0.387730942467857,0.213175018229575,0.386342923179448,2.86986878054816,2.158434137621,1.45204640754853
601,2.37812839055507,2.07799390130239,-0.013194750656414,0.237253100927536,0.0939170111800002,0.374690660287318,2.02560436147723,2.4005508219165,2.7561472389452
602,1.75017131150186,2.33524953561236,0.0531098483948193,0.108528611749985,0.152547174761181,0.22441986182573,3.16396909042304,1.8445757568221,2.25741778858031
603,1.28508742662273,2.78165530434322,0.189617009186778,0.109038891481782,0.16414732578706,0.301951003822171,3.0973620902876,1.6434395582136,1.91305139215744
604,2.28332946273005,2.53201040459063,0.110211021714885,0.0825272441081593,0.21218801846254,0.218942509829871,1.51769584590421,2.82065415131746,2.69537351936881
605,1.23065321439439,1.57386768040029,0.0127574654332149,0.0715176238338318,0.180451608556098,0.166281944631139,2.43616991532243,2.80327898262156,1.86030272932408
606,1.7619947751337,2.47575533536759,0.020684640590507,0.182749427864905,0.352258116250952,0.3355473806711,3.10789203311135,2.60012634808695,1.40008877828829
607,2.58457290606066,1.93445864827329,0.241877632170259,0.0891839745285533,0.143573427508228,0.260472842349788,1.52777579666156,3.00017854863096,2.2092182081506
608,2.60091754275158,1.78154547480918,0.267175173422861,0.204603663171652,0.366080127896908,0.308550527616623,1.34289659261282,2.56492257393026,2.67034479018836
609,2.71407392860563,2.99122678067027,-0.0391383598831709,0.30805994535267,-0.130193911522635,0.285588014964815,1.95280864121126,1.88131464112508,1.69638852345121
610,2.0128480187718,2.64600712782442,0.134505396035675,0.35623641862996,0.0896798281475302,0.632379724980805,3.21241409243074,2.45118967959127,1.34926102804339
611,2.72412009435821,1.24778717000312,0.344234362331154,0.179665946751464,0.731549537976783,0.0119071204922839,1.92975816747543,2.44627006336234,1.55786467531703
612,2.6777844582005,1.79164236375295,0.19293533935401,0.308615703551398,0.0613046677873794,0.362295588518727,2.14525645476993,2.37496616512689,1.32919420335057
613,2.15777918935766,1.90469645666554,-0.0266694026047947,0.178597429751021,0.0678499702866207,0.0428016650187548,3.13095120784613,3.00991870081505,1.74658328320351
614,3.08214520640784,1.48144685526632,0.317680720933476,0.298697856960306,0.0661446805670001,0.424143237616096,3.2119850765411,1.98328551804231,1.84576645101519
615,2.0359997153578,2.38404943073063,0.166915919566774,0.0404945891269544,0.267929431333633,-0.197968584435986,1.68174374847484,3.01366163220361,2.21385461825137
616,2.20678760934486,2.19821875099233,0.161307723182187,0.420040342524721,0.251681080980308,0.366955469715187,2.84393146217203,1.18813598794206,1.99140253776913
617,2.78361051616096,1.83936377191474,0.225552278117487,0.177499441186086,-0.0879640741634083,-0.0998587570654202,1.55731273462827,1.56901750909833,1.94158557553307
618,1.78535361763366,2.28557466014092,-0.0316190008215591,0.0847844580440945,-0.133504764618651,0.0845809795623996,2.59795571601406,2.12460400721187,1.53318775557805
619,2.50820672132707,2.5960205168254,0.322918617818615,0.235614082361583,0.256740849691336,0.452403820612193,1.362838818528,2.71152612584409,1.69125027416419
620,2.97331470801711,2.57665345727036,0.0871410790061616,0.258920900325459,0.349934770181357,0.031279904971272,2.37233919956549,2.74966130651506,1.52045270665801
621,2.27880104320314,1.13530925103789,0.0295199034347576,0.0103082831511092,0.139221339416677,0.54297899974158,2.03561963967357,2.17390793961073,2.20870594458715
622,1.97480426261741,2.2416696292333,0.0262484609730401,0.217767006588744,0.359720859116736,0.423820432568653,1.38018086310099,2.16178767217898,1.83794409596442
623,2.77405585983226,2.67878124597555,0.127200889523862,0.17514729159059,0.540366959346554,0.234681350044642,2.12200593621575,2.01009329082342,0.857651364968052
624,2.66284420054843,3.51694194867503,0.320490487018646,0.229026187843892,-0.127294480194397,0.382589380101736,1.97061155367923,2.77450442231924,1.64617331990553
625,1.38050425018707,1.80332692410726,0.323445462994553,0.360249453760977,-0.0313128996116527,0.313846162304211,1.86181485716959,3.42311977762547,2.21482830869719
626,2.55423110214052,3.02362781434177,0.246865537732836,0.204710099210999,0.00654613369772643,0.432555133561462,2.02867534205695,3.00162524072019,1.59920160330386
627,2.35994124084711,2.31101473440034,0.0383593723328965,0.197908383700019,0.314550531081109,0.164643091198119,3.84907067683043,2.21982586002505,1.62139383292997
628,1.45879138265198,2.41965115536837,-0.0536925488079175,0.167035335511166,-0.0528290027847982,0.27945114732095,2.64865342630709,2.87379101260382,1.71436254956838
629,2.81468562052546,1.76203382515114,0.168872816753225,0.253000963099514,0.197030084160685,0.342128947725214,2.13114984431379,2.01877155922866,1.66470236055761
630,2.31441187247505,2.53236635958606,0.0298773590113483,0.261600991891437,0.250402564399645,0.330619194227951,2.36072551839735,2.6203134724529,2.07173252459794
631,1.9938761720716,2.47173497342406,-0.0875330260538184,0.308983327457947,0.0483153051540379,0.262006320709682,2.52110993476316,2.5340608791578,2.22805112984109
632,2.25016193772723,2.11701276650926,-0.0300426951459692,0.333899692460887,0.0987771546969194,0.300076206048771,1.96655587713641,2.66634091587982,2.75324796680585
633,2.91685221952853,1.56378910075638,-0.149016224405945,0.0180612607549129,-0.1385127887644,0.179524149281351,2.32031086509189,2.47531578873472,1.27530762552783
634,1.33920840624775,1.69981472481015,0.225690724187577,0.237870084573935,-0.0278150815458162,0.466281672500681,2.18710622645449,2.64607332237856,2.73536056073077
635,2.12573433479292,2.25547306450966,0.142862113212252,0.359987259463095,0.294166162131571,0.178727467642099,2.18807488455697,3.41870510083576,2.18385823614375
636,1.27065345454189,2.76045307103796,-0.124630027253613,0.0573529232631594,0.157495510857883,0.0560540773335238,1.84835065088466,1.84706678549968,1.81540090415981
637,2.85023362597587,2.7498322881,0.059559334611707,0.340315688151273,0.19239575938575,0.284419094350593,2.18209437687994,2.79321396847888,2.49059181269991
638,2.56196007261574,1.62747049888499,0.0646912106081396,0.123985725908584,0.226235172112725,-0.0637133376349986,1.88865826740706,2.08028158912669,2.65668344827218
639,1.96790526778201,2.92877252464474,0.201789412875639,0.343818348058854,0.371885704761638,0.518775533831707,2.72723229482878,2.27528380641027,3.55965310830316
640,1.88999591402469,2.53931753696274,0.0527345912388143,0.378130369722864,0.124548819206303,0.580614198622248,2.81851754970508,2.95227099044718,1.37027454670315
641,1.79557773328765,2.10164229946502,0.0117006482391008,0.0524909573695289,0.286472490425065,0.137878012831355,1.87726108231274,2.35707196654294,1.77217884607
642,3.0976677136661,1.5309800953458,0.198767333897836,0.355468582679078,0.36731265452561,0.425732154470229,2.65056807910251,2.26475393574205,1.7602725176311
643,1.20149479755529,2.33686536124686,-0.0258996228186082,0.27582326424442,-0.133200190462173,0.349751816557457,2.39035113832062,3.07423246739047,2.79801549011403
644,1.79500943383412,2.8303773303892,-0.0958702119934107,0.319534584947975,-0.0211843827367275,0.378073118980367,2.38528808606957,3.13275087414277,1.74178372462951
645,2.88409798656711,2.52447441147696,0.0452297876796694,0.342212598205963,0.154276054430454,0.636909113159512,3.06747650238766,1.93879234290412,1.49427300228145
646,2.50675912642327,2.99255413272143,0.464019608186962,0.435627705381196,0.578286316414638,0.215555553943232,2.37971555605108,2.85655645622708,1.42293718542681
647,2.34695779467988,1.34198653928941,-0.011047739028943,0.172315840050879,0.290340875356349,0.508373079977213,2.1068508563948,2.34852444194665,2.56471375334302
648,1.04812756715768,2.90007034245302,0.0940185101581376,0.0647233118179816,0.0906179557474864,0.0512317539405053,1.84562775495716,1.62038430070097,2.28026770003238
649,2.10750263650853,1.41450673093423,0.311271650136848,0.20228946447274,0.414554234309063,0.390448242467297,2.29237013347599,2.94313432915669,2.62260204017923
650,1.87035162014043,2.71572983774021,-0.165202952862544,-0.0209392555881092,-0.242431736288697,0.082498542928992,2.04703484408893,3.27244791105622,3.00917842020371
651,1.77402767144899,1.67691154410139,0.296922732734546,-0.129539344289316,0.430062939141218,0.133714224866882,2.75702062879104,2.59576982026941,1.75331209464854
652,2.61529045446782,3.31491415911798,0.261935707254318,0.280598298726765,0.356662850998037,0.194035644110434,2.5011991425534,2.32936915887573,1.90945015775389
653,1.97693951055197,3.1335089688601,0.0195905454694573,0.213760267203124,0.453611955296794,0.157121734059288,2.15833682308657,2.03932357635621,2.56227426638553
654,1.37968629540771,2.38099126204525,0.225348642496438,0.17220682270127,0.197970676731406,0.414703920484754,2.14878769145115,1.793261527744,1.28485185335566
655,2.55086719000552,2.60185103571531,0.182098060883831,0.274455221973102,0.209498786513238,0.528505639039918,1.4877079808029,2.25099315609315,2.6247699524248
656,2.37288538205284,1.53251387563551,0.107807006888601,0.275989160640669,0.0346587696759433,0.219506747831446,2.62179999235374,3.48950892625047,2.24949432539508
657,2.94388004868762,2.97564332231645,0.0553991594678274,-0.0333372415050858,0.368987519483699,-0.300050282976275,1.7228314336245,1.96153389782503,1.78024832050981
658,2.1665935898009,2.14587142730775,-0.121025708920328,0.379572141789847,-0.0400828230274304,0.385390347885947,2.17223457543168,3.0966612489246,2.5563164959395
659,1.52793213290223,3.11255104619418,0.179667236704733,0.316725465570023,0.219410138094456,0.411534804854252,2.07582564878411,1.95414991791363,0.835330650551046
660,1.78852931441523,2.70361411085846,0.0696261619489115,0.196578766662659,0.431718204995023,0.102409036230018,2.38869277568121,3.08951052770303,1.53530423352244
661,2.01206844127539,2.07765327699631,-0.0220889600721597,0.440732234928678,0.00469338047559938,0.458902130127341,1.58584854166252,2.39625200128352,2.41139930707984
662,2.7509569386376,3.01580445021454,0.0373000790668002,0.297081885352349,0.372364787017046,0.288904756695055,1.24831228959158,1.27194115166842,2.65417935449964
663,1.27742063733216,1.82593268114608,0.126711150301382,0.264933496339897,0.359627518174135,0.300919073185635,1.60211318261689,1.89660918446639,2.0632266528384
664,1.32501475198999,2.25471348434437,0.0260087959938237,0.0603207496817343,-0.0421834945974561,0.476623365232642,2.97140839137221,1.74508820787883,2.11739147843293
665,1.86197289779853,2.26701838571069,0.0458869853936364,-0.0145748003153423,0.361775247995154,0.153373643520006,1.2396825081666,3.0806883731706,2.72301483463938
666,2.81658022887524,2.86426742495061,0.172245712200457,0.134507851905143,0.0980628585028404,0.438531486057924,3.55402164002841,2.81263028410198,2.18721806294972
667,1.33850597977203,2.39610013349705,0.111075434625433,0.218453302642756,0.0517097222841866,0.451453848005788,2.08447660953998,2.87542422923993,1.50987848056811
668,2.08543851713983,2.57838734968506,0.203766159635105,0.40876603429699,0.143431427096209,0.220159571066473,1.86938342217139,2.84376455118173,2.50848825226442
669,2.65984652249018,3.98289274005237,-0.114943856298047,0.16985933792322,0.146522770550181,0.26880870979281,2.1511995355018,1.03189937535246,1.66107201712574
670,2.53343802943798,2.55139768321241,0.0531697361036467,0.0795801638470156,0.0268279144430252,0.251313496031336,2.76077851298886,2.86568443753732,1.88623126017553
671,1.75047449263931,1.68909500445151,-0.0167863998657709,0.289479060360136,0.326823884042049,0.471805436066293,2.53613942856638,2.62899510164418,1.72136711435491
672,2.11867345692797,1.74000456644661,0.305016666615669,0.143729151231537,0.555527486704573,0.160785672874974,2.47927556057761,1.89328151301925,1.29092832276077
673,2.50753395378504,2.61569336314815,0.107712354896945,0.260169849525557,0.0530797725776489,0.172957733290316,1.73071794106871,2.06429408586085,1.66410118105029
674,1.98581183875879,2.14453746943424,0.23690854643693,0.16324232247515,0.319905270904628,0.170553719359087,1.67058065071337,2.11041182621249,1.65404836186602
675,2.95503958773769,2.6887156537104,0.168597442393074,0.0602905167730513,0.216804270712753,0.115963714349978,2.55710963239803,2.62059453160503,1.6483190680252
676,2.240076059345,1.71380120996382,0.0814709892041737,0.394095206769947,0.204479939972365,0.365920987225813,1.70908655200952,2.10800819278917,2.35402337844136
677,2.30143492565194,2.63483732257306,-0.0235994404906264,0.256516724469882,-0.183086793059544,0.546746620318232,2.0447853022479,2.75680380870236,2.74833848701274
678,2.90655797994107,2.54241024839679,0.229336243124445,0.125471698609026,-0.130761998273236,0.33372352311925,2.25263315389368,3.16822592066728,2.03508628772807
679,2.62933886677836,1.95243741778206,0.228527909354589,0.270675753803327,0.122680161326264,0.624235915945859,2.95109396648373,2.09356049562113,2.19647290042501
680,2.65463347354507,1.91618055574347,0.522296627986041,0.364462464162141,0.383148112424999,0.407735853342552,1.71298735929196,1.92017171471489,2.3963047318111
681,2.08413903762025,2.88285281817812,0.258987572280405,0.141826841210437,0.304041036301782,-0.028140848004428,2.08773395641436,2.54003443472623,1.86977563348092
682,1.74753138435647,2.39712671475951,-0.201633663600086,0.116832229872339,-0.209396375917496,0.32548234440979,2.12373330228755,2.53825732693256,1.99928919945132
683,1.81482016561939,1.8446554879982,-0.0389756968574351,0.114637016846907,0.379381615606233,0.563557265363334,2.73335675787928,1.90800469893442,1.98114836173047
684,3.59195275627066,1.92214323933061,0.255493294685887,0.102068966223031,0.39184847270699,0.218751719332186,2.16080964690616,3.44641159763074,2.89326171487116
685,1.43310403628791,2.63613040287582,0.0069541584463624,0.345595421762337,0.36138375148446,0.126823041144424,2.31652318915146,3.35479043982123,2.89610292130412
686,2.77759971917555,2.2337698915101,0.388890096488731,0.305077479878361,0.371780941664605,0.352968690011958,1.51594232583204,2.44099431087623,2.66686936396421
687,1.28062156378813,2.17437407019509,0.283027380818987,0.00931880354865137,0.291983288955006,0.115366424775552,1.42122785103613,2.8047060043713,1.45446504592061
688,2.13215847393363,2.82609150023581,0.270392490530629,0.0342841759340965,0.619501875819066,0.475120025995856,2.63221544177155,1.16008759856963,2.08213701063189
689,1.56789343514093,2.75461004377235,0.140200091280468,-0.0356533932219442,0.433966761517952,-0.0892232507384842,3.24741353431126,2.73947316353172,1.45188683031145
690,2.18233229864906,1.96258660470499,-0.0396868593270773,0.120099770966019,-0.1904397493885,0.350269761712657,2.28859650227747,2.77735845878082,2.53887014914671
691,2.12691341924587,2.39190967434265,0.21859433350972,0.460270171630402,0.492088690415447,0.374861782335068,3.11136025682501,1.96924883884434,2.13310432525987
692,2.45392449171791,2.46062195547202,0.139030937754291,0.284516217520097,0.0136668223293784,0.412250917338189,1.69746555116296,3.33648902459606,2.22322830480827
693,2.24848738731572,1.68056189675808,0.133882753307546,0.323497953454395,0.173451243880563,0.353891021427914,3.78543205534672,3.41462779543574,2.90700184974739
694,1.84462500018267,2.3591624294267,0.282395375695013,0.0583775267469051,0.259850184495792,0.128751023244216,2.41981457812214,2.51869819132411,2.01593698732942
695,2.00818144105902,2.56789539382239,0.178513797374771,0.380172947205008,0.136111769022755,0.177659250923495,1.92627160939144,2.11878699260806,2.02944084700858
696,1.74809140723225,2.27800480810761,-0.135721129882424,0.166477501226682,0.175583277096807,0.481374451041183,2.054692852291,3.70488090083989,1.39233522445166
697,2.18995481209394,2.89641930850984,0.137508781449703,0.0738449146088916,0.164356339782604,0.214161649963954,2.50510248067555,2.40758971112999,1.89024041853606
698,2.50401455659129,1.26324110717594,0.0860873348268106,0.121765127773802,-0.0720289123230459,0.292044719075086,2.22222244646144,2.59392231340546,1.60654683023089
699,1.34481157105696,2.08046561769123,0.0295245539452676,0.35335648119131,0.252045280333313,0.644762498631768,2.01100919443915,2.85848314267135,2.54777380772335
700,1.93167700469006,2.69280539724251,-0.0817205493596975,0.228017700312323,0.442860856958094,0.103218425354568,2.64644189437254,1.499869414863,1.88302156208584
701,2.20157949796313,1.55097653340581,0.215308275587388,0.318926546724422,0.345709870479638,0.567293215607575,2.96087544746612,1.90803708443389,2.5670003462235
702,3.82130850490057,2.73090180062463,0.33328698164074,0.0876799972215668,-0.13610909826745,0.275656085955578,2.68317749940509,2.20262934589732,2.13767110766861
703,2.1983130877934,2.63883886356372,0.0682755617528857,-0.0211364112672708,0.0420804642657836,0.302450928851721,2.46254456276015,3.09508146512893,1.83541891521695
704,2.4235729327839,1.82066732702919,0.142413772789533,0.279787894182265,0.20822993986691,0.495780136124023,2.70748298910818,1.83483057373587,2.24328418078138
705,2.57492745842671,2.5006533790097,0.301153936461225,0.236523439696991,0.0976688224752566,0.352677744717862,2.14754640737255,3.03335878927364,1.86290902089096
706,1.14275865503212,2.7854046237955,-0.0490756998015097,0.0469742129575721,0.113436201975559,0.223494518699358,1.82944371033187,2.51570221655834,2.27248994739031
707,2.23810881703905,2.74988207464457,-0.0524235255125756,-0.0254268961140021,0.0469471018446123,0.11549201853706,2.5349932069838,1.91696815249877,2.06292120111246
708,2.81289550198566,2.4641314805547,0.0435283452897059,0.375891440517849,-0.0443032717713401,0.526243517554757,1.50931757236192,3.15471854254577,2.15263338917294
709,2.09223793630834,1.65602554930113,0.0647492343979784,0.179289817675707,-0.189632690237823,0.0608193926860823,2.39073070605477,1.85361923450086,1.59896425574791
710,1.97065427563904,2.34441349482083,-0.0022952011032034,0.246197992616234,0.0296556126941826,0.181964433581512,2.2928633172482,2.79989704311238,2.44691348092735
711,1.41542503223664,3.24134381371705,0.0545391273648459,0.0908004911634429,0.185089671265561,0.0804840212994038,2.06450298882278,2.04636414830888,2.01181160817648
712,1.88582329475768,1.3604602611672,0.147299930647844,0.175909351532216,0.00341951894491294,0.348737028011673,1.70936436875676,2.17891290233216,1.00359033632843
713,2.32240255164757,1.87640073767021,-0.016960612277207,-0.0645098008292788,0.263959226226864,0.227016689718661,2.49662559352207,2.25175239328839,1.58926958295185
714,2.42063699454523,1.87536617055484,0.248412545684047,0.143191426315205,0.184872304279129,-0.032543240431002,2.3250526788127,2.62376893609517,1.43018488748874
715,1.58230744540881,2.01585068710818,0.180597189911128,0.443004292103201,0.199564673814928,0.251412730808478,1.89671056394645,3.59603859434255,1.76981105175085
716,1.69361118768263,2.32706331570609,0.141764919087682,0.230780631823539,-0.0289549429596963,0.561945922099564,1.48456949673277,2.05759731187101,2.10445542723192
717,2.52692727014258,2.5882670015943,0.323249999254343,0.181670682628348,0.391410544320738,0.571046800347283,1.97064008210309,2.08577379833551,1.13705919529336
718,1.83705810764281,2.9665734332016,0.0525923317776981,0.235270793357379,0.284442363418677,0.420333347875817,0.88197710386099,3.12025911138445,2.3076071304624
719,2.71136507905857,2.69559503286927,0.038189257182937,0.430333938774436,0.184164740078215,0.292249234276286,2.14191862394021,3.06235738168176,2.66518828689439
720,1.94595385714976,2.34944847797491,-0.026851824979063,0.187904458481875,-0.0572005390988498,0.416377209225622,1.83934538700224,2.71838180720612,2.20079920781043
721,2.29150456626338,2.7322553423256,-0.0795600857703471,0.1947576036402,-0.0455339655096223,0.489750195986133,2.32926112558307,3.24467183496362,1.70182781349473
722,1.86799623700874,3.45225366642963,-0.0272101084013691,0.260118737879815,-0.0575807299288353,-0.0513808887972239,1.83164583098233,1.56633224467542,2.63195090135764
723,2.00199436279382,2.53952129086694,0.0436010247632464,0.424323093790973,-0.146329886694073,0.34577839245376,2.26836939121335,1.98060423290331,1.31229975984573
724,3.31560100158745,1.8867052697667,0.143127332566062,-0.0560443047189367,-0.0069066698409627,0.207878875248882,1.4032724524301,2.33948122456348,1.1683084676231
725,3.0789772233534,2.19623133694099,0.0594889693839924,0.470672182370207,-0.0555859009630645,0.613493293352884,2.44060640699679,2.56396947641696,1.71824427717814
726,2.39594760027164,0.88938962370319,-0.0605238112618762,0.315172191298177,0.304774151737959,0.500908009284654,2.81994179627107,2.2336859445973,2.57901559575803
727,2.62600352078689,2.70413102216687,-0.0616320946108416,0.30959126327156,0.0113699367369682,0.166383583674925,2.9444039782248,1.66672568211487,2.44055844650777
728,1.42891930708222,1.54133739424605,0.0942431039025433,0.120350710806566,-0.104762562704873,0.151722430918765,2.29213680700949,2.16343522643421,1.86737973533137
729,1.92580812055098,1.85948714728089,0.224196464651418,0.173581003513715,0.323395660829546,0.285676310554722,2.79013968120948,2.66641193354804,2.45730632764237
730,2.45634639478015,2.14332532089453,0.217434306499838,0.303191477388151,-0.000744826095613617,0.21839498350087,1.6115011898515,2.61568465626612,1.61467815849914
731,2.43350859122941,1.92995764162275,0.263643010607777,0.219424701714861,0.330031636523128,0.189786101777205,1.90959134741148,2.21289865291795,0.840691621995186
732,2.09577335279382,2.31446184492797,-0.237368971743596,0.0553399406628328,-0.324997994907419,0.398988192430485,2.11728751940675,2.47605105021533,2.44881802679069
733,1.91274202075249,1.73824616842187,-0.182540435522206,0.273225504414983,0.259089737419657,0.20271774845097,1.81099781284494,3.62965351948216,2.62436356060078
734,2.77696612928215,1.53389010679566,0.240305307037605,0.110720685215158,0.347151238778946,0.49331130886193,2.28088800093052,2.41738797095977,1.64571157494436
735,1.69345251518604,2.06149470014769,0.106732758121765,0.160952367015036,-0.246369968477875,-0.0245057233933113,3.23734251045567,2.71187978240508,2.32059915708343
736,2.23365233056802,2.04171392749715,-0.210385674519683,0.249755953591869,0.0545524090582564,0.599411255243408,2.5499500331727,2.51110617247561,2.56745771793991
737,1.74161672553755,1.56703368275205,0.298978367094298,0.111626834207354,0.380286929462469,0.219889230281357,2.65496369494277,1.77788843315498,1.68847762175754
738,1.18751545589778,2.59571402432833,-0.046141614490498,0.0751975319393055,0.312360451069977,0.236312875617584,2.78869185700528,2.79085046697704,1.6932633073648
739,2.21516591919479,2.40554700395087,-0.0571916701372716,0.235465947070471,0.0307759355994659,0.354265328544062,2.45625653750317,2.61627188773449,2.16073789161897
740,2.53232431077529,1.7539139091136,0.0230931433822187,0.390917372522108,-0.0197771510102458,0.437826496227053,2.28872274122729,2.92907243621812,1.84027853579985
741,1.8910028318678,2.68719565796107,0.00630492995095204,0.375527468525171,-0.105950816854989,0.239400114553185,2.34930702645547,3.49278131800967,3.01643273250474
742,1.60900308907507,1.99311733745001,-0.067139126125592,0.115654359190456,0.109018996425563,0.329638912952847,1.79597630626655,2.96254050767733,2.00184222119104
743,1.50477715867235,2.66135145940367,0.1680509814628,0.12236221245663,0.405637588724392,0.30256095311283,2.34558780221983,3.24900655986915,2.33789066011717
744,1.929166680914,2.7513875262009,-0.182502835527248,0.318677600612266,0.178422404785919,0.364161850125765,2.72812618780977,2.19078662420276,2.27704768200554
745,1.49799087631023,2.11580986973012,0.136357715425262,-0.0111383715341495,0.228005085787618,0.175144514101967,1.70313684428849,2.33230979832839,2.63668088805617
746,2.88087599766386,3.04148555903749,0.354137125290912,0.232257406269279,0.222180270717458,0.0393697357303443,1.88568399756873,2.55554295632809,1.9427998300346
747,1.81835656778258,3.18350815819043,0.0191368524927268,0.0434404505832061,0.075186217634447,0.179828772934982,2.02045002457957,1.95205972858107,1.74438880788906
748,2.05560250492806,1.88458993729244,0.215069701206636,0.127719700093374,0.234878161425595,0.0134074131615008,2.19711719753715,4.00858394558676,1.64874854734336
749,1.68909939445428,1.03897648419603,0.16309455532443,0.439466425841554,0.718711731515485,0.184403267927884,1.57481780079952,2.73735607441846,1.76356456528308
750,1.701952413336,1.56046283767429,0.127408906060295,0.22539361091855,-0.0820244936108657,0.355465273993242,1.51299939171592,2.7833741561809,2.58007260346503
751,1.51857806055863,2.0815485575635,0.0650050062001514,0.34585397499771,0.186267767026009,0.547671868318808,1.80340616036367,1.5672549873794,2.36924126027655
752,2.39771434948125,1.36268659443274,0.321625597939281,0.0861130363832387,0.504172723192486,0.0923875335409309,2.49712532437488,1.56853065625567,3.12510451353606
753,2.68754806442511,2.59457978170139,0.046475400620918,0.00573541578719387,0.18867369464196,0.151454607977372,2.28828929214242,2.59487380798806,1.37159916511842
754,1.07553583596296,1.93669968059832,0.324143083415377,0.226411186421823,0.513786913887466,0.185457412918304,2.9771146905986,2.99678956787832,2.28121268205661
755,0.966420885423878,2.48634114755862,0.0075014953861234,0.0500793104623969,0.381888290590304,0.434531823125857,2.79802682525477,3.35385787662311,2.14211257417571
756,2.06376554818964,3.08919249931065,0.135627625540617,-0.0168231161848361,0.166917634132276,0.0113445263840422,1.54696124339051,1.93745446847714,2.56967814504464
757,3.17313236796444,1.5986190570717,0.136838557734906,0.36374577318911,0.209816690890765,0.00807726800763554,2.00217066532499,2.62292986974627,1.56106098290478
758,2.51302839519052,2.61731933776504,-0.04820188374304,0.483706141600838,-0.0617810260118375,0.397776815351863,1.24533401221823,2.84730953356374,2.77933114458122
759,1.56358228794558,2.70184001602091,0.00498320767060596,0.341980994161618,-0.201988175371843,0.314523876183062,1.59137948572877,2.89683528580407,2.42729767061366
760,2.7238737012811,2.50131544533107,0.269497319856536,0.0168447604611039,0.37696773294803,0.0298446950648214,2.0149023391246,2.52000943067777,2.02525670298147
761,2.7583109086366,3.11683858824912,0.178395799920687,0.264102252548762,0.105300076318078,0.183114521773095,1.35313387240701,2.96231983102265,2.09815509336337
762,1.65501786063193,2.52588840307793,0.00551906367774492,0.376794248991909,0.35133661939121,0.0529759500778947,2.62454820735038,2.39259743394315,1.48355146582481
763,2.74208751912703,2.84831865387188,0.128979127008386,0.192410010216893,-0.178823442178548,0.177280562626059,2.438277268424,1.79617965146905,2.8397604494689
764,1.9150041593589,2.83285737030028,0.167427722625863,0.345188886703169,0.11947411521894,0.30193963340683,1.90146830592386,2.21790415351671,2.25541436538037
765,1.06338984659227,1.47333525490307,0.198251848320541,-0.00397759836283939,0.313327184515711,0.194908663626257,2.26853531027314,3.3752321162485,1.83237594767958
766,2.1735843889477,2.93273540649248,0.00038424393514858,0.347268262097175,-0.0975151871582039,0.464200900829335,1.92172774141985,3.12242693322721,2.2420956435315
767,2.8302523735852,2.30792116106888,0.184650289595951,0.448492742781886,0.122436490875877,0.3887537487099,2.36373666727327,2.12395117598355,0.963607070225648
768,1.94621657332701,1.32666816625806,-0.0740530819177142,0.0862882422311478,0.177789160156796,0.0559351212365368,2.36264731881586,2.59226116223468,3.03441177673429
769,2.27561439231266,3.33032304813515,-0.125868419060112,0.12818461167432,0.209474960158111,0.25729722725874,2.47142954576536,1.53106783429851,2.70741927258002
770,2.25883622512493,1.75333612803566,0.140763077062807,0.110157561179289,0.177726972512755,0.0857637018679048,2.18101414279753,2.30869098453702,1.4992123029426
771,1.88503119741171,3.00543813003954,-0.183513205840171,0.228981074885388,0.0601170251567065,0.0711976693157228,2.74182018968013,1.63193635112112,1.53886477857067
772,2.0575536395329,2.48908607665022,-0.0441878446051878,0.25126844753928,0.194914042873908,0.353030843712127,2.27919456602826,1.89888554915214,2.09482818129647
773,2.38934094543344,2.54117216231282,-0.08508871204051,0.197218146488142,-0.162566222313057,0.172569113654006,2.20307043321321,1.55905576739564,1.96433318681908
774,1.74995332574333,2.15591079288784,-0.0211267586929987,0.0739507352092123,-0.247504708526945,0.065196932107622,2.09920921334068,3.42273611177745,1.93575683577367
775,2.02559044884567,1.97702298858582,-0.0348881963409279,0.0280230522033191,0.29274401873825,0.253388959921724,2.08915640469833,2.46848409911026,2.56571550079551
776,1.39968640049691,2.48278175126323,0.0664739040516385,0.303202500375337,-0.00290643847119114,0.483847209684216,1.72827164034434,2.60222433926734,2.14458601724475
777,2.48953840806791,1.96298404312978,0.199582130123271,0.313181055760894,-0.152242099808224,0.393868953121063,1.86439791686108,2.46650773781515,1.59482904718504
778,2.15023936947876,2.74323033849547,0.48410260080383,0.14283125783826,0.365303839255087,0.503851878923602,2.88425010350714,2.11419980031943,2.75408229294513
779,1.74690737229337,2.06522651596042,0.0618173908766732,-0.0137592378494423,-0.107706052070424,0.371262594386145,2.1362351579517,2.10713743881208,2.28482626280779
780,3.20732505165137,2.13347767510045,-0.0464834409452795,0.276187494580793,-0.218006541690723,0.55822617851416,1.34072391481432,3.36528796039566,1.65782286258723
781,2.40270130135443,2.50165515510752,0.0475636159122532,0.310332404022599,-0.186445241099442,0.136610313662855,2.62595704711862,1.91918182686542,2.26077043604434
782,1.77931226793449,0.902273406666245,0.108946896209781,0.106409117723513,0.784749150691124,0.178643319491625,2.61427860552279,1.91050734542671,1.86492949842899
783,1.91006680484159,2.32247704957307,-0.242698665706267,0.179844499885878,-0.333217689769595,0.362001265664441,3.14728772249373,3.10148478771831,1.39480216618085
784,1.42579788890123,1.86810507956038,-0.136167069144997,0.322497116868635,-0.130494313851645,0.44978595109891,1.46706661425459,2.86014998854616,1.74936019763344
785,1.29420909598799,2.15725888419116,0.233543076786405,0.328024257118377,0.529626006293153,0.403363902820095,3.40775975607694,1.61536089230043,2.08267277433842
786,1.62782118523826,2.78148742080059,0.141745001829819,0.184597536489439,0.0874470347049597,0.323212706728176,1.79624317380741,3.08819061221133,2.14107749986371
787,1.94972052325249,2.14354480497068,0.286724708798386,0.320649127044715,0.254782517363932,0.447964057801538,1.77432064474198,2.56190553408073,2.04964393854536
788,2.88156732677092,2.02369812817265,0.423884709667761,-0.0391745409334315,0.249384212169103,0.110941063141514,2.6391568541904,2.94157874809045,2.48601832236052
789,1.42263061329102,2.05036962488093,-0.0265947960972646,0.349263759845321,-0.0276486257965731,0.496931254292151,2.30848604417114,2.79494296909691,2.61632551069289
790,1.92002314946388,1.76663031408618,-0.0486416840889806,0.0073893000130948,-0.0169068691733704,0.243280765081849,2.09997928260072,2.55504200663152,2.49595395713692
791,3.16560936543868,3.04071945533649,0.134815522374299,0.22169232865047,-0.0704788542582789,0.621262020953146,2.40103180450687,2.68165841074511,1.57435004423578
792,1.42766930843094,2.65418442028624,-0.145024733821538,0.343055504626069,0.256088743715841,0.350840129405205,2.86493555292995,2.17322304743147,2.63473786237018
793,2.22226060630985,2.38767799609561,0.111146380773986,0.147404740112676,-0.0156498619609669,0.202061948786153,2.35941428615598,2.96544595591206,1.89289362894583
794,1.7924728900937,2.6136831678549,0.1739028596139,0.324221750951776,0.270211143183924,0.600094366711206,1.69606016942879,2.69105494353191,2.23442338354592
795,2.16889105541833,3.34278402916732,0.166976739492255,0.27318850170729,0.173226405534503,0.342314843523948,1.84773472635336,2.57289744434947,2.90348368059069
796,1.9480304709623,2.79351483293654,-0.0744561967618843,0.262842240723506,0.436085292674424,0.289798895277731,2.03201128988706,1.34439691638277,2.4177132000083
797,1.4532337202111,3.65588134644773,-0.0209218897841729,0.364756993304302,0.0252423026209314,0.143550943376875,2.65119791973494,1.37888682067434,2.44023931610862
798,2.35857112508432,2.95198848673316,-0.0947171821980242,0.182898882911873,0.198553238840458,0.37233547781222,1.62362961685683,2.39242330976471,2.34225393728841
799,2.1904152895227,2.51706975708869,-0.173840931550199,0.275414954271836,-0.0318834624801243,0.312947447657241,2.86786381372713,2.80010215423177,2.52178025988954
800,2.03986429326985,2.62254044205404,0.208013427229717,0.324858202228512,0.0122549476390118,0.168149538142346,2.14913581081569,2.84458592023684,2.23936133129136
801,1.96687816575216,2.8941960560375,-0.0263168130668191,0.297364525089499,0.0494202266946376,0.450787929364896,2.64899875779746,2.34458219727622,2.81233698273105
802,1.35500074500005,1.51895483324991,-0.0383277101349644,0.105376723168183,0.173647302217539,-0.0402356695489522,3.32636344562839,2.7740332644781,2.91322542382072
803,2.55885316597476,3.11261624412895,0.0741960620868701,0.144768525669407,-0.343434115348682,0.41546289124102,1.79015466041706,2.6394523813499,2.60533980011326
804,1.77827204958131,2.49121400477896,0.0101821912797089,0.183157231539995,0.0685045717870322,0.428595763991012,1.71393057123833,1.94599348532644,2.21166230247552
805,0.98677329780385,2.11826211330434,0.0545644715018374,0.128835051847644,0.0692776288651824,0.398694434939018,2.82129521731407,3.63407937260987,2.37424248612721
806,1.78989198542747,1.86055582921109,0.0818762839029076,0.287717019135224,0.154316406411888,0.390668396181765,2.10710705728835,2.0527018557969,2.14336297982091
807,2.08291122638803,2.46651498261936,-0.0229365144103624,0.47089936592782,0.180303494885853,0.290724595098259,2.57276821601996,2.06840088815925,2.44761208995331
808,2.94093936233295,2.84253933592536,0.103641646259585,0.231887573444681,-0.257937848444325,0.0962500539649863,2.84290261042928,1.83898515268974,1.94406342578557
809,1.68328521645147,3.43950381282778,-0.22211923681338,0.355820381026081,0.0898583813763017,0.327676410555659,2.06345076168174,3.17272826969453,2.04125235252185
810,1.47743835236218,2.76532310404306,0.117435821754014,0.0449993094865891,0.0905095215151423,0.337364203397747,2.96336964931308,2.99151737276267,2.22731753829222
811,1.97747272569231,3.24793404066421,-0.0813515777883397,0.118825209698063,0.257132120445899,0.181044723500047,1.73162706767729,2.71158789673472,2.11604143763606
812,2.59685429128875,2.5279827596855,0.102607921956708,0.354749571487333,-0.117893222968088,0.479454127959155,3.23313249147637,2.31367488728404,1.51814811167269
813,2.54042481188351,2.13134214423554,-0.0785309635471265,0.221322630459694,-0.0474999966775426,0.476141744962095,2.03115193737289,2.68447215252136,2.0793106052627
814,1.63152059208731,1.93992406114737,-0.0373031356668436,0.178386222068474,-0.0366442837406003,0.285592371347716,2.21266588992962,2.43415277792449,2.53682335263127
815,2.87877280912743,2.94169823191483,0.117383525931251,0.264280559717007,-0.0638052785879531,0.529446155237922,1.48977096277452,1.93329228491219,2.85334594384984
816,2.1811400768613,2.67166440233395,-0.0978678020507381,0.278618473986703,-0.218536376641321,0.329282559104992,1.27792823229853,2.15586572507867,2.69694329456857
817,1.88055904975221,2.27214003167166,0.0563057465827249,0.246615213661409,0.200420353992298,-0.0935699815010726,1.45458649085465,2.94362521684325,1.89141680012501
818,2.13223782117911,2.28346663092537,0.179442890604143,0.348088778256137,0.329217525410852,0.233513331225371,2.2198720802166,2.2048720061256,2.31038442905354
819,1.81573240739904,0.923803325339518,0.0189365631513785,-0.0201283052533717,-0.110968388836817,0.132806902077379,2.81821978233685,2.52981457558611,1.84139202676449
820,1.28062408935518,2.62262395481705,0.0622208563141763,0.209819740504722,0.234418806701592,0.429957872008168,2.40058782828924,2.2622247783805,2.03038105770523
821,1.6854488902416,2.9790575275373,-0.17265779401358,0.231808730197681,-0.179496572424936,0.135211861158637,1.97761480300188,2.50341106656166,1.55069381702357
822,1.08274283861417,1.85934800070591,-0.0618059357696817,0.0544488490672111,0.124831042143445,0.0703218822335494,2.37199851537356,3.10372377182245,2.29738615510829
823,2.77975353084652,3.06753619390814,0.127765194170616,0.240908876520554,0.164435590675117,0.362536609653321,2.6361878168335,3.08461581960401,0.881604385516701
824,1.93522196247349,2.03636710469327,0.068138833042076,0.187036623246037,0.381902963630348,0.195545457883129,2.83916186905781,2.28216783239776,2.21663384709751
825,1.43115528084784,2.49063916029216,-0.03547535962347,0.14279922134758,0.292823812225477,0.0709527548463635,1.37830532412238,2.62323198804535,2.24028799770929
826,1.87859240181006,2.46205708719321,0.173211288225219,-0.0535507182073506,0.222227644545859,-0.409229298548986,1.83064610411356,2.44367986188374,1.56103909709584
827,2.14290472244214,2.46626286362942,0.223104550415518,-0.0375256271242842,0.590256340407677,0.113041571112852,2.68898055850929,0.880684559531741,1.94281883539797
828,2.59640452088234,2.87626835973534,0.0891647449188125,0.165293653352808,0.15717281754851,0.318049577065971,2.09111198289633,2.54927968189489,2.72896758892907
829,2.2198154120319,1.80934209247666,0.173346041822059,0.324262119767088,0.301007284915703,0.491673487210646,1.59411789974199,2.81051668121427,1.72051351855964
830,1.65426008741985,2.8938294782592,0.158760246396794,0.23376621920482,0.134122263032086,0.249552885849099,2.22510597752721,1.88936381175203,1.96084707662268
831,2.23269805001668,2.14708487253961,-0.186495413553704,0.38367232276404,-0.153293432547362,0.482632823016526,1.67270990607085,3.23705508285078,2.49107034453996
832,2.27646595347111,2.26684532349824,0.0976657298907054,0.299131619245694,-0.000809003928468408,0.37301057201217,2.16655513421339,1.9567074988177,1.70691113975009
833,1.97647932624046,2.74959669539056,0.133966116353504,0.240084916717561,0.129593667271758,0.101850556630026,1.9437521900187,2.6799838013948,2.12160463174275
834,2.8073793097657,2.14545398854388,0.0456299462843314,0.35584875606295,-0.0850145969018147,0.166370546087382,2.71767352412475,1.97285902439021,1.35100622144749
835,2.30682079622427,2.72477382829726,-0.0485233408249723,0.14578172661445,0.180643889159904,0.414838609783148,2.3624860155749,0.659652024689026,3.24858295047774
836,2.31263759334229,2.56059225642984,-0.125327450756997,0.303777704464954,0.0230642140961869,0.164487286143759,2.03741440818066,2.40447358208994,1.96221064273395
837,1.49042901160109,2.71699557383695,-0.156828920195686,0.379356779428173,0.29919200193858,0.507234375160075,2.07546484479991,2.10741065032876,2.10153134024311
838,2.02638627938458,2.67345028054455,-0.0384672982942339,0.396803150368799,0.086735514302026,0.387331751705711,1.99612613388891,1.88165122795759,2.09912387566679
839,1.00046971543922,2.6281954339708,-0.220509915111727,0.207201524813237,-0.191981834321482,0.543752714055345,1.76207163528966,2.79620738793784,2.13149792166609
840,3.12464729125843,2.3423628578512,0.0553154030171336,0.339577959645422,-0.117542477726725,0.499508947769803,2.23201951706629,2.9621139023387,2.75129994293737
841,1.891100911219,2.60235321637463,0.167678301694742,0.0828056638593287,-0.111412271022494,-0.104240110416537,2.98018620324961,2.61391828421584,1.38663014896949
842,1.92141669827446,2.32483662134063,0.270168295953603,0.505532923512884,0.571668012796678,0.525542573638504,2.47247131924409,2.74688223734707,1.92818806828663
843,2.9237705826595,2.94362091075481,0.149014327571869,-0.136169676659929,0.122777595563271,0.0409432250385886,1.92225538867433,3.08560385241028,2.54470796783282
844,1.89811063407494,2.05817135785647,0.136533976654233,0.317633304639572,0.242374338645596,0.45235981722781,1.90646591707874,3.80190693942432,0.644325979113685
845,1.81538635603404,2.42735427001691,-0.0910188876136199,0.157757041594024,0.294595331603859,0.351697062167106,1.6328923642415,3.6462488480553,1.64330075712993
846,3.27910882109635,2.5488980827281,0.145803015352136,0.296340609668187,-0.0215681083201636,0.147138000862251,1.43282951815354,2.8969451651277,2.21670121519564
847,2.71409601362576,3.3807457323118,0.107182156472391,0.462370375107246,0.265745291134196,0.483307280037357,1.9373077808694,2.00712639311379,1.98126520213261
848,2.36356275867116,2.46385615919702,0.137895867381548,0.273598648421082,-0.103001685648764,0.453393777783933,2.01817248366623,2.0187208636176,1.08641207237169
849,2.520394462278,2.04955699387127,0.113551414966892,0.184090706949288,0.211121265016924,0.322661013956692,2.28491552005852,2.35294311891266,1.38835596338995
850,2.26036629324085,2.04545429719486,0.135014418290324,0.0770252473969776,0.223344817809748,0.0255039626316221,2.53991858049944,2.58951470935275,1.96251927649385
851,3.05314881630356,1.76814270767637,0.152745151080534,0.00525283546922694,0.138563867898633,0.209029992131818,3.16823825803893,1.95940366126913,1.81621109334459
852,1.13904218812553,3.21096888776914,0.225415047179644,0.242522780335498,0.331478666381114,0.0979015220204429,2.78002788850164,2.6048299941986,1.8993476836513
853,2.78899867156687,2.56796744900383,0.0401166920405021,0.217212363652648,0.0740692493024752,0.530399958503557,1.99894478025493,2.8251923310255,1.58553986474431
854,1.77595604102348,2.7094910787797,0.0216235193850478,0.335212172673593,0.153171806311294,0.404803894838183,1.72693785849219,2.74542512431966,1.46477634696456
855,2.38406241606602,1.95798290519591,-0.0194497588578666,-0.0782054252832067,-0.115954781589671,-0.240261820309232,2.12575117892033,2.1689491834628,1.65491866591846
856,2.154897833635,2.0525111137916,-0.080851235179483,0.188197347556421,-0.0890597563204704,0.0883382153066755,1.38747365335043,3.05071396384717,1.36947880927066
857,2.02120558059375,1.85780715917999,0.0902808116505437,0.00329954938046102,0.149272392628391,-0.305094433056558,2.79417835214556,3.02339148489568,1.09711814861101
858,2.53674113375911,2.19728350528368,0.0255696329113243,0.139931638671799,-0.00733569452422665,0.346593624249115,2.32361466777846,2.72159173320577,2.45313457655227
859,3.08831424022336,2.07477359068441,0.239560119663399,0.245961596690208,0.455724893055775,0.312575649233607,2.16165101371971,2.62701042997022,2.65534327170542
860,2.94292232528683,1.644849625167,0.0749413349296607,-0.220429707678893,0.0814931554035293,0.174172282924514,2.864185053386,2.64416333996024,3.23138112304708
861,1.69974478168816,2.58550340292187,0.146706009556734,0.189915433687987,-0.018904207181912,-0.0359760792921667,2.22278174460341,2.86284350794224,2.20802892513804
862,1.86592949818873,2.40419124141882,0.0137962641462461,-0.0490026456576585,0.216480926426541,0.443065088531091,1.26041957388799,3.43841181492909,2.34872270186947
863,0.99230985252625,2.38664801531881,-0.173224344494304,0.441909351036114,0.255946177247987,0.297471826994511,2.09663817189016,1.38477563987205,1.80409409839401
864,2.05292696275859,2.91668410304081,0.231112190249727,-0.108403133360954,-0.00148717688166991,0.0364492824633895,2.7617204845167,3.48711263712329,2.28177569945702
865,1.57674247750569,1.3929535660847,0.0576366479580527,0.176603716880116,-0.0129736648299019,0.47140886273926,2.95652166917291,2.7979564330314,2.03465741290901
866,2.85117394255012,2.78958254916214,-0.00647467297136767,0.140326381686956,0.0479270746198224,0.51750851929775,1.96647486280204,2.27300697409112,3.02073372205329
867,2.25220837205626,1.94098173408507,0.0296152022091838,0.133914645319918,0.135434498755074,0.492596647936001,2.87910348569037,3.34942995805495,1.41417129395932
868,1.71478379959955,2.3842781401136,-0.0088817960152676,0.338787907040738,0.316229727907526,0.410486247488077,2.26879845626433,2.75294034448148,2.49209356938346
869,2.00599075170904,1.89429108738361,-0.00302702482533532,0.23305007417085,0.0884837443356829,0.203315084403243,2.38341788135144,2.35138193109391,1.68557448326259
870,2.32752878251491,2.13283237499061,0.418342250019446,0.0925823810957274,0.383732322706694,-0.0309159261119886,2.53242800945102,2.70842779177748,1.72995244445903
871,2.55617346765431,2.72196611271217,0.00488441999223135,0.158386287014541,-0.111500416706367,-0.295790278026915,2.19749586740424,1.94977400265618,2.1449338987066
872,2.92132345034676,1.84208833651913,0.275078580604098,0.115371210941639,0.52099350816076,-0.235877535906864,1.62009943596335,2.4263140568553,2.84954206329567
873,2.72537490710173,1.84247055952696,0.0513604666825779,0.0707369810083444,0.0717925292982272,0.0869782558933018,1.80324238528548,2.50407381098443,2.84679408513052
874,2.45182267866633,1.77813855388327,-0.0707586540504889,0.122287531337788,0.223792708591693,0.216343968047333,1.4661084506406,2.71955082301058,1.75254494224866
875,1.98932829890542,2.38247357976952,0.00118087206392986,0.160899120291775,-0.456182149092737,0.00756016598232292,1.59244637759599,2.93426649212882,3.00752954568638
876,2.31384910163577,2.23157710013771,0.0524904014302825,0.413685695806175,0.020252374174199,0.570946933415118,1.80423798322946,2.25903371668013,1.57960179312769
877,1.73713121615144,1.54903374040507,0.391615733183374,0.193281121444111,0.496688757882781,0.354911229986594,2.12505295115315,2.98875465345008,2.41607400992136
878,2.13752502001912,3.23985076556685,0.0964874236821636,0.198204846285099,0.158461499828205,0.507464009647625,2.32064769480022,2.4483333347777,1.97518593559707
879,2.95694335451454,2.57345066650784,0.135017557872303,0.227929263100706,0.137115944877519,-0.0823295271219277,2.34359839828257,3.11454184303719,1.62744685670883
880,2.95430622950662,2.16056421297698,0.383905144464971,0.137623211561821,0.333732368827695,0.030448552357529,1.78475466858547,2.60424766772241,2.35061817863844
881,2.52724802374033,3.09945298927109,-0.0970162362001952,0.32262061674883,0.0211323281430094,0.411483233536377,1.51245370732418,2.35547514626684,1.20353943318221
882,2.24064130799005,2.68584740874449,0.274021552960311,0.353114702211063,-0.0446803324537055,0.140433073285418,2.49626288482027,2.66540287514966,1.64447234372871
883,1.2030348728316,2.81978691077127,0.262341942458732,0.526456408025949,0.210410004008027,0.529766991014393,1.92953550572873,2.14763332498233,1.59553988541472
884,1.45117763229464,2.12700394798335,0.00932615998417196,0.0427573736447959,0.129676355094832,0.248718835630374,2.36444341638342,3.84685585244703,1.85735500309608
885,0.914153209223099,1.10927625905776,-0.0486156912584197,0.155497999819689,0.0292656051518825,0.273040597738737,1.64919479530392,1.93238614932897,1.94219941598358
886,2.56176079452029,2.5689201301662,0.200311291985083,0.33037128029171,0.482258866825123,0.44830266856533,2.76222133009142,1.28425084901263,2.23477100816518
887,1.67247626061959,3.73904630363431,0.30647800180318,0.276971300846488,0.287900587397198,0.357844669583532,2.34638628242351,2.1760030575842,2.19553496331659
888,2.41331048077439,1.51968772186225,0.196875855318471,0.238687368507579,0.375395961523215,0.402721923210797,3.2234870218399,3.26276133710886,2.04947162624061
889,1.98729677311169,2.2740606471535,-0.001616328070521,0.0332124805245457,0.333796617700063,0.197455540894201,2.93620598886009,2.05187978138107,2.34925051795083
890,1.78864679922766,1.97224243197061,0.0477428925007992,0.179458299600547,0.24481738422088,0.561178638522406,2.32343585321157,2.44773220098006,3.03753039281562
891,2.61686990721809,1.53941641809768,0.460919008387209,0.172980199151162,0.420044206163194,0.394399198996791,1.944667762907,3.29012465573984,1.70538578313289
892,1.43833602271477,2.41291734675363,0.166461091355073,-0.0642632957104468,0.161700053513588,0.119273644756685,2.35521106348414,2.14934640806822,2.54399532647064
893,1.8730434370539,2.24876944534719,0.164993243139186,0.319620928398835,0.125427010170983,0.462377677712705,3.35515709492164,3.02176799749353,2.79350667255187
894,2.33071598628462,2.39188592479712,-0.099353145154759,0.327180760664737,-0.00615981388850631,0.165544946329773,2.32175227337776,2.52986175460655,2.6379352743366
895,1.36228782284716,2.22130230076582,-0.0608075944845221,0.259549934332543,0.371334003944839,0.235307046524128,3.02742021778056,3.54712680465752,2.92479681118706
896,1.85302734325457,2.9859246262099,0.127431751175793,0.331780138526897,0.33081536166186,0.473201353501859,2.90247299484987,2.65782960594713,2.51022386677513
897,1.70322752909224,2.35592839371065,0.0102497902266119,0.0910678059164687,0.117736255790856,0.121052353302286,2.75517871328527,2.31752835268662,1.98001639362943
898,1.23071350611755,2.35234132970862,0.294547443304184,0.102031615497367,0.657381234403862,0.0179404350996143,2.0929220100308,2.44595694762682,2.03032126954546
899,2.25025573385582,2.48546413474388,0.304024744504604,0.019824947477638,0.157268690655008,-0.211110641753215,2.19394375865229,2.42464016353053,1.44145583778236
900,1.86204365431759,2.61251783024188,0.220066557396083,0.219522523942855,0.364701288902907,0.485025413073785,2.39969159792141,2.83684519655091,2.03064761568732
901,1.04245137186484,2.96174152665614,0.0961446240871917,0.488821253409469,0.35351597277946,0.464149385543376,1.5525092923749,1.73112720977572,2.40220031455614
902,2.0677914693771,1.6230801857486,0.260589508345388,0.0373468527753707,0.299834642489198,0.0492760600662343,3.35012660306351,3.48597165971066,2.5400249072229
903,1.89234186138872,1.59199954832944,0.126052176683911,0.153557041020026,0.303511509418553,0.325557197381812,1.63126380317857,3.28951172864337,1.08835627156137
904,1.69834536717862,2.11118260517387,-0.0137824077197669,0.0927794149436362,-0.0480301296071646,0.1624289593146,1.10312323145818,2.2020700766695,1.57914063638377
905,2.4281589851398,2.68449871572741,-0.0358727575678211,-0.0417504840102245,-0.0589810034096835,0.33981026533954,2.59206581906975,2.32451494162481,2.29888618834562
906,2.32111865632653,1.67548839005805,0.183413645927092,0.373863546151101,0.0499590095413554,0.604801335589887,2.33391222334259,3.49085375217812,2.35882837447315
907,2.60526922850187,2.60552993594617,-0.0643414051696138,0.272275856105661,-0.273918640176696,0.300611046588853,1.716033125485,2.27864175813344,2.80592202526759
908,2.13056546906649,3.03197953839483,0.184457584822206,0.241607803068368,0.345962749908861,0.0316229315709994,1.32678514028873,2.53685438868494,2.63226974868446
909,2.11360182121046,3.34736627520809,0.120403935824499,0.429581224577818,0.315298374186966,0.476595651405614,2.17004171065937,2.85706044666392,2.50033638975285
910,1.64294248925172,2.68792938702187,-0.172604533999363,-0.111422524595465,0.161085427312439,0.0886505684124433,2.31299352483218,3.40585185214796,2.44677935945496
911,2.44513697567518,2.42294430105562,0.0864932444887691,0.222183160649956,0.316104187370065,0.366018603646632,2.26067326450514,2.36784573654413,2.71942410426495
912,2.29779502662351,2.86074179506332,0.0078494226324319,0.24430882093683,0.132823240395987,0.115256618100285,2.53257024216008,3.16427778003073,2.31159474978429
913,1.54545457380242,1.86482048265477,0.12210182140753,0.125525006287011,0.267579843462101,0.282244353707063,1.20210683220293,2.69078219264535,1.90565312103224
914,1.343245465043,3.53442117141079,-0.163043091125226,0.336623518011873,-0.16380875293561,0.298493086600468,2.85113742263575,1.63023521484125,1.93209553513956
915,2.36430478224253,2.68395709858272,0.0830669859422348,0.408396029991722,0.213924631677746,0.432774510981893,2.26486426124612,2.46054756048827,2.02251762507503
916,1.41213938115799,2.32866008918119,-0.132747120580499,0.0536310147264467,-0.0452280695710134,-0.0817428047960151,1.85415250667818,2.90413639420777,1.90967884062993
917,1.56118226141856,3.10030681032536,0.13237232798256,0.179818709735286,0.141123056930026,0.223299892364449,3.08614648461218,1.10286741935137,2.02859436600067
918,2.5007407944942,2.4720215719459,0.097730649767339,0.260766440834998,0.0851300877086395,0.478528375120348,2.05541254126268,2.71817659839844,2.21802496272135
919,1.75771126633688,2.23526491969919,0.183188898551885,0.0311066027409638,0.150398377359431,0.174129736581402,2.53416534819335,1.94752008709121,2.13750164638167
920,2.41609613907221,2.21300903800983,0.0910675117047958,0.37450098047472,-0.0711182147851446,0.3703071743774,2.52473855957631,3.10564897817596,1.59898555967781
921,2.17833717197162,2.02422431705665,0.142869146716218,0.241708946583003,-0.152237232501533,0.497744317857426,1.41524201619457,1.8654854815,2.40936458334982
922,2.06696110438969,2.07536695573299,0.0568717389274454,0.314644924877345,0.0722473539038958,0.173444995411723,1.97234881567086,2.75724591372246,1.98609143126526
923,2.38186912181304,2.06847399248899,0.313746135280405,0.137792639825867,0.159865831047397,0.414306456733871,2.3711852963368,1.8976571650474,2.21187121433532
924,1.21888311007957,1.3877537388086,0.341886604932573,0.145050110589651,0.502076704960085,-0.032515028006674,2.34506892755051,3.10696183810246,1.36536306943124
925,2.6642560147506,2.55278638549537,0.0642498752259027,0.0635395791019277,-0.0234928519757131,0.122059739040931,3.03444113249636,2.0631521176126,2.4672924896792
926,2.85889555661137,2.91631515070178,0.0856092173638267,-0.0333602252595331,-0.0451169437197642,-0.173331027724295,1.89658020161847,3.18669358640322,2.4322555775799
927,2.3646661816244,0.0780902048075984,-0.0516517639266295,0.321122024815433,0.133489129982335,0.348203634243595,1.32322864818052,2.03097292570849,1.84489588836607
928,2.07625177037753,2.12643197053278,0.0556179872284452,0.092705809254617,0.33415965991018,0.231025001608079,2.0223059914974,2.73998979999466,2.39742856743243
929,2.32788307044752,3.18107705822538,-0.0259054280345139,0.276354204230057,-0.100201315545783,0.296838670807662,1.86073396229617,1.05917264237462,2.27059401808693
930,1.60351629564706,1.52499926291987,0.0418074863525476,0.404481641117804,-0.0352487070976568,0.51912491677988,2.02260779327008,2.83249676529459,2.61068686302023
931,1.5053270005094,2.91572720199231,0.0756958967383842,0.306605472136476,0.37812465340296,0.198853915085509,2.54610229705174,2.30991608843911,2.67397463222933
932,2.57360837669499,2.78333154059478,0.0435579334766561,0.267540003474623,-0.243140274271486,0.347223897601354,2.17870892506582,2.36268285653888,3.24181379979328
933,1.24074580168066,1.60721494782099,-0.069056948748435,0.0371814409239658,0.0719477340446255,0.194129076764888,1.80690076014388,2.57155065754754,2.01410191369191
934,2.8203732505656,2.27183707583174,0.310726813092868,0.194693964916087,0.271069127813831,0.388479327877356,2.59213011176162,2.53845123235168,1.49469008130061
935,1.73168807001026,1.78595033289514,-0.103743361656451,0.454616477057003,-0.221499000849056,0.399753996705987,2.08101575160632,1.67024648407282,1.90279331334404
936,1.55499594163864,3.18557962597314,0.429450637297018,0.285278548436148,0.384357375872731,0.32781238115852,1.73411894743434,1.34195444408604,2.69958743751428
937,2.0005891914836,2.93078309823878,0.102467879106201,0.379329456563114,0.2775962692312,0.326528508093462,1.99666512288842,3.53456540588114,0.958451948791225
938,1.95733469452694,1.74562047490428,0.0365610172771403,0.442949966304771,0.170386516061196,0.297574770907072,2.97497740558194,1.13240495628102,1.70748760403164
939,2.29344353131372,2.04135810582561,0.0744840238719897,0.0909708563977678,0.218388617662214,0.363088958570565,1.23792990218321,2.03632479908035,2.19220653942197
940,2.32757553148495,2.61196528688165,0.05305623108477,0.174996005116441,-0.014266308149708,0.249152474439227,2.38955957501656,1.8647076397711,2.90346591097189
941,1.82072197803326,2.03632522735939,0.0114414700130832,-0.155055360668462,-0.0243547948397024,0.206768619026953,3.64757445743944,2.4271254286934,3.69041293797003
942,1.68652867150052,2.93018495619335,0.223851410595322,0.256652900154183,0.291487795065014,0.380607822273086,3.22898270595699,2.28596357905637,2.59697587336957
943,2.03740440773944,2.34087450941386,0.296994408223975,0.348537360645368,0.488975880560229,0.346713670762297,2.42487636134673,3.08429392635553,0.979653643329115
944,2.69428181002135,1.78386468395564,0.220026705182445,0.239058522917108,0.497294073276627,0.330021618176704,2.69533850069542,2.30876094393354,2.45077131931801
945,1.87925746968783,2.68762093308006,-0.109688327562571,0.241964393386574,-0.179590112668001,0.366577272673797,2.08947384753705,2.87867320175941,1.41435554846103
946,2.61731051001812,2.03257315080385,0.14901280986558,0.136463419675524,0.19403693476691,0.395432911939857,1.39233469917951,2.39828481728029,1.32834203362951
947,2.0505713886424,1.98235294504977,0.204606375874377,0.172167109319161,0.383546212270046,0.316339626867107,2.21441022607264,2.36400694853922,2.36227602365626
948,1.51376105959787,2.95799691582071,0.167422707147515,0.259176171442779,0.0677923801952049,0.64406014702824,1.88184752736889,3.63075955202211,1.59970008259684
949,2.91901696976046,2.79356538664428,-0.197974614151999,0.30882981267495,-0.2894991631578,0.134902591548124,1.60303976480902,2.04295257754446,1.96902656174901
950,2.35564220625751,1.8317872822286,0.206136853430207,0.183149479905193,0.0782851260468846,0.524653167234353,3.00529843161122,2.42911361522305,2.69068639058509
951,2.03474076697428,1.69852951007952,-0.0183201574838444,0.206793658716922,0.171027170796529,0.382975781355205,2.74022885004299,3.23520788866941,2.01292297055799
952,2.89766246966605,2.97467482921238,0.274898533322735,0.247260456402578,0.588052614084309,0.412522805687565,1.51188801102718,3.35821499713401,1.89601857309993
953,1.82123724852798,2.41686313643836,-0.0172270349846898,0.189799651736574,0.278945864203625,-0.106341920637583,2.48528649031451,1.77889603233847,0.98486417010894
954,2.11134339498685,3.14456694467604,0.103112189636014,0.0499709736735254,0.49083335238143,0.0589466132028802,2.84150250152756,2.8844530630105,2.25656708198508
955,2.47745554561241,2.70426068841869,-0.0440564537739236,0.453697268716903,0.131701305981578,0.497104102809821,2.1530079426739,2.25422297890484,2.45066150498978
956,2.52506715215255,2.35646540989898,0.325018911781587,0.25037935216207,0.220722081700802,0.240907156959631,0.946385307270746,1.78222593564388,1.92094867744775
957,2.63096051667775,2.72706025398525,-0.207040054347482,0.237047307535522,-0.0224120815861984,0.227682309188228,2.07333844660776,2.36806007508579,2.44251639366693
958,2.37499590847603,2.35928482337436,0.331455065182862,0.18014693357823,0.299591196794994,0.247990001466508,3.04349327516772,2.89956222886661,1.72736223002567
959,2.3782796413824,2.19087537597366,0.0308816988432697,0.0941295832683659,-0.118410600383095,0.251726023424066,2.62939127749948,1.56269360092064,2.17716677605745
960,2.30999906371889,2.58900310509904,0.0605025976649099,0.0504711077162367,0.127774631554606,-0.0575301712179071,1.94536867224661,2.80312274934247,2.04303635446833
961,2.35117705663551,3.00947048779522,0.118513875265981,0.252288733851721,-0.192908887202288,0.649597201931084,2.42981802832738,2.40835575172366,2.13809673593464
962,2.1468850698454,2.70661326235859,0.295103821688925,0.281486849678128,0.292026617666683,0.143556030209984,1.44505540267377,3.23745816461345,1.87676915919557
963,2.33182337323281,1.51334533901725,0.388810839718044,-0.0248373829371597,0.260585842088735,-0.0185389401691936,2.38786908429806,2.17145012549696,2.16551898350706
964,2.31640017504678,2.35297481648842,0.0819745107824619,0.275123564724631,-0.113468478250599,0.324890746129768,1.47029770589909,2.37454224420394,1.82528451897741
965,2.13619925741253,1.6343239291705,-0.0238441453139541,0.138512366769569,0.506766958427236,0.129614620657816,2.14652126673578,2.23908567287551,1.83907401664911
966,2.12261924990443,2.3945732466556,0.0260006829789677,0.177034168523568,0.143381128755031,0.0989143098390912,2.38390045509034,2.7726585324615,2.3226621147897
967,2.46795964468524,3.18097370812962,0.193025005152898,0.313667790049829,-0.13531282189668,0.256292763904327,2.58661291095073,1.36812424355587,2.11716639500178
968,3.26918405340224,3.15939099211376,0.314086113369411,0.081303814829183,0.00414099634511867,-0.207132475296217,2.59374735979244,2.21711337214885,2.19675493489458
969,1.56653613837039,1.15121936093936,-0.0375338834899734,0.252556624571972,0.231390083981855,0.492199302720446,2.0241207480666,2.42860007262134,2.96793896354272
970,1.82123857908062,2.72991431183985,0.190534895839266,0.14043025098574,0.2302608701517,-0.116249996639367,1.29996165944309,2.82918558811233,2.29398662994952
971,1.07717598741496,1.2820267583,0.0854641094173651,0.122724734440369,-0.0168928501317435,0.0624659641350098,2.90379028272435,1.69758271181605,1.68735014303285
972,2.67641437852266,2.74765350389864,0.281791297771376,0.416179273490973,0.432793748740541,0.490799174992041,2.19262767052318,2.70560836265419,2.38976921849664
973,1.36391013430494,1.83430081917231,0.194186003282721,0.195484046897601,0.415516117368427,0.132424036442145,1.29184070225836,2.35423654359245,1.22169972609869
974,2.68099747334144,2.04052059163827,0.0306451513236269,0.149761927430459,0.462546495651126,-0.0757838084421097,2.77961065204112,2.74205453587566,2.11856041543809
975,1.05647363714757,2.25857772775853,0.0102995334816142,0.0621928705557519,0.420734164216526,0.0102218180322428,2.03850738065971,3.50056502174214,2.45597589669816
976,1.8922190495481,3.15767417908243,0.118146649148945,0.219182402874565,0.0905366501693214,0.0697585567275639,1.87753526759527,2.63090377506312,0.48123255899823
977,2.34681292805522,2.62553733460376,0.204987910524663,0.117937642643695,0.199416919782794,-0.111617826232595,2.14967170318202,2.19242456225362,2.0063222740761
978,2.17650070773884,2.24283091865328,0.173466747212085,0.295161351210111,-0.280366698093798,0.252988303595366,3.32408076246401,2.80027290812253,1.91409084425007
979,2.67783501159645,2.79858910202349,0.26164727750739,0.351773263054074,-0.0459050923555783,0.412645217919397,2.17343594978467,3.34537642383561,2.6612782620108
980,2.21134088012301,2.83607521586829,0.265724363821037,0.459308952426329,0.309136987064541,0.575734389150621,2.42114680491788,2.88461394779357,2.66578272619459
981,2.45327492431356,1.90606432079053,0.22806994785694,0.496196101218615,0.21167132117936,0.516034425364457,1.85025111243724,3.26067134366603,2.26353444447249
982,1.89389240528605,2.16238278134115,0.237404705763666,0.0374643432920637,-0.0771704717634585,0.0186704420523875,2.36593668432693,3.10334260260887,1.43382666721557
983,2.78798937169364,2.42620868180291,0.114008280891818,0.26601612846123,-0.0741415570642501,0.318696554578776,1.53183422173437,2.16975693146374,2.21881169310618
984,2.620507002564,2.20375954807763,0.433792934481965,0.281957576018594,0.240581224853836,0.385636058754858,2.32988437204906,2.12346988514708,1.72049386991836
985,3.14066826282633,3.31402418634333,-0.22315959662484,0.314400788073167,-0.306290731183321,0.235937122576233,2.64500048177927,2.6905987664667,0.911896926564977
986,1.56501341566632,3.5567773777431,0.115416152186885,0.114037866353667,0.133696406807252,0.347201273046894,3.04644899155549,2.74362791254936,2.28694933779648
987,1.46148674837904,2.24579167011233,-0.00598283451565756,0.307007050159001,0.0173790555046455,0.695043478108649,2.15815560409636,2.70024510738475,1.93251534820116
988,1.80950675151435,2.81874728992305,0.109611557345321,0.264107474971427,0.228750103378508,0.149438968113233,1.83036222933601,2.11003230442284,1.96735026386828
989,3.13432134789015,2.66246842161983,0.379317900491651,0.205746413447471,0.430177984665247,0.276371861084514,2.70266782920947,3.21224129885823,2.52572987711062
990,2.15344623699097,1.97268538670183,0.290484465778967,0.251336297511079,0.634131542912717,0.236865042682775,2.2502753666047,1.71436258425141,2.30338206649786
991,1.99758166897408,3.27024684819307,0.0669091875298952,0.225795339173144,-0.101611043449481,0.179534997734028,2.04960987552248,2.93215275169573,1.44451275352354
992,1.6302256498613,2.50383586684928,0.207994922775563,0.306551101103925,0.219466940834089,0.28825099297498,2.93640691591636,2.64226914701776,2.19906916669953
993,1.4499948138434,2.91772378681598,-0.0681296957152814,0.18143261045613,0.11686433846118,0.269011230212796,3.3108742014062,2.75595084327722,2.65109733522997
994,1.73585939059432,2.60575679763799,0.187976912462713,0.355455339176551,0.422350331453731,0.523260643554994,1.46734651632085,2.92250427344307,1.85783618583452
995,2.6407664419336,2.73106935923121,-0.0334491290817089,0.172124170630327,-0.254057838880529,-0.0366152335706861,1.65641128332138,2.04180911159263,2.15853088184922
996,2.68092804024802,2.0069196215787,0.101714472380337,0.233703534959527,0.453936186192024,0.16174080848376,1.80839531468239,2.37379336748109,1.86735062668107
997,1.69388272669858,2.24039784071184,-0.0320084222592635,0.422797766205472,0.22326481085044,0.211512468678563,2.53869739929335,3.2720340964716,1.96916452268302
998,1.88723633093194,2.98156973322735,-0.254483541879156,0.178830496200085,0.0052477510826314,0.105730254428126,1.55709163486236,2.50283436170578,2.32736587370365
999,2.15367270200448,2.46782724840339,0.268984005988294,0.438386025226172,0.268649372620531,0.268712750541438,2.21310377820161,1.90087217459887,1.91817931287592
1000,2.04276432770819,1.63969058254203,0.0332388600638989,0.264975019612528,-0.0410601396204037,0.301470703877498,2.86514730255726,2.43244813943578,2.67707879242214
