coach,season,team,games,act17,mkt17,wae17,var17,pd_adj_pg,spell_yr,spell_len,interim,inherit_pd,talent17,premium17,wat17,contract_z,qb_z,qbp_z,qb_na,qb_filled,qbp_na,qbcur_z,madden_z,prev_team_wat,team_effect,season_effect,resid_plus_coach,in_main_window
Aaron Glenn,2025,NYJ,17,3,5.24462654825272,-2.24462654825271,3.30829261467227,-12.3261973166013,1,1,FALSE,-4.52810116535543,6.57699466917729,-1.33236812092457,-3.57699466917729,-2.08657838061675,-0.411903869480894,-0.277103867800835,FALSE,FALSE,FALSE,-1.4233829232317,-0.861592359910035,-2.65808155122286,-0.643508388380329,0,-2.80841962601292,TRUE
Adam Gase,2016,MIA,16,10.625,7.41877737834203,3.20622262165798,3.88438596871593,-2.40121527777747,1,3,FALSE,-6.81605895191074,8.6983109470255,-1.27953356868347,1.9266890529745,0.771639939843842,0.583376449324387,-0.944159259874087,FALSE,FALSE,FALSE,0.070678671962333,,-2.57603071766043,0.0587168759263221,0,1.99303883183221,TRUE
Adam Gase,2017,MIA,16,6.375,6.18947847471095,0.185521525289051,3.70556505444686,-6.26336805555597,2,3,FALSE,-6.81605895191074,8.44861088093295,-2.259132406222,-2.07361088093295,0.685747147603661,-0.374691939782075,-0.816349194663128,FALSE,FALSE,FALSE,-0.980081840084343,0.168652630331696,1.9266890529745,0.0587168759263221,0,-2.00726110207524,TRUE
Adam Gase,2018,MIA,16,7.4375,6.28626180757424,1.15123819242576,3.78124749171718,-8.83246527777703,3,3,FALSE,-6.81605895191074,7.87887570275936,-1.59261389518512,-0.441375702759357,-1.03058209194357,0.605063902132337,0,FALSE,FALSE,TRUE,-1.17555099349223,-0.538942001988,-2.07361088093295,0.0587168759263221,0,-0.375025923901646,TRUE
Adam Gase,2019,NYJ,16,7.4375,6.28555094456153,1.15194905543847,3.52812390623682,-6.30815972222207,1,2,FALSE,-7.83871527777703,7.70795355824889,-1.42240261368736,-0.270453558248891,0.200216649889501,-0.662325194622144,-0.807335580213998,FALSE,FALSE,FALSE,-1.52653621664159,-0.318282502029846,-2.4967477565228,-0.643508388380329,0,0.498121484915471,TRUE
Adam Gase,2020,NYJ,16,2.125,3.91477488625296,-1.78977488625296,2.96251728880953,-11.5098958333338,2,2,FALSE,-7.83871527777703,5.95905349598423,-2.04427860973127,-3.83405349598423,-2.08703908340752,-0.767986567869447,-0.796967723189461,FALSE,FALSE,FALSE,-1.74971243585874,-1.22252901922113,-0.270453558248891,-0.643508388380329,0,-3.06547845281986,TRUE
Al Groh,2000,NYJ,16,9.5625,8.56674028076307,0.995759719236929,4.04129733566853,3.53860621703018,1,1,FALSE,3.06304621021484,,,,,,,,,,,,,,,,FALSE
Andy Reid,1999,PHI,16,5.3125,4.60244423648532,0.710055763514676,3.47759903395422,-4.23356182623927,1,14,FALSE,0,,,,,,,,,,,,,,,,FALSE
Andy Reid,2000,PHI,16,11.6875,8.98094300740489,2.70655699259511,3.89554429796091,3.05599968346465,2,14,FALSE,0,,,,,,,,,,,,,,,,FALSE
Andy Reid,2001,PHI,16,11.6875,10.5730419771613,1.11445802283869,3.79287861410594,7.72738494849768,3,14,FALSE,0,,,,,,,,,,,,,,,,FALSE
Andy Reid,2002,PHI,16,12.75,11.0066595044868,1.7433404955132,3.58976705122803,8.2987847222227,4,14,FALSE,0,,,,,,,,,,,,,,,,FALSE
Andy Reid,2003,PHI,16,12.75,9.71767351489929,3.03232648510071,4.09792243546931,4.40468750523221,5,14,FALSE,0,,,,,,,,,,,,,,,,FALSE
Andy Reid,2004,PHI,16,13.8125,11.6383313189352,2.17416868106475,3.53574086072826,5.55399305555538,6,14,FALSE,0,,,,,,,,,,,,,,,,FALSE
Andy Reid,2005,PHI,16,6.375,8.79456071018966,-2.41956071018966,4.09686004146629,-2.30538194444533,7,14,FALSE,0,,,,,,,,,,,,,,,,FALSE
Andy Reid,2006,PHI,16,10.625,10.155287819544,0.469712180456003,3.60906045989785,3.39114583333271,8,14,FALSE,0,,,,,,,,,,,,,,,,FALSE
Andy Reid,2007,PHI,16,8.5,9.10295473469584,-0.602954734695844,3.74686259975678,5.25034722222111,9,14,FALSE,0,,,,,,,,,,,,,,,,FALSE
Andy Reid,2008,PHI,16,10.09375,10.70868007766,-0.614930077659995,3.72710465553732,7.83090277777769,10,14,FALSE,0,,,,,,,,,,,,,,,,FALSE
Andy Reid,2009,PHI,16,11.6875,10.89501265982,0.792487340180017,3.7127951973916,5.98888888888805,11,14,FALSE,0,,,,,,,,,,,,,,,,FALSE
Andy Reid,2010,PHI,16,10.625,9.87364054648484,0.751359453515157,4.03740160687675,4.2156249999995,12,14,FALSE,0,,,,,,,,,,,,,,,,FALSE
Andy Reid,2011,PHI,16,8.5,10.4791016213657,-1.97910162136569,3.86079215012582,4.7229166666665,13,14,FALSE,0,,,,,,,,,,,,,,,,FALSE
Andy Reid,2012,PHI,16,4.25,7.59803227268757,-3.34803227268757,4.03162218903153,-8.86657984877805,14,14,FALSE,0,9.84143383759402,-2.24340156490646,-5.59143383759402,1.78749235469608,1.06301551909827,0.235292867323076,FALSE,FALSE,FALSE,-0.474184426239016,,,-0.0176314751329004,0,-5.44873570767709,TRUE
Andy Reid,2013,KC,16,11.6875,9.65730058765022,2.03019941234978,3.79940768566219,6.07795138888909,1,13,FALSE,-13.9865451265558,9.3051896462625,0.352110941387723,2.3823103537375,1.48962690592348,-0.163071737519012,0.520400455462953,FALSE,FALSE,FALSE,0.182338279903111,,-6.0178974664583,0.422959162895011,0,2.08441784562653,TRUE
Andy Reid,2014,KC,16,9.5625,8.85853638482366,0.703963615176345,3.8771120292079,5.64982638888788,2,13,FALSE,-13.9865451265558,9.16602012695643,-0.307483742132771,0.396479873043575,1.13845172192234,0.7464217760031,-0.408266796903478,FALSE,FALSE,FALSE,0.411525473087107,,2.3823103537375,0.422959162895011,0,0.0985873649325976,TRUE
Andy Reid,2015,KC,16,11.6875,10.2463588172287,1.44114118277126,3.87572757004884,8.99713534079963,3,13,FALSE,-13.9865451265558,9.32437358438109,0.921985232847646,2.36312641561891,1.04530978719595,0.600256303137638,0.252121393975491,FALSE,FALSE,FALSE,0.136558039935606,,0.396479873043575,0.422959162895011,0,2.06523390750793,TRUE
Andy Reid,2016,KC,16,12.75,9.88425424699778,2.86574575300222,4.08936505346508,5.59704861111096,4,13,FALSE,-13.9865451265558,9.50692246493283,0.377331782064948,3.24307753506717,2.13947460790932,0.480616561003027,-0.287357539112852,FALSE,FALSE,FALSE,0.197615381606307,,2.36312641561891,0.422959162895011,0,2.94518502695619,TRUE
Andy Reid,2017,KC,16,10.625,10.3988531983153,0.22614680168471,3.89153670387623,3.42274305555551,5,13,FALSE,-13.9865451265558,9.39185265218035,1.00700054613494,1.23314734781965,0.599861007786373,0.713865685005368,0.339971017298472,FALSE,FALSE,FALSE,1.44997952117742,0.168652630331696,3.24307753506717,0.422959162895011,0,0.935254839708672,TRUE
Andy Reid,2018,KC,16,12.75,10.850839943565,1.89916005643496,3.57090392851257,8.88923611111071,6,13,FALSE,-13.9865451265558,8.08737408084851,2.76346586271653,4.66262591915149,-0.725150012049983,-1.24297715797063,1.28967572446074,FALSE,FALSE,FALSE,2.31004363164138,-0.102882733628542,1.23314734781965,0.422959162895011,0,4.36473341104051,TRUE
Andy Reid,2019,KC,16,12.75,11.0271007824185,1.72289921758151,3.63596026963644,9.1409722222226,7,13,FALSE,-13.9865451265558,9.6456080259781,1.38149275644039,3.1043919740219,0.560415024810324,-0.929107930358056,1.90835302731027,FALSE,FALSE,FALSE,1.68548799578866,0.573403884979827,4.66262591915149,0.422959162895011,0,2.80649946591092,TRUE
Andy Reid,2020,KC,16,14.875,12.0723530462867,2.80264695371327,3.20279527674027,6.80121527777719,8,13,FALSE,-13.9865451265558,11.1389122159912,0.933440830295533,3.7360877840088,0.489807756566083,1.77669824451958,1.57228248906621,FALSE,FALSE,FALSE,1.75947600178089,1.04535090049344,3.1043919740219,0.422959162895011,0,3.43819527589783,TRUE
Andy Reid,2021,KC,17,12,11.9013552603473,0.0986447396527321,3.44444263231473,7.55121767793136,9,13,FALSE,-13.9865451265558,11.3252561217326,0.576099138614662,0.674743878267394,0.903325715777547,1.69504048638099,1.54591007838026,FALSE,FALSE,FALSE,1.51832400362506,1.1921412056772,3.7360877840088,0.422959162895011,0,0.376851370156417,TRUE
Andy Reid,2022,KC,17,14,12.1916227899506,1.80837721004941,3.0892739177023,6.0448808548193,10,13,FALSE,-13.9865451265558,10.1520012595868,2.03962153036381,3.84799874041321,-0.045675163407836,1.42806935109605,1.20232828688133,FALSE,FALSE,FALSE,2.4751291634788,0.599684522090801,0.674743878267394,0.422959162895011,0,3.55010623230224,TRUE
Andy Reid,2023,KC,17,11,11.7105430252814,-0.71054302528141,3.38017585894443,4.01575970914881,11,13,FALSE,-13.9865451265558,11.0681008703346,0.642442154946851,-0.0681008703345594,-0.0866353415507506,1.27985869597233,1.76769128070146,FALSE,FALSE,FALSE,0.585791981989135,1.45927389784048,3.84799874041321,0.422959162895011,0,-0.365993378445536,TRUE
Andy Reid,2024,KC,17,15,10.9502837806364,4.04971621936359,3.424797414748,3.99270175748487,12,13,FALSE,-13.9865451265558,10.8202367712834,0.130047009353005,4.1797632287166,0.687450941924444,1.1591443776948,0.374949505346657,FALSE,FALSE,FALSE,0.612664919063823,1.57414000699185,-0.0681008703345594,0.422959162895011,0,3.88187072060562,TRUE
Andy Reid,2025,KC,17,6,10.2478523359879,-4.24785233598787,3.63292793791248,2.12909466678113,13,13,FALSE,-13.9865451265558,11.0451681032735,-0.797315767285619,-5.04516810327349,0.793252341230465,1.3020585404396,0.232086098140177,FALSE,FALSE,FALSE,0.273288815993796,1.7793909926796,4.1797632287166,0.422959162895011,0,-5.34306061138447,TRUE
Anthony Lynn,2017,LAC,16,9.5625,9.15662880099335,0.405871199006649,3.97617587235248,3.64427083333328,1,4,FALSE,0.0574652777776215,9.26264195400018,-0.106013153006833,0.299858045999816,-0.0228135058889673,0.986005091202229,0.321517835381415,FALSE,FALSE,FALSE,1.39772443171092,0.190591183870782,-3.44010609152186,0.0527429171180774,0,0.372181783665772,TRUE
Anthony Lynn,2018,LAC,16,12.75,10.9064881142097,1.84351188579026,3.51261176781487,5.95416666666626,2,4,FALSE,0.0574652777776215,9.07462842049335,1.83185969371639,3.67537157950665,-0.194662715392704,0.79156345865649,1.13524376054989,FALSE,FALSE,FALSE,1.19344484023545,-0.211897550718406,0.299858045999816,0.0527429171180774,0,3.7476953171726,TRUE
Anthony Lynn,2019,LAC,16,5.3125,9.28824653272785,-3.97574653272785,3.89977600604491,-1.32083333333296,3,4,FALSE,0.0574652777776215,8.06847264188177,1.21977389084609,-2.75597264188177,-1.55479245344813,0.849443641214693,1.19381613865258,FALSE,TRUE,FALSE,0.451210138111404,-0.813663828146328,3.67537157950665,0.0527429171180774,0,-2.68364890421581,TRUE
Anthony Lynn,2020,LAC,16,7.4375,8.83075135643271,-1.39325135643271,3.93638331916303,-2.91961805555614,4,4,FALSE,0.0574652777776215,7.06127082796986,1.76948052846284,0.376229172030136,0.0879142127169892,-0.892454846736301,0,FALSE,FALSE,TRUE,0.425533998231428,-1.33592301520686,-2.75597264188177,0.0527429171180774,0,0.448552909696093,TRUE
Antonio Pierce,2023,LV,9,9.44444444444444,6.57268706552164,2.87175737892281,6.65210937909467,5.96321900119297,1,2,TRUE,-2.66621685065296,7.50169846723686,-0.929011401715226,1.94274597720758,0.140865097330611,-1.02077798828562,0,FALSE,FALSE,TRUE,-0.597010026506579,-0.734533841194871,-2.82833625662194,-0.562952607356215,0,2.63076523934783,TRUE
Antonio Pierce,2024,LV,17,4,5.83161561710246,-1.83161561710246,3.4703275596794,-6.58085002922646,2,2,FALSE,-2.66621685065296,6.54374181994128,-0.71212620283882,-2.54374181994128,-2.37545340578603,-0.746885176389954,-0.0141201568603841,FALSE,FALSE,FALSE,-1.02959682584089,-0.709750784008928,0.498301532763139,-0.562952607356215,0,-1.85572255780103,TRUE
Art Shell,2006,LV,16,2.125,5.07620683583684,-2.95120683583684,3.37014254766609,-9.60225694444382,1,1,FALSE,-2.80225694444524,,,,,,,,,,,,,,,,FALSE
Arthur Smith,2021,ATL,17,7,6.679423079448,0.320576920552001,3.45956414494907,-8.66401456965966,1,3,FALSE,0.737673611110714,7.33685055252314,-0.657427473075141,-0.33685055252314,-1.79223262287424,0.937334527150953,-0.0355795004971386,FALSE,FALSE,FALSE,-0.921465102053811,-0.957642403922518,-2.22415393054557,-0.218499778919349,0,0.00671588118024252,TRUE
Arthur Smith,2022,ATL,17,7,7.38429276143426,-0.384292761434259,3.71495151737674,-1.93415774742523,2,3,FALSE,0.737673611110714,4.8596584672249,2.52463429420936,2.1403415327751,-2.07019591986327,-0.661648211914855,-2.7673962019226,FALSE,FALSE,FALSE,-0.275728689110214,-1.52608538501859,-0.33685055252314,-0.218499778919349,0,2.48390796647848,TRUE
Arthur Smith,2023,ATL,17,7,8.86248568562289,-1.86248568562289,4.09488496449026,-5.2480366638219,3,3,FALSE,0.737673611110714,7.74209785082836,1.12038783479453,-0.742097850828363,-0.53105480355155,-1.01041475997815,0.0408669600686899,FALSE,FALSE,FALSE,-0.365639721897763,-0.146906768238973,2.1403415327751,-0.218499778919349,0,-0.39853141712498,TRUE
Ben Johnson,2025,CHI,17,11,8.13219029665062,2.86780970334938,3.9005254128891,0.257905786778593,1,1,FALSE,-2.12773271020802,7.76734303866216,0.364847257988461,3.23265696133784,0.377606670036022,-0.776811995463968,-1.1066534586423,FALSE,FALSE,FALSE,0.565682201948926,-0.0875110324268669,-2.54672411217851,-0.175711010662426,0,3.5334346267843,TRUE
Ben McAdoo,2016,NYG,16,11.6875,8.50647464019905,3.18102535980095,4.04754895752386,2.12847222222219,1,2,FALSE,-3.55616311857741,8.8745375996235,-0.368062959424449,2.8129624003765,0.0264762773902606,0.806022874020667,-0.0160886830932926,FALSE,FALSE,FALSE,-0.824943412299366,,-1.69690578507116,-0.391667435154657,0,3.32969649031519,TRUE
Ben McAdoo,2017,NYG,12,2.83333333333333,6.09854361890303,-3.2652102855697,4.91849735505328,-7.25300925925909,2,2,FALSE,-3.55616311857741,9.14950447131272,-3.05096085240969,-6.31617113797939,0.0845441688826432,1.01802149193127,-0.0895816673059928,FALSE,FALSE,FALSE,-1.07259725175326,0.190591183870782,2.8129624003765,-0.391667435154657,0,-5.7994370480407,TRUE
Bill Belichick,2000,NE,16,5.3125,7.42924060170863,-2.11674060170863,3.99873258885301,-2.49956823204455,1,24,FALSE,2.22457615770496,,,,,,,,,,,,,,,,FALSE
Bill Belichick,2001,NE,16,11.6875,7.44500664315765,4.24249335684236,3.82268582802792,4.33423191923762,2,24,FALSE,2.22457615770496,,,,,,,,,,,,,,,,FALSE
Bill Belichick,2002,NE,16,9.5625,9.42471567815383,0.137784321846173,4.12182741706177,4.02621527777713,3,24,FALSE,2.22457615770496,,,,,,,,,,,,,,,,FALSE
Bill Belichick,2003,NE,16,14.875,9.34892113338157,5.52607886661843,4.10879325671352,6.93802083856554,4,24,FALSE,2.22457615770496,,,,,,,,,,,,,,,,FALSE
Bill Belichick,2004,NE,16,14.875,11.8180397019666,3.05696029803339,3.55646683102665,12.8425347222221,5,24,FALSE,2.22457615770496,,,,,,,,,,,,,,,,FALSE
Bill Belichick,2005,NE,16,10.625,10.0231498472465,0.601850152753524,4.02568647733993,3.14288194444429,6,24,FALSE,2.22457615770496,,,,,,,,,,,,,,,,FALSE
Bill Belichick,2006,NE,16,12.75,11.1044134455976,1.64558655440238,3.60460646346811,10.2385416666665,7,24,FALSE,2.22457615770496,,,,,,,,,,,,,,,,FALSE
Bill Belichick,2007,NE,16,17,14.300167424926,2.69983257507405,2.18623763141544,20.058333333333,8,24,FALSE,2.22457615770496,,,,,,,,,,,,,,,,FALSE
Bill Belichick,2008,NE,16,11.6875,10.6782644087106,1.00923559128936,3.68998941150813,3.90868055555662,9,24,FALSE,2.22457615770496,,,,,,,,,,,,,,,,FALSE
Bill Belichick,2009,NE,16,10.625,11.4884266034336,-0.863426603433645,3.38119615042674,11.2104166666658,10,24,FALSE,2.22457615770496,,,,,,,,,,,,,,,,FALSE
Bill Belichick,2010,NE,16,14.875,10.7808509708406,4.09414902915939,3.85788765287498,15.3843749999984,11,24,FALSE,2.22457615770496,,,,,,,,,,,,,,,,FALSE
Bill Belichick,2011,NE,16,13.8125,12.413741226808,1.39875877319198,3.31071930682469,9.27065972222206,12,24,FALSE,2.22457615770496,,,,,,,,,,,,,,,,FALSE
Bill Belichick,2012,NE,16,12.75,12.3899585443526,0.360041455647409,3.31860270867529,12.7544270710003,13,24,FALSE,2.22457615770496,9.75952784458989,2.6304306997627,2.99047215541011,0.162660328230808,1.20709694798292,1.51870174687059,FALSE,FALSE,FALSE,1.67665611887917,,,0.646076092975085,0,2.46946271721906,TRUE
Bill Belichick,2013,NE,16,12.75,10.7440921629668,2.00590783703324,3.84850315503921,5.88923611111091,14,24,FALSE,2.22457615770496,9.46532789692346,1.2787642660433,3.28467210307654,0.272274016733915,0.273132538692834,1.65511212767325,FALSE,FALSE,FALSE,0.506448344563395,,2.99047215541011,0.646076092975085,0,2.76366266488549,TRUE
Bill Belichick,2014,NE,16,12.75,10.5500520869024,2.19994791309756,3.79856726572422,10.9446180555548,15,24,FALSE,2.22457615770496,9.00905953706108,1.54099254984136,3.74094046293892,0.884191147511989,0.187892378097332,0.0750997903749453,FALSE,FALSE,FALSE,1.01655722557923,,3.28467210307654,0.646076092975085,0,3.21993102474787,TRUE
Bill Belichick,2015,NE,16,12.75,12.4687309545836,0.281269045416448,3.29136163267476,6.96588549253371,16,24,FALSE,2.22457615770496,8.566616538153,3.90211441643055,4.183383461847,-0.521092657117609,0.0151500720548229,0.655508743983421,FALSE,FALSE,FALSE,1.26712506691054,,3.74094046293892,0.646076092975085,0,3.66237402365595,TRUE
Bill Belichick,2016,NE,16,14.875,11.942442522317,2.93255747768299,3.33174268642328,9.28593750000031,17,24,FALSE,2.22457615770496,8.9965908000705,2.94585172224651,5.8784091999295,-0.453286628573005,0.549123153217267,1.03232494099989,FALSE,FALSE,FALSE,1.72166479027873,,4.183383461847,0.646076092975085,0,5.35739976173845,TRUE
Bill Belichick,2017,NE,16,13.8125,12.8821244916425,0.930375508357454,3.14831373198679,8.88663194444403,18,24,FALSE,2.22457615770496,11.3476034892706,1.5345210023719,2.46489651072935,0.556917937877729,0.777898486463453,1.4377265629868,FALSE,FALSE,FALSE,1.87197682337018,1.90179835991919,5.8784091999295,0.646076092975085,0,1.9438870725383,TRUE
Bill Belichick,2018,NE,16,11.6875,12.3940942900714,-0.706594290071363,3.35617863557409,5.17760416666742,19,24,FALSE,2.22457615770496,10.4563595218205,1.93773476825086,1.23114047817949,-0.99843134669161,0.571154891855218,1.42989466565945,FALSE,TRUE,FALSE,0.728160984279565,1.7721721203171,2.46489651072935,0.646076092975085,0,0.710131039988441,TRUE
Bill Belichick,2019,NE,16,12.75,13.1416402592691,-0.391640259269108,2.91202651139199,10.4276041666668,20,24,FALSE,2.22457615770496,10.0865553214541,3.05508493781501,2.6634446785459,0.054604540878955,0.508554589996583,0.468074246939681,FALSE,FALSE,FALSE,-0.18670170837943,1.28675299458756,1.23114047817949,0.646076092975085,0,2.14243524035485,TRUE
Bill Belichick,2020,NE,16,7.4375,8.59609992857405,-1.15859992857405,3.9287944600314,-0.980381944444888,21,24,FALSE,2.22457615770496,7.67129868811171,0.924801240462333,-0.233798688111714,-2.1185601456702,-1.2382000658109,-1.10872442982672,FALSE,FALSE,FALSE,-1.11451783559417,1.19654289514108,2.6634446785459,0.646076092975085,0,-0.754808126302765,TRUE
Bill Belichick,2021,NE,17,10,10.2399318417858,-0.239931841785774,3.62067968725577,8.6290623690826,22,24,FALSE,2.22457615770496,7.68560339790858,2.55432844387719,2.31439660209142,-0.82086024858531,-0.996122058470525,0,FALSE,FALSE,TRUE,0.60603649021803,-0.0247174412660409,-0.233798688111714,0.646076092975085,0,1.79338716390037,TRUE
Bill Belichick,2022,NE,17,8,8.38877547243052,-0.38877547243052,3.85263900131627,1.8190612071155,23,24,FALSE,2.22457615770496,8.12255893186089,0.266216540569628,-0.122558931860892,-1.17644407372075,-0.937215363081128,0.454289696521622,FALSE,FALSE,FALSE,-0.559823392601057,0.406432712353588,2.31439660209142,0.646076092975085,0,-0.643568370051943,TRUE
Bill Belichick,2023,NE,17,4,6.65845811168163,-2.65845811168163,3.62470116384599,-7.61221370109533,24,24,FALSE,2.22457615770496,7.16468387152409,-0.506225759842461,-3.16468387152409,-1.25588178324333,-0.854966335366129,-0.650150663044993,FALSE,FALSE,FALSE,-1.81796056356914,-0.205669475534565,-0.122558931860892,0.646076092975085,0,-3.68569330971514,TRUE
Bill Callahan,2002,LV,16,11.6875,10.6343428050103,1.05315719498968,3.88886666738211,10.6352430555551,1,2,FALSE,3.62329159110904,,,,,,,,,,,,,,,,FALSE
Bill Callahan,2003,LV,16,4.25,7.15067371278002,-2.90067371278002,3.8223682477906,-5.47656250523221,2,2,FALSE,3.62329159110904,,,,,,,,,,,,,,,,FALSE
Bill Callahan,2019,WAS,11,4.63636363636364,4.99464050635101,-0.358276869987372,4.53113415754307,-9.24578598484811,1,1,TRUE,-4.94947916666673,8.01062122758774,-3.01598072123673,-3.3742575912241,0.292182192422476,-0.706788983911463,-0.817588076799276,FALSE,FALSE,FALSE,-1.63033667421242,0.0185767997293653,-2.05303717769954,-0.36658131471183,0,-2.88260962172824,TRUE
Bill Cowher,1999,PIT,16,6.375,8.61668452856471,-2.24168452856471,3.72665780739718,-2.40745557847807,1,8,FALSE,0,,,,,,,,,,,,,,,,FALSE
Bill Cowher,2000,PIT,16,9.5625,7.99949928044506,1.56300071955494,3.87473876364319,3.90821421133667,2,8,FALSE,0,,,,,,,,,,,,,,,,FALSE
Bill Cowher,2001,PIT,16,13.8125,9.94866035244996,3.86383964755004,4.02245729687237,7.3520672960456,3,8,FALSE,0,,,,,,,,,,,,,,,,FALSE
Bill Cowher,2002,PIT,16,11.15625,11.0789671771047,0.0772828228953397,3.78836117552496,2.69947916666711,4,8,FALSE,0,,,,,,,,,,,,,,,,FALSE
Bill Cowher,2003,PIT,16,6.375,8.88650875816241,-2.51150875816241,4.05033706665449,-1.07656250523221,5,8,FALSE,0,,,,,,,,,,,,,,,,FALSE
Bill Cowher,2004,PIT,16,15.9375,9.49866237360333,6.43883762639667,3.97325887960076,9.00017361111088,6,8,FALSE,0,,,,,,,,,,,,,,,,FALSE
Bill Cowher,2005,PIT,16,11.6875,10.727105637629,0.960394362371012,3.76469201646077,7.81458333333413,7,8,FALSE,0,,,,,,,,,,,,,,,,FALSE
Bill Cowher,2006,PIT,16,8.5,10.2009779734641,-1.70097797346413,4.00512555687514,3.41684027777798,8,8,FALSE,0,,,,,,,,,,,,,,,,FALSE
Bill O'Brien,2014,HOU,16,9.5625,8.7360339845308,0.826466015469203,4.06352569267597,1.73281250000077,1,6,FALSE,-7.584548611112,7.99310541770322,0.742928566827582,1.56939458229679,-0.132851150129407,-0.865334486524973,-0.183517616267841,FALSE,FALSE,FALSE,-0.0483116724402043,,-6.92520883606422,0.213815975175525,0,1.48064526190529,TRUE
Bill O'Brien,2015,HOU,16,9.5625,8.06532829827622,1.49717170172378,4.12812605796655,-0.752864507466294,2,6,FALSE,-7.584548611112,7.94332865619485,0.121999642081364,1.61917134380515,0.245444709248601,-0.921019897677682,-0.588673247673978,FALSE,FALSE,FALSE,-0.387938076567305,,1.56939458229679,0.213815975175525,0,1.53042202341366,TRUE
Bill O'Brien,2016,HOU,16,9.5625,7.62672797259371,1.9357720274063,4.09956428990127,-2.62760416666697,3,6,FALSE,-7.584548611112,8.44639551071313,-0.819667538119425,1.11610448928687,0.291877033880578,0.275096784360307,-0.728890214023826,FALSE,FALSE,FALSE,-1.12026801004939,,1.61917134380515,0.213815975175525,0,1.02735516889538,TRUE
Bill O'Brien,2017,HOU,16,4.25,6.62343273802046,-2.37343273802046,3.62053807773075,-6.42795138888848,4,6,FALSE,-7.584548611112,6.94806325176551,-0.324630513745047,-2.69806325176551,-0.0872281107519336,-1.25514295983074,-0.69530735035005,FALSE,FALSE,FALSE,-0.615721098625973,-0.796643725387912,1.11610448928687,0.213815975175525,0,-2.786812572157,TRUE
Bill O'Brien,2018,HOU,16,11.6875,10.2645217560915,1.4229782439085,3.98268957360601,3.84913194444485,5,6,FALSE,-7.584548611112,7.54461016591709,2.71991159017442,4.14288983408291,0.37601301282952,-1.31079517852487,0.295998578666625,FALSE,FALSE,FALSE,0.438945600699979,-0.756971636167721,-2.69806325176551,0.213815975175525,0,4.05414051369142,TRUE
Bill O'Brien,2019,HOU,16,10.625,8.52861770377931,2.09638229622069,4.01794130591795,0.518402777777624,6,6,FALSE,-7.584548611112,7.67445165623688,0.854166047542425,2.95054834376312,0.414802915799778,-0.988392982743814,0.134158194443905,FALSE,FALSE,FALSE,0.64523100414156,-0.754218069012348,4.14288983408291,0.213815975175525,0,2.86179902337162,TRUE
Bill Parcells,1999,NYJ,16,8.5,7.28194495944246,1.21805504055754,4.06756279416776,3.06304621021484,1,1,FALSE,0,,,,,,,,,,,,,,,,FALSE
Bill Parcells,2003,DAL,16,10.625,9.17292494987553,1.45207505012447,4.00785312502035,-0.461979161434458,1,4,FALSE,-8.47795138888841,,,,,,,,,,,,,,,,FALSE
Bill Parcells,2004,DAL,16,6.375,7.71217086699271,-1.33717086699271,3.98036710078353,-7.76892361111128,2,4,FALSE,-8.47795138888841,,,,,,,,,,,,,,,,FALSE
Bill Parcells,2005,DAL,16,9.5625,9.07767670896308,0.484823291036918,3.9704069785356,3.15677083333245,3,4,FALSE,-8.47795138888841,,,,,,,,,,,,,,,,FALSE
Bill Parcells,2006,DAL,16,9.5625,11.3898007819163,-1.82730078191628,3.62548689786779,3.66093749999937,4,4,FALSE,-8.47795138888841,,,,,,,,,,,,,,,,FALSE
Bobby Petrino,2007,ATL,12,4.25,5.72863257809107,-1.47863257809107,5.00190819897768,-9.34953703703621,1,1,FALSE,-3.01927083333355,,,,,,,,,,,,,,,,FALSE
Bobby Ross,1999,DET,16,8.5,7.69267267583587,0.807327324164128,4.01405990690279,1.92148554685404,1,1,FALSE,0,,,,,,,,,,,,,,,,FALSE
Brad Childress,2006,MIN,16,6.375,8.22067034201321,-1.84567034201321,4.1534662091023,-4.09340277777756,1,5,FALSE,-3.52395833333245,,,,,,,,,,,,,,,,FALSE
Brad Childress,2007,MIN,16,8.5,8.5067508123158,-0.00675081231580421,3.89443513308906,3.79201388888755,2,5,FALSE,-3.52395833333245,,,,,,,,,,,,,,,,FALSE
Brad Childress,2008,MIN,16,10.625,9.38844324459069,1.23655675540931,3.98966267024599,4.03541666666587,3,5,FALSE,-3.52395833333245,,,,,,,,,,,,,,,,FALSE
Brad Childress,2009,MIN,16,12.75,11.8510793199196,0.898920680080362,3.36453498500168,7.16562500000119,4,5,FALSE,-3.52395833333245,,,,,,,,,,,,,,,,FALSE
Brad Childress,2010,MIN,10,5.1,8.71625741555343,-3.61625741555343,6.34299778366957,-1.64434027777929,5,5,FALSE,-3.52395833333245,,,,,,,,,,,,,,,,FALSE
Brandon Staley,2021,LAC,17,9,9.78172956938323,-0.781729569383229,3.76580488089508,1.25096515267884,1,3,FALSE,-2.91961805555614,6.85096154281098,2.93076802657224,2.14903845718902,-1.34702028465848,-0.826291412436206,0.300748221680135,FALSE,FALSE,FALSE,1.10448699586313,-0.977923381371576,0.376229172030136,0.0527429171180774,0,2.22136219485497,TRUE
Brandon Staley,2022,LAC,17,10,9.00934387669267,0.990656123307334,3.83025535292993,-1.11313808878808,2,3,FALSE,-2.91961805555614,8.93421371880313,0.0751301578895376,1.06578628119687,0.630811040578494,-0.787949822866064,0.994825495264033,FALSE,FALSE,FALSE,0.142976142153041,0.116554997747757,2.14903845718902,0.0527429171180774,0,1.13811001886283,TRUE
Brandon Staley,2023,LAC,14,6.07142857142857,9.25512742427113,-3.18369885284256,4.73814475273893,-2.14036689100484,3,3,FALSE,-2.91961805555614,8.77329832880623,0.481829095464901,-2.70186975737766,1.34185578630896,1.3524012941246,0.0178489020049397,FALSE,FALSE,FALSE,0.0412099470752859,-1.10669765406693,1.06578628119687,0.0527429171180774,0,-2.6295460197117,TRUE
Brian Billick,1999,BAL,16,8.5,8.33328234743439,0.166717652565609,3.85492006879915,0.915308455815106,1,9,FALSE,0,,,,,,,,,,,,,,,,FALSE
Brian Billick,2000,BAL,16,12.75,11.1675014317257,1.58249856827427,3.54614039100379,8.02338628109554,2,9,FALSE,0,,,,,,,,,,,,,,,,FALSE
Brian Billick,2001,BAL,16,10.625,10.920330507243,-0.295330507242975,3.77911141835619,3.2055107438721,3,9,FALSE,0,,,,,,,,,,,,,,,,FALSE
Brian Billick,2002,BAL,16,7.4375,6.9868196556269,0.450680344373098,4.04651408134933,-2.117881944444,4,9,FALSE,0,,,,,,,,,,,,,,,,FALSE
Brian Billick,2003,BAL,16,10.625,9.45441193469839,1.17058806530161,4.08968571579276,6.26302082810112,5,9,FALSE,0,,,,,,,,,,,,,,,,FALSE
Brian Billick,2004,BAL,16,9.5625,9.69529248618982,-0.132792486189818,3.79735925999998,6.12309027777755,6,9,FALSE,0,,,,,,,,,,,,,,,,FALSE
Brian Billick,2005,BAL,16,6.375,7.84055474795404,-1.46555474795403,3.84849718121419,-1.83472222222142,7,9,FALSE,0,,,,,,,,,,,,,,,,FALSE
Brian Billick,2006,BAL,16,13.8125,9.8599432523841,3.9525567476159,3.86024396085814,9.34670138888909,8,9,FALSE,0,,,,,,,,,,,,,,,,FALSE
Brian Billick,2007,BAL,16,5.3125,7.98805466222382,-2.67555466222382,3.53422337549709,-6.7427083333325,9,9,FALSE,0,,,,,,,,,,,,,,,,FALSE
Brian Callahan,2024,TEN,17,3,6.75739120019687,-3.75739120019687,3.67973766310813,-8.54825644062278,1,2,FALSE,-2.97030774695691,7.13409163633743,-0.376700436140556,-4.13409163633743,-1.10644097538972,-1.15379036209344,-0.14938147639778,FALSE,FALSE,FALSE,-1.13612749622826,-0.365354553619919,-0.970687287147628,-0.390656462515255,0,-3.61836851903814,TRUE
Brian Callahan,2025,TEN,17,3,4.48481889023142,-1.48481889023142,3.15532121407734,-7.76806855407474,2,2,FALSE,-2.97030774695691,6.4232344687418,-1.93841557851038,-3.4232344687418,-1.42748310200841,-0.721522885466532,0,FALSE,FALSE,TRUE,-1.84635135245444,-1.33970141512023,-4.13409163633743,-0.390656462515255,0,-2.90751135144251,TRUE
Brian Daboll,2022,NYG,17,9.5,6.83363136753875,2.66636863246125,3.61328476582297,-0.160637054424424,1,4,FALSE,-8.47572586463713,6.17105576443935,0.662575603099409,3.32894423556066,-1.50728039245859,-0.787949822866064,-0.435417657913726,FALSE,FALSE,FALSE,0.368036990462867,-1.3521587562551,-2.8576126869944,-0.391667435154657,0,3.84567832549935,TRUE
Brian Daboll,2023,NYG,17,6,5.14753210834546,0.852467891654541,3.22205901830037,-8.16963543289957,2,4,FALSE,-8.47572586463713,7.96062429763559,-2.81309218929014,-1.96062429763559,0.0879580185209916,-1.03114121659309,0,FALSE,FALSE,TRUE,-1.21714899595621,-0.166494337337499,3.32894423556066,-0.391667435154657,0,-1.4438902076969,TRUE
Brian Daboll,2024,NYG,17,3,5.74028295178283,-2.74028295178283,3.51611228549303,-7.85217767931179,3,4,FALSE,-8.47572586463713,5.63465736265637,0.105625589126459,-2.63465736265637,-1.04664457814591,-1.2287465805125,-1.29623359564771,FALSE,FALSE,FALSE,-1.2558548003755,-1.5435521838981,-1.96062429763559,-0.391667435154657,0,-2.11792327271768,TRUE
Brian Daboll,2025,NYG,17,4,5.86789996075562,-1.86789996075562,3.60253868132716,-3.8329284400638,4,4,FALSE,-8.47572586463713,6.65603587553933,-0.788135914783718,-2.65603587553933,-0.257737427361197,-1.04219972345166,0,FALSE,FALSE,TRUE,-0.0174045814950757,-1.47630400232314,-2.63465736265637,-0.391667435154657,0,-2.13930178560064,TRUE
Brian Flores,2019,MIA,16,5.3125,3.57166085448309,1.74083914551691,2.72470356335267,-11.5619791666665,1,3,FALSE,-8.83246527777703,5.64999619642398,-2.07833534194089,-0.337496196423982,-1.75405112893625,-0.869822877972298,1.00172659249182,FALSE,FALSE,FALSE,-0.718374919891733,-2.53759084303168,-0.441375702759357,0.0587168759263221,0,-0.27114641756627,TRUE
Brian Flores,2020,MIA,16,10.625,8.11589684531201,2.509103154688,3.81790080963311,2.96545138888844,2,3,FALSE,-8.83246527777703,6.38355992853226,1.73233691677974,4.24144007146774,-1.267491464578,-0.837135611684366,0,FALSE,FALSE,TRUE,-0.0460274858591312,-1.48711500985449,-0.337496196423982,0.0587168759263221,0,4.30778985032545,TRUE
Brian Flores,2021,MIA,17,9,7.79333370221084,1.20666629778916,3.59829374523024,-2.55644899455376,3,3,FALSE,-8.83246527777703,6.60881297993436,1.18452072227648,2.39118702006564,-1.48463137101608,-0.774035829041031,-1.18171963046365,FALSE,FALSE,FALSE,-0.249359920632954,-0.491179922594283,4.24144007146774,0.0587168759263221,0,2.45753679892335,TRUE
Brian Schottenheimer,2025,DAL,17,7.5,8.70734892724935,-1.20734892724935,3.8671575763058,-4.31147917987396,1,1,FALSE,-6.15644990851335,9.56045995834701,-0.853111031097669,-2.06045995834701,1.2920271466638,1.3905211164355,-0.791030789315551,FALSE,FALSE,FALSE,0.893209499251191,0.25399543558041,-1.69103350428668,0.181363887290113,0,-2.11675719085309,TRUE
Bruce Arians,2013,ARI,16,10.625,7.98749018489623,2.63750981510377,3.9841333408231,6.44565972222097,1,5,FALSE,-3.1888020956664,8.35253918424321,-0.365048999346979,2.27246081575679,0.020108061116077,-0.114604595717696,-0.317996692011566,FALSE,FALSE,FALSE,-0.338325493937298,,-2.41854649683482,-0.219011617415628,0,2.61653908795645,TRUE
Bruce Arians,2014,ARI,16,11.6875,7.64385651514934,4.04364348485066,4.03267770275546,1.98003472222154,2,5,FALSE,-3.1888020956664,8.7030681601893,-1.05921164503996,2.9844318398107,0.436692536549774,0,0,TRUE,FALSE,TRUE,-0.158920672471984,,2.27246081575679,-0.219011617415628,0,3.32851011201036,TRUE
Bruce Arians,2015,ARI,16,13.8125,11.4064013589271,2.40609864107294,3.81590162143325,12.3129339519107,3,5,FALSE,-3.1888020956664,8.85402037881935,2.55238098010771,4.95847962118065,-0.0989416437565083,0.533387019585316,0.356631396756867,FALSE,FALSE,FALSE,1.73355567473492,,2.9844318398107,-0.219011617415628,0,5.30255789338031,TRUE
Bruce Arians,2016,ARI,16,7.96875,10.399575870099,-2.43082587009898,3.76219853240151,1.58993055555582,4,5,FALSE,-3.1888020956664,10.0989565745818,0.300619295517155,-2.13020657458182,1.22077968159668,0.600503097377947,1.91343027093207,FALSE,FALSE,FALSE,-0.381857973820739,,4.95847962118065,-0.219011617415628,0,-1.78612830238216,TRUE
Bruce Arians,2017,ARI,16,8.5,7.42334300981069,1.07665699018931,4.00193414721586,-3.71927083333286,5,5,FALSE,-3.1888020956664,8.38456581073832,-0.961222800927626,0.115434189261681,-0.595387771337556,0.825923087557017,0.187096129494168,FALSE,TRUE,FALSE,-1.28141815362831,-0.401749761684434,-2.13020657458182,-0.219011617415628,0,0.459512461461342,TRUE
Bruce Arians,2019,TB,16,7.4375,8.00769910613059,-0.570199106130586,4.12967298519212,0.386979166666193,1,3,FALSE,-2.55850694444508,7.01098250277834,0.996716603352242,0.426517497221656,-1.20992166894947,-0.647503931525704,0.146415749720571,FALSE,TRUE,FALSE,0.18772177547801,-0.912740093369618,-3.20772098286242,-0.314137271243823,0,0.865721423249513,TRUE
Bruce Arians,2020,TB,16,11.6875,11.0637208103041,0.623779189695915,3.69732751580472,9.38454861111071,2,3,FALSE,-2.55850694444508,8.83480181326365,2.22891899704044,2.85269818673635,-0.644950484890183,0.379887559458213,-0.183110008085357,FALSE,FALSE,FALSE,0.836192635571524,0.516178919226709,0.426517497221656,-0.314137271243823,0,3.29190211276421,TRUE
Bruce Arians,2021,TB,17,13,13.0944613044302,-0.0944613044301761,2.82914592370527,8.38680613741105,3,3,FALSE,-2.55850694444508,11.9619894116929,1.13247189273726,1.03801058830708,2.15801503256742,0.519289859989552,0.79496202156846,FALSE,FALSE,FALSE,1.24772545708449,2.30759496537517,2.85269818673635,-0.314137271243823,0,1.47721451433494,TRUE
Bruce Coslet,1999,CIN,16,4.25,5.59509929610171,-1.34509929610171,3.3894466456728,-11.5134562886414,1,1,FALSE,0,,,,,,,,,,,,,,,,FALSE
Butch Davis,2001,CLE,16,7.4375,6.48934163748391,0.948158362516086,3.96914789104384,-0.79846559594126,1,4,FALSE,-14.5975007698224,,,,,,,,,,,,,,,,FALSE
Butch Davis,2002,CLE,16,9.5625,8.14139584991378,1.42110415008622,4.05660439634457,1.23385416666711,2,4,FALSE,-14.5975007698224,,,,,,,,,,,,,,,,FALSE
Butch Davis,2003,CLE,16,5.3125,6.88932037679495,-1.57682037679495,3.85765098751086,-2.9092013941211,3,4,FALSE,-14.5975007698224,,,,,,,,,,,,,,,,FALSE
Butch Davis,2004,CLE,11,4.63636363636364,6.4184262338988,-1.78206259753516,5.9822378913987,-0.760811237374062,4,4,FALSE,-14.5975007698224,,,,,,,,,,,,,,,,FALSE
Cam Cameron,2007,MIA,16,1.0625,5.57617341188427,-4.51367341188427,3.53287726149792,-8.37222222222261,1,1,FALSE,0.683333333333134,,,,,,,,,,,,,,,,FALSE
Chan Gailey,1999,DAL,16,8.5,10.0083966566486,-1.5083966566486,3.92040367524257,3.11544686993055,1,1,FALSE,0,,,,,,,,,,,,,,,,FALSE
Chan Gailey,2010,BUF,16,4.25,5.80418888384607,-1.55418888384607,3.72781505625752,-4.60972222222381,1,3,FALSE,-1.82326388888975,,,,,,,,,,,,,,,,FALSE
Chan Gailey,2011,BUF,16,6.375,7.09807740692099,-0.723077406920985,4.04150258140755,-3.37031250000017,2,3,FALSE,-1.82326388888975,,,,,,,,,,,,,,,,FALSE
Chan Gailey,2012,BUF,16,6.375,7.43712699279371,-1.06212699279371,3.89255510895065,-6.65043404011084,3,3,FALSE,-1.82326388888975,8.16272323438898,-0.72559624159527,-1.78772323438898,-0.252994376213796,0.0132793943672488,-0.572975088569043,FALSE,FALSE,FALSE,-0.438831430326941,,,0.398779158083829,0,-2.06143573768878,TRUE
Chip Kelly,2013,PHI,16,10.625,9.88377032064066,0.741229679359345,4.0586638632355,1.85381944444536,1,3,FALSE,-8.86657984877805,7.83933131579896,2.0444390048417,2.78566868420104,0.637479883490784,-1.13241457354534,-1.06295427613071,FALSE,FALSE,FALSE,1.01544865433575,,-5.59143383759402,-0.0176314751329004,0,2.92836681411798,TRUE
Chip Kelly,2014,PHI,16,10.625,9.60161850309073,1.02338149690927,4.04435242387312,3.92065972222243,2,3,FALSE,-8.86657984877805,8.64349310745477,0.958125395635955,1.98150689254523,1.39271229633269,-1.02491431449805,0,FALSE,FALSE,TRUE,0.0132950486819177,,2.78566868420104,-0.0176314751329004,0,2.12420502246216,TRUE
Chip Kelly,2015,PHI,15,6.8,9.34375473363694,-2.54375473363694,4.32493212388853,-5.02764460174482,3,3,FALSE,-8.86657984877805,8.41855637991583,0.925198353721107,-1.61855637991583,-0.576638843086175,0.349496489816432,0,FALSE,TRUE,TRUE,-0.659031240794687,,1.98150689254523,-0.0176314751329004,0,-1.4758582499989,TRUE
Chip Kelly,2016,SF,16,2.125,5.25852710694465,-3.13352710694465,3.45469850548971,-11.2124999999997,1,1,FALSE,-5.52838549253371,7.19157156606621,-1.93304445912156,-5.06657156606621,-1.20865801243006,0.00107041550334762,-1.90711321389777,FALSE,FALSE,FALSE,-0.85114570735719,,-3.59373466633825,-0.105524954629456,0,-4.83597995665272,TRUE
Chris Palmer,1999,CLE,16,2.125,3.35544910249864,-1.23044910249864,2.67645280134124,-14.0749964974338,1,2,FALSE,0,,,,,,,,,,,,,,,,FALSE
Chris Palmer,2000,CLE,16,3.1875,3.57456351400915,-0.387063514009147,2.81420750420612,-14.5975007698224,2,2,FALSE,0,,,,,,,,,,,,,,,,FALSE
Chuck Pagano,2012,IND,16,11.6875,6.95739935776492,4.73010064223508,3.8935269510063,-4.71154515122196,1,6,FALSE,-11.2847222222221,7.40903505078705,-0.451635693022133,4.27846494921295,-1.81169951788106,-0.727710811325239,0,FALSE,FALSE,TRUE,0.110506920857474,,,0.350965858937752,0,4.05256574505923,TRUE
Chuck Pagano,2013,IND,16,11.6875,9.02677592577272,2.66072407422728,3.72038771085273,4.03524305555467,2,6,FALSE,-11.2847222222221,8.09362654930383,0.933149376468897,3.59387345069617,-0.110322605582804,-0.486186016194454,-0.402344970045364,FALSE,FALSE,FALSE,0.291534497046634,,4.27846494921295,0.350965858937752,0,3.36797424654245,TRUE
Chuck Pagano,2014,IND,16,11.6875,10.667177424716,1.020322575284,3.85339159595401,4.43246527777854,3,6,FALSE,-11.2847222222221,7.81051184885211,2.85666557586389,3.87698815114789,-0.580349761091622,-0.562132813376128,-0.493656845759882,FALSE,FALSE,FALSE,0.718805529189993,,3.59387345069617,0.350965858937752,0,3.65108894699417,TRUE
Chuck Pagano,2015,IND,16,8.5,8.20770845140835,0.292291548591647,4.0813980749793,-6.65078117413296,4,6,FALSE,-11.2847222222221,8.12682121117809,0.0808872402302612,0.373178788821908,-0.387781810793051,-0.770564009684958,0.32180483133435,FALSE,FALSE,FALSE,-0.731902378772043,,3.87698815114789,0.350965858937752,0,0.14727958466819,TRUE
Chuck Pagano,2016,IND,16,8.5,7.86095756908214,0.639042430917861,4.11660990219357,0.366493055555248,5,6,FALSE,-11.2847222222221,8.47004843839342,-0.609090869311284,0.0299515616065769,0.0162685559867869,0.994416002609827,-1.16936197958485,FALSE,FALSE,FALSE,0.416908807774933,,0.373178788821908,0.350965858937752,0,-0.195947642547141,TRUE
Chuck Pagano,2017,IND,16,4.25,5.58720089799071,-1.33720089799071,3.59766927872638,-10.0987847222218,6,6,FALSE,-11.2847222222221,6.79852734286856,-1.21132644487785,-2.54852734286856,-0.824417477516992,-1.25514295983074,-0.710988353117275,FALSE,FALSE,FALSE,-1.18507285846682,-0.599196743536173,0.0299515616065769,0.350965858937752,0,-2.77442654702228,TRUE
Dan Campbell,2021,DET,17,3.5,4.20459659517484,-0.704596595174835,2.98629170455067,-7.97348543034034,1,5,FALSE,-7.72100694444433,7.37389210588563,-3.16929551071079,-3.87389210588563,-0.780386399656604,1.0549095897901,-0.472619077223435,FALSE,FALSE,FALSE,-0.670510792997227,-1.26185706565833,-2.95531536733833,-0.199838226698292,0,-3.5489872244033,TRUE
Dan Campbell,2022,DET,17,9,7.13297374011323,1.86702625988677,3.85658227104879,2.45659594981111,2,5,FALSE,-7.72100694444433,7.51880766288485,-0.385833922771619,1.48119233711515,-0.351822204627927,0.865453084131578,-0.565976749959626,FALSE,FALSE,FALSE,1.34530037867647,-1.15890694651788,-3.87389210588563,-0.199838226698292,0,1.80609721859748,TRUE
Dan Campbell,2023,DET,17,12,10.3312308085515,1.66876919144847,3.76328257672538,4.00065765568598,3,5,FALSE,-7.72100694444433,8.0658162791481,2.26541452940343,3.9341837208519,-1.54158000881527,0.772060508906383,0.943481935740116,FALSE,TRUE,FALSE,0.825145941338055,-0.656183564800746,1.48119233711515,-0.199838226698292,0,4.25908860233422,TRUE
Dan Campbell,2024,DET,17,15,11.4219442027363,3.57805579726366,3.56998105379969,13.9559365039182,4,5,FALSE,-7.72100694444433,10.7728013024261,0.649142900310244,4.2271986975739,1.48473623850852,0.955691784843058,0.564009397971915,FALSE,FALSE,FALSE,1.69573869117765,1.13911318965837,3.9341837208519,-0.199838226698292,0,4.55210357905623,TRUE
Dan Campbell,2025,DET,17,9,10.4863755795903,-1.48637557959035,3.45055790201807,3.66667009442795,5,5,FALSE,-7.72100694444433,12.2229002397332,-1.73652466014288,-3.22290023973323,1.98674919708879,1.09195992244935,1.5011372067399,FALSE,FALSE,FALSE,0.984165892157656,2.05259616708542,4.2271986975739,-0.199838226698292,0,-2.8979953582509,TRUE
Dan Quinn,2015,ATL,16,8.5,9.34218480506497,-0.842184805064969,3.95960270176086,-3.78394089635518,1,5,FALSE,-3.8467013888882,9.03258769582154,0.309597109243425,-0.532587695821544,-0.310017150437059,1.28566645954894,0.183871433034905,FALSE,FALSE,FALSE,0.495660861920182,,-2.70265575468569,-0.218499778919349,0,-0.189021262118161,TRUE
Dan Quinn,2016,ATL,16,11.6875,9.50372381515512,2.18377618484488,4.01404519497594,8.4822916666667,2,5,FALSE,-3.8467013888882,9.07927487755769,0.424448937597427,2.60822512244231,-0.24913220050353,1.18280913119899,0.342029560160204,FALSE,FALSE,FALSE,2.0546406011048,,-0.532587695821544,-0.218499778919349,0,2.95179155614569,TRUE
Dan Quinn,2017,ATL,16,10.625,10.7239395690054,-0.0989395690053989,3.84005747444738,4.26232638888841,3,5,FALSE,-3.8467013888882,10.9817813133552,-0.257841744349753,-0.356781313355151,0.857519427238237,1.37020189995074,1.3239680394539,FALSE,FALSE,FALSE,1.35050688224208,1.06813332543406,2.60822512244231,-0.218499778919349,0,-0.0132148796517687,TRUE
Dan Quinn,2018,ATL,16,7.4375,9.37177178042665,-1.93427178042665,4.06807065770625,-0.113020833333971,4,5,FALSE,-3.8467013888882,10.6903761983828,-1.31860441795618,-3.25287619838283,0.568917484341258,1.19847158198191,0.489304659665897,FALSE,FALSE,FALSE,0.8784825699889,1.40152174221156,-0.356781313355151,-0.218499778919349,0,-2.90930976467944,TRUE
Dan Quinn,2019,ATL,16,7.4375,7.37467325323425,0.0628267467657491,3.91188796183691,-0.0699652777782515,5,5,FALSE,-3.8467013888882,10.3200873435827,-2.94541409034844,-2.88258734358269,0.974259966208717,1.20515395552924,0.678462124253393,FALSE,FALSE,FALSE,0.163092357158816,0.6328496441138,-3.25287619838283,-0.218499778919349,0,-2.53902090987931,TRUE
Dan Quinn,2024,WAS,17,12,9.3241116392411,2.6758883607589,3.66575651760411,3.92092917440122,1,2,FALSE,-11.3980064546751,7.3136033317151,2.01050830752601,4.6863966682849,-0.395528252602254,-0.875381550822634,0,FALSE,FALSE,TRUE,1.05920232690575,-0.727876901397819,-2.15405833847239,-0.36658131471183,0,5.17804463778077,TRUE
Dan Quinn,2025,WAS,17,5,7.00518751960032,-2.00518751960032,3.7470191696362,-5.93025535240328,2,2,FALSE,-11.3980064546751,8.88365839861715,-1.87847087901683,-3.88365839861715,-0.0617901823695314,-0.887390215458838,2.24462603746516,FALSE,FALSE,FALSE,-0.0518482904437041,-0.155812326028326,4.6863966682849,-0.36658131471183,0,-3.39201042912128,TRUE
Dan Reeves,1999,ATL,16,5.3125,7.42960911111308,-2.11710911111308,3.99990929987122,-7.06570143522641,1,5,FALSE,0,,,,,,,,,,,,,,,,FALSE
Dan Reeves,2000,ATL,16,4.25,5.82795346196033,-1.57795346196033,3.66668767345397,-8.55567988642171,2,5,FALSE,0,,,,,,,,,,,,,,,,FALSE
Dan Reeves,2001,ATL,16,7.4375,7.41414761691596,0.0233523830840454,3.83442180665218,-4.68728704339118,3,5,FALSE,0,,,,,,,,,,,,,,,,FALSE
Dan Reeves,2002,ATL,16,10.09375,9.47759973978124,0.616150260218756,3.93556704414558,5.05815972222229,4,5,FALSE,0,,,,,,,,,,,,,,,,FALSE
Dan Reeves,2003,ATL,13,3.92307692307692,5.68341958118199,-1.76034265810506,4.65118825313647,-7.91326121311899,5,5,FALSE,0,,,,,,,,,,,,,,,,FALSE
Dave Campo,2000,DAL,16,5.3125,7.01948434345922,-1.70698434345922,3.57019606297337,-4.57496028599493,1,3,FALSE,3.11544686993054,,,,,,,,,,,,,,,,FALSE
Dave Campo,2001,DAL,16,5.3125,5.28679720056546,0.0257027994345362,3.50829128598227,-5.98464033764045,2,3,FALSE,3.11544686993054,,,,,,,,,,,,,,,,FALSE
Dave Campo,2002,DAL,16,5.3125,6.5815820308714,-1.2690820308714,3.87836764504416,-8.47795138888841,3,3,FALSE,3.11544686993054,,,,,,,,,,,,,,,,FALSE
Dave Canales,2024,CAR,17,5,4.81162501674743,0.188374983252567,3.26167895698861,-10.8056006231253,1,2,FALSE,-10.1455258458431,6.88446229456303,-2.07283727781559,-1.88446229456303,-0.834035165723494,-0.821841394809017,-1.07845863129205,FALSE,FALSE,FALSE,-0.959256782398892,-0.510363492731083,-6.3210950564032,-0.0758241225204157,0,-1.68357151725858,TRUE
Dave Canales,2025,CAR,17,8,6.07520052880452,1.92479947119548,3.61259846124431,-3.7665389825192,2,2,FALSE,-10.1455258458431,6.8403996260513,-0.765199097246788,1.1596003739487,-0.738698846886195,-0.743638529465506,-1.01937449492363,FALSE,FALSE,FALSE,-0.54690670470361,-0.679455576972823,-1.88446229456303,-0.0758241225204157,0,1.36049115125315,TRUE
Dave McGinnis,2001,ARI,16,7.4375,6.31655704878942,1.12094295121058,3.78188646330017,-4.16243754122274,1,3,TRUE,-15.2297351183088,,,,,,,,,,,,,,,,FALSE
Dave McGinnis,2002,ARI,16,5.3125,5.60051685686316,-0.288016856863161,3.63170138082962,-9.88975694444451,2,3,FALSE,-15.2297351183088,,,,,,,,,,,,,,,,FALSE
Dave McGinnis,2003,ARI,16,4.25,4.59074998754926,-0.340749987549259,3.46085370132598,-12.5508680607878,3,3,FALSE,-15.2297351183088,,,,,,,,,,,,,,,,FALSE
Dave Wannstedt,2000,MIA,16,11.6875,9.18964336556141,2.49785663443859,4.21085522127134,7.10781938959441,1,5,FALSE,1.89178341245259,,,,,,,,,,,,,,,,FALSE
Dave Wannstedt,2001,MIA,16,11.6875,9.76446564630323,1.92303435369677,3.9313761029368,2.72046643646238,2,5,FALSE,1.89178341245259,,,,,,,,,,,,,,,,FALSE
Dave Wannstedt,2002,MIA,16,9.5625,10.0795567822382,-0.517056782238178,4.06401383693585,6.05885416666602,3,5,FALSE,1.89178341245259,,,,,,,,,,,,,,,,FALSE
Dave Wannstedt,2003,MIA,16,10.625,9.92104395704615,0.703956042953847,4.00160791926836,3.43246528300999,4,5,FALSE,1.89178341245259,,,,,,,,,,,,,,,,FALSE
Dave Wannstedt,2004,MIA,9,1.88888888888889,6.2583686495035,-4.36947976061461,6.91677318670891,-3.62027391975326,5,5,FALSE,1.89178341245259,,,,,,,,,,,,,,,,FALSE
David Culley,2021,HOU,17,4,3.59894436470921,0.401055635290788,2.5355571298091,-9.54610404156772,1,1,FALSE,-5.51388888888845,5.85324493826143,-2.25430057355222,-1.85324493826143,-1.34702028465848,-1.17901660035364,0,FALSE,FALSE,TRUE,-1.21708119580146,-1.80944345678279,-3.65092389416855,0.213815975175525,0,-1.94199425865292,TRUE
DeMeco Ryans,2023,HOU,17,10,8.06443168792864,1.93556831207136,3.90779918251667,0.70145558358469,1,3,FALSE,-8.72430408790397,6.71665719386795,1.34777449406069,3.28334280613205,-0.874950815814074,-0.658064997524233,0,FALSE,FALSE,TRUE,0.423389622196088,-1.34174848324929,-1.58748529274747,0.213815975175525,0,3.19459348574056,TRUE
DeMeco Ryans,2024,HOU,17,10,9.46893510571309,0.531064894286908,3.8287628850987,-0.851382313040426,2,3,FALSE,-8.72430408790397,8.77578776753347,0.693147338179621,1.22421223246653,0.388468955705416,-0.843257457214464,0.514309995885732,FALSE,FALSE,FALSE,-0.549978933791106,0.323437907158092,3.28334280613205,0.213815975175525,0,1.13546291207504,TRUE
DeMeco Ryans,2025,HOU,17,12,9.42074599752439,2.57925400247562,3.69463337348236,8.77539703777339,3,3,FALSE,-8.72430408790397,8.36679109304004,1.05395490448434,3.63320890695996,-0.150857111911198,-0.765754173464481,-0.736716104779457,FALSE,FALSE,FALSE,0.149995289128796,0.686570295056302,1.22421223246653,0.213815975175525,0,3.54445958656847,TRUE
Dennis Allen,2012,LV,16,4.25,6.36357909880861,-2.11357909880861,3.71311043081169,-10.8320312376669,1,2,FALSE,-4.92482638888894,8.55915220670321,-2.1955731078946,-4.30915220670321,-0.196314189244078,0.157360823251899,0.156860260249166,FALSE,FALSE,FALSE,-0.299717411739663,,,-0.562952607356215,0,-3.62113294456296,TRUE
Dennis Allen,2013,LV,16,4.25,5.07320651180045,-0.823206511800451,3.4754263471941,-7.98524305555536,2,2,FALSE,-4.92482638888894,6.74554789618735,-1.6723413843869,-2.49554789618735,-2.97110189517827,-1.16472600141288,0,FALSE,FALSE,TRUE,-0.700487982201079,,-4.30915220670321,-0.562952607356215,0,-1.8075286340471,TRUE
Dennis Allen,2022,NO,17,7,8.09282715391229,-1.09282715391229,3.92307412608699,-0.974331707503395,1,3,FALSE,1.87585285458276,8.74533591968603,-0.652508765773742,-1.74533591968603,0.403669687415201,-1.01758911550463,-1.06038639731329,FALSE,FALSE,FALSE,-0.0135711689334964,1.14078958935501,-0.165804164402537,-0.179112824713861,0,-1.44115644018814,TRUE
Dennis Allen,2023,NO,17,9,9.66679453709228,-0.666794537092285,3.95163363856376,1.9396308403657,2,3,FALSE,1.87585285458276,9.52408616967844,0.142708367413848,-0.524086169678437,0.971506234641629,0.658064997524233,0.133568439117472,FALSE,FALSE,FALSE,0.279544516187037,0.264432182830157,-1.74533591968603,-0.179112824713861,0,-0.219906690180543,TRUE
Dennis Allen,2024,NO,17,5,6.83962427491366,-1.83962427491366,3.58367050497329,-3.93060324037824,3,3,FALSE,1.87585285458276,8.87839441873347,-2.03877014381981,-3.87839441873347,-0.329087811220248,0.516662505531402,0.237623939333691,FALSE,FALSE,FALSE,-1.07724916950801,0.214681202824724,-0.524086169678437,-0.179112824713861,0,-3.57421493923558,TRUE
Dennis Erickson,2003,SF,16,7.4375,8.86054782858878,-1.42304782858878,3.9441478507645,3.08246527254557,1,2,FALSE,0.635243055555493,,,,,,,,,,,,,,,,FALSE
Dennis Erickson,2004,SF,16,2.125,5.27765759399989,-3.15265759399989,3.57419651829535,-13.6230902777778,2,2,FALSE,0.635243055555493,,,,,,,,,,,,,,,,FALSE
Dennis Green,1999,MIN,16,10.625,11.5439610510903,-0.918961051090275,3.71045461978083,4.36800445002813,1,3,FALSE,0,,,,,,,,,,,,,,,,FALSE
Dennis Green,2000,MIN,16,11.6875,10.4569199310918,1.23058006890824,3.86257948244477,1.9101811674321,2,3,FALSE,0,,,,,,,,,,,,,,,,FALSE
Dennis Green,2001,MIN,15,5.66666666666667,8.31560912445817,-2.6489424577915,4.20289337100391,-4.19582518210273,3,3,FALSE,0,,,,,,,,,,,,,,,,FALSE
Dennis Green,2004,ARI,16,6.375,6.47507885658876,-0.100078856588758,3.86426287676284,-4.87170138888891,1,3,FALSE,-12.5508680607878,,,,,,,,,,,,,,,,FALSE
Dennis Green,2005,ARI,16,5.3125,7.14752975543347,-1.83502975543347,4.13271942002808,-4.97968750000041,2,3,FALSE,-12.5508680607878,,,,,,,,,,,,,,,,FALSE
Dennis Green,2006,ARI,16,5.3125,6.65790658256279,-1.34540658256279,3.71856473782867,-6.93124999999937,3,3,FALSE,-12.5508680607878,,,,,,,,,,,,,,,,FALSE
Dick Jauron,1999,CHI,16,6.375,5.7876146002943,0.587385399705699,3.7240823546877,-2.03414659998207,1,5,FALSE,0,,,,,,,,,,,,,,,,FALSE
Dick Jauron,2000,CHI,16,5.3125,6.17209159284443,-0.85959159284443,3.8302897828136,-6.32827706703754,2,5,FALSE,0,,,,,,,,,,,,,,,,FALSE
Dick Jauron,2001,CHI,16,13.8125,8.49590398982362,5.31659601017638,4.04227314770697,7.90859586325867,3,5,FALSE,0,,,,,,,,,,,,,,,,FALSE
Dick Jauron,2002,CHI,16,4.25,6.58971904249364,-2.33971904249364,3.8539976064845,-5.26545138888937,4,5,FALSE,0,,,,,,,,,,,,,,,,FALSE
Dick Jauron,2003,CHI,16,7.4375,6.37076487225032,1.06673512774968,3.79920749925299,-3.54079861634332,5,5,FALSE,0,,,,,,,,,,,,,,,,FALSE
Dick Jauron,2006,BUF,16,7.4375,6.80227128597959,0.635228714020414,3.79766346176591,2.19097222222202,1,4,FALSE,-5.84739583333349,,,,,,,,,,,,,,,,FALSE
Dick Jauron,2007,BUF,16,7.4375,5.67355513641533,1.76394486358468,3.52515988253434,-4.10347222222261,2,4,FALSE,-5.84739583333349,,,,,,,,,,,,,,,,FALSE
Dick Jauron,2008,BUF,16,7.4375,8.75812739257888,-1.32062739257888,3.98029522769155,-3.33819444444338,3,4,FALSE,-5.84739583333349,,,,,,,,,,,,,,,,FALSE
Dick Jauron,2009,BUF,9,5.66666666666667,6.28087611784576,-0.614209451179097,6.35323156521179,-5.40991512345767,4,4,FALSE,-5.84739583333349,,,,,,,,,,,,,,,,FALSE
Dick LeBeau,2000,CIN,13,5.23076923076923,4.92695720575067,0.303812025018564,4.05976865052652,-7.30972521691899,1,3,TRUE,-11.5134562886414,,,,,,,,,,,,,,,,FALSE
Dick LeBeau,2001,CIN,16,6.375,6.26059458857267,0.114405411427328,3.94329138441575,-3.51523057177033,2,3,FALSE,-11.5134562886414,,,,,,,,,,,,,,,,FALSE
Dick LeBeau,2002,CIN,16,2.125,5.68142217633805,-3.55642217633805,3.81444041984393,-10.5036458333329,3,3,FALSE,-11.5134562886414,,,,,,,,,,,,,,,,FALSE
Dick Vermeil,1999,LA,16,13.8125,12.1535733357516,1.65892666424837,3.36882384194722,11.8668177795889,1,1,FALSE,0,,,,,,,,,,,,,,,,FALSE
Dick Vermeil,2001,KC,16,6.375,7.29708913916242,-0.922089139162416,4.11727387675697,-1.16202754663203,1,5,FALSE,0.643745839899955,,,,,,,,,,,,,,,,FALSE
Dick Vermeil,2002,KC,16,8.5,8.12801008269739,0.371989917302612,4.07264059038655,6.11128472222178,2,5,FALSE,0.643745839899955,,,,,,,,,,,,,,,,FALSE
Dick Vermeil,2003,KC,16,13.8125,11.3841705017727,2.42832949822734,3.71144807726611,8.31024305032334,3,5,FALSE,0.643745839899955,,,,,,,,,,,,,,,,FALSE
Dick Vermeil,2004,KC,16,7.4375,9.67931966271764,-2.24181966271764,4.07138621448405,5.27725694444468,4,5,FALSE,0.643745839899955,,,,,,,,,,,,,,,,FALSE
Dick Vermeil,2005,KC,16,10.625,9.24717501017832,1.37782498982168,4.2117746299088,7.0078124999992,5,5,FALSE,0.643745839899955,,,,,,,,,,,,,,,,FALSE
Dirk Koetter,2016,TB,16,9.5625,6.95147228232912,2.61102771767088,4.12393019117178,-0.193749999999966,1,3,FALSE,-7.71171867413296,7.78217379128391,-0.830701508954788,1.78032620871609,-0.647233335239006,-0.958021875496012,-0.0367699810645679,FALSE,FALSE,FALSE,0.486497741427799,,-1.23464366904238,-0.314137271243823,0,2.21953013474395,TRUE
Dirk Koetter,2017,TB,16,5.3125,7.33454846168652,-2.02204846168652,4.00611248799224,-1.28038194444492,2,3,FALSE,-7.71171867413296,8.17878096464074,-0.844232502954218,-2.86628096464074,-0.53097316647459,-0.630823145614414,0.35304682390704,FALSE,FALSE,FALSE,0.543732646032757,0.0150827555581208,1.78032620871609,-0.314137271243823,0,-2.42707703861288,TRUE
Dirk Koetter,2018,TB,16,5.3125,6.67718564532645,-1.36468564532645,4.01574771097872,-2.55850694444508,3,3,FALSE,-7.71171867413296,8.52022098286242,-1.84303533753597,-3.20772098286242,0.737708896914028,-0.920841560338005,0.279746107570462,FALSE,FALSE,FALSE,0.688346482562965,0.0061320834613147,-2.86628096464074,-0.314137271243823,0,-2.76851705683456,TRUE
Dom Capers,2002,HOU,16,4.25,4.04464043078396,0.205359569216042,3.02498975029118,-9.43906249999935,1,4,FALSE,0,,,,,,,,,,,,,,,,FALSE
Dom Capers,2003,HOU,16,5.3125,4.78373470682593,0.528765293174074,3.416250384687,-5.95364582810113,2,4,FALSE,0,,,,,,,,,,,,,,,,FALSE
Dom Capers,2004,HOU,16,7.4375,6.87042641784894,0.567073582151061,3.86421097209666,-0.63107638888873,3,4,FALSE,0,,,,,,,,,,,,,,,,FALSE
Dom Capers,2005,HOU,16,2.125,5.42316459388048,-3.29816459388048,3.54896027401861,-10.0260416666665,4,4,FALSE,0,,,,,,,,,,,,,,,,FALSE
Doug Marrone,2013,BUF,16,6.375,6.57606165207612,-0.201061652076123,3.95893096568843,-3.21111111111131,1,2,FALSE,-6.65043404011085,8.1611907370586,-1.58512908498248,-1.7861907370586,0.133147972255108,-0.938546006340072,0,FALSE,FALSE,TRUE,-1.37737325739658,,-1.78772323438898,0.398779158083829,0,-2.0599032403584,TRUE
Doug Marrone,2014,BUF,16,9.5625,8.05590899347383,1.50659100652618,4.10227608368031,4.92552083333257,2,2,FALSE,-6.65043404011085,8.17879506467814,-0.122886071204317,1.38370493532186,0.406181267620532,-0.641922727362666,-0.524401443450938,FALSE,FALSE,FALSE,-0.655694817974794,,-1.7861907370586,0.398779158083829,0,1.10999243202206,TRUE
Doug Marrone,2017,JAX,16,10.625,9.91252545016702,0.712474549832979,3.89577523031744,6.53802083333375,1,4,FALSE,-4.96788194444475,8.73225306192122,1.1802723882458,1.89274693807878,1.32989319623332,-0.71086414743702,-0.383736216168524,FALSE,FALSE,FALSE,0.563067286767765,0.146714076792618,-5.58118132817871,-0.66090303484902,0,2.67871662771184,TRUE
Doug Marrone,2018,JAX,16,5.3125,8.51667741623396,-3.20417741623396,4.01361953211972,-4.0234374999996,2,4,FALSE,-4.96788194444475,10.5388992234285,-2.02222180719453,-5.22639922342849,2.20860549219103,0.0116562222827597,-0.153343952110537,FALSE,FALSE,FALSE,-1.15373720617792,1.35791581537562,1.89274693807878,-0.66090303484902,0,-4.44042953379544,TRUE
Doug Marrone,2019,JAX,16,6.375,7.17365996157116,-0.798659961571157,4.09208955973548,-6.68680555555571,3,4,FALSE,-4.96788194444475,8.14813619208656,-0.974476230515408,-1.77313619208656,0.414802915799778,-1.24035445538329,0,FALSE,FALSE,TRUE,-0.620045657921243,-0.00123845331529712,-5.22639922342849,-0.66090303484902,0,-0.987166502453511,TRUE
Doug Marrone,2020,JAX,16,1.0625,4.46728887873858,-3.40478887873858,3.21335268347069,-11.7236111111107,4,4,FALSE,-4.96788194444475,5.87632127927143,-1.40903240053285,-4.81382127927143,-1.70878633625543,-1.30734910962582,-0.75513842434746,FALSE,FALSE,FALSE,-1.07051358524036,-1.24142801855208,-1.77313619208656,-0.66090303484902,0,-4.02785158963837,TRUE
Doug Pederson,2016,PHI,16,7.4375,8.26169793748284,-0.82419793748284,4.21685696595418,3.80381944444441,1,5,FALSE,-4.6231770074663,8.71834190972137,-0.456643972238528,-1.28084190972137,1.54742676650784,-0.975148523549572,0,FALSE,FALSE,TRUE,-0.173082814750367,,-1.61855637991583,-0.0176314751329004,0,-1.13814377980443,TRUE
Doug Pederson,2017,PHI,16,13.8125,10.7339722892872,3.07852771071284,3.73547855692295,9.41232638888914,2,5,FALSE,-4.6231770074663,9.63950206481963,1.09447022446753,4.17299793518037,1.27979294800657,-0.646831345978935,0.0139928905190403,FALSE,FALSE,FALSE,1.04398368018046,1.00231766481682,-1.28084190972137,-0.0176314751329004,0,4.3156960650973,TRUE
Doug Pederson,2018,PHI,16,9.5625,9.61731294729323,-0.0548129472932306,3.95325095658048,1.73489583333327,3,5,FALSE,-4.6231770074663,11.4991495546144,-1.88183660732121,-1.93664955461444,1.493251410335,-0.937796065476564,1.25335554891368,FALSE,FALSE,FALSE,0.318649676352738,2.644290657036,4.17299793518037,-0.0176314751329004,0,-1.7939514246975,TRUE
Doug Pederson,2019,PHI,16,9.5625,9.97640850632498,-0.413908506324981,3.80512872723315,0.25729166666714,4,5,FALSE,-4.6231770074663,11.5000245769684,-1.52361607064339,-1.93752457696838,1.77895846337226,1.21997521862568,-0.0012565279774095,FALSE,FALSE,FALSE,-0.081465936799632,1.94065634506131,-1.93664955461444,-0.0176314751329004,0,-1.79482644705144,TRUE
Doug Pederson,2020,PHI,16,4.78125,7.55171303604049,-2.77046303604049,3.67288698677,-4.40173611111071,5,5,FALSE,-4.6231770074663,10.9736471906614,-3.42193415462094,-6.19239719066143,2.02645954187145,0.988399145029502,-0.0545895096874486,FALSE,FALSE,FALSE,-1.42308153775782,1.30993689112681,-1.93752457696838,-0.0176314751329004,0,-6.0496990607445,TRUE
Doug Pederson,2022,JAX,17,9,7.63110146818697,1.36889853181303,3.86178766924816,1.58498105307872,1,3,FALSE,-11.2405169203556,7.15133267555112,0.479768792635847,1.84866732444888,0.334539710365503,-0.604238388755215,-0.901561413501912,FALSE,FALSE,FALSE,1.01538198937529,-0.984980317754379,-3.89651920825979,-0.66090303484902,0,2.63463701408193,TRUE
Doug Pederson,2023,JAX,17,9,9.38057067938084,-0.380570679380838,3.85729443397256,1.69968457576783,2,3,FALSE,-11.2405169203556,8.41129526080952,0.969275418571319,0.588704739190481,-0.128961004598446,-0.55443271444955,0.73609799000567,FALSE,FALSE,FALSE,-0.0409587353931349,-0.146906768238973,1.84866732444888,-0.66090303484902,0,1.37467442882353,TRUE
Doug Pederson,2024,JAX,17,4,6.97000677287468,-2.97000677287468,3.77289479512272,-7.7264416374402,3,3,FALSE,-11.2405169203556,8.52585988140383,-1.55585310852916,-4.52585988140383,1.05287336952548,1.03064800326212,0.0373778107670179,FALSE,FALSE,FALSE,-0.42342554604337,-1.05414701439793,0.588704739190481,-0.66090303484902,0,-3.73989019177078,TRUE
Eric Mangini,2006,NYJ,16,10.625,7.51227991279401,3.11272008720599,3.92702819355689,2.0249999999998,1,3,FALSE,-6.39531250000015,,,,,,,,,,,,,,,,FALSE
Eric Mangini,2007,NYJ,16,4.25,6.1853547329412,-1.9353547329412,3.61104266063967,-3.69409722222261,2,3,FALSE,-6.39531250000015,,,,,,,,,,,,,,,,FALSE
Eric Mangini,2008,NYJ,16,9.5625,10.0308704586027,-0.468370458602701,3.7716427836174,0.224305555556625,3,3,FALSE,-6.39531250000015,,,,,,,,,,,,,,,,FALSE
Eric Mangini,2009,CLE,16,5.3125,4.87421119113774,0.438288808862265,3.28917240839082,-8.3836805555547,1,2,FALSE,-4.64618055555627,,,,,,,,,,,,,,,,FALSE
Eric Mangini,2010,CLE,16,5.3125,6.46973580327484,-1.15723580327484,3.78721269070143,-1.47152777777833,2,2,FALSE,-4.64618055555627,,,,,,,,,,,,,,,,FALSE
Frank Reich,2018,IND,16,10.625,9.0340009102286,1.5909990897714,3.92075814102031,3.35538194444485,1,5,FALSE,-10.0987847222218,7.55905699618224,1.47494391404635,3.06594300381776,-1.38424028971509,1.01197202545776,0,FALSE,FALSE,TRUE,0.640448625126106,-0.953198306929474,-2.54852734286856,0.350965858937752,0,2.84004379966404,TRUE
Frank Reich,2019,IND,16,7.4375,8.63585359155902,-1.19835359155902,3.93316474048365,-1.83229166666682,2,5,FALSE,-10.0987847222218,8.958431201202,-0.322577609642977,-1.52093120120199,0.767337495509521,0.908728693600452,-1.74761416465376,FALSE,FALSE,FALSE,-0.724864144993496,0.494142872801185,3.06594300381776,0.350965858937752,0,-1.74683040535571,TRUE
Frank Reich,2020,IND,16,11.6875,10.9497870736745,0.737712926325527,3.89659810696187,2.80381944444489,3,5,FALSE,-10.0987847222218,8.6836833147819,2.26610375889257,3.0038166852181,-1.04684402873928,0.379887559458213,0.284329281886901,FALSE,FALSE,FALSE,0.578100632758592,0.308289926586208,-1.52093120120199,0.350965858937752,0,2.77791748106438,TRUE
Frank Reich,2021,IND,17,9,9.16399970482725,-0.163999704827248,3.40892472102898,4.59894015035147,4,5,FALSE,-10.0987847222218,8.90891924912692,0.255080455700329,0.0910807508730809,0.887136176206065,0.950398422999747,-2.14057950306474,FALSE,FALSE,FALSE,-0.173997271472575,0.58371188220558,3.0038166852181,0.350965858937752,0,-0.134818453280637,TRUE
Frank Reich,2022,IND,9,6.61111111111111,8.69142018474402,-2.08030907363291,7.39761627530479,-6.91639175114772,5,5,FALSE,-10.0987847222218,8.92394311545457,-0.232522930710555,-2.31283200434346,0.556743208025246,0.762115402444226,-0.150928604142828,FALSE,FALSE,FALSE,-1.6260117979713,-0.1153471739369,0.0910807508730809,0.350965858937752,0,-2.53873120849718,TRUE
Frank Reich,2023,CAR,11,1.54545454545455,5.48476499224203,-3.93931044678748,5.46962621253933,-10.2215554073549,1,1,FALSE,-1.97593346629736,7.86654960185775,-2.38178460961572,-6.3210950564032,-1.15006762562409,-0.637338540909296,0,FALSE,FALSE,TRUE,-1.56575492603565,0.127319199140447,1.11427393279163,-0.0758241225204157,0,-6.12020427909875,TRUE
Freddie Kitchens,2019,CLE,16,6.375,8.94810205863603,-2.57310205863603,3.85845913244185,-1.90399305555593,1,1,FALSE,-0.330902777778529,8.30103320908696,0.647068849549074,-1.92603320908696,0.414802915799778,-0.617861405332825,-0.145184827414459,FALSE,FALSE,FALSE,-0.501810937191266,-0.0804994654939325,0.587775911032603,-0.741077664995894,0,-1.05988888930703,TRUE
Gary Kubiak,2006,HOU,16,6.375,5.54846150522803,0.826538494771972,3.46738163927842,-4.50312500000062,1,8,FALSE,-10.0260416666665,,,,,,,,,,,,,,,,FALSE
Gary Kubiak,2007,HOU,16,8.5,7.41405182123001,1.08594817876999,4.02992029734693,0.0213541666670528,2,8,FALSE,-10.0260416666665,,,,,,,,,,,,,,,,FALSE
Gary Kubiak,2008,HOU,16,8.5,8.02795289616426,0.472047103835743,3.82317734278605,-0.390277777778843,3,8,FALSE,-10.0260416666665,,,,,,,,,,,,,,,,FALSE
Gary Kubiak,2009,HOU,16,9.5625,9.49394355435287,0.0685564456471344,3.81963656055021,1.96458333333349,4,8,FALSE,-10.0260416666665,,,,,,,,,,,,,,,,FALSE
Gary Kubiak,2010,HOU,16,6.375,8.38573146546112,-2.01073146546112,4.17870977292823,-1.84722222222167,5,8,FALSE,-10.0260416666665,,,,,,,,,,,,,,,,FALSE
Gary Kubiak,2011,HOU,16,10.625,9.99771614008976,0.627283859910238,3.89806600443178,4.54027777777794,6,8,FALSE,-10.0260416666665,,,,,,,,,,,,,,,,FALSE
Gary Kubiak,2012,HOU,16,12.75,11.9978316720046,0.752168327995351,3.33804854679109,3.47109373766693,7,8,FALSE,-10.0260416666665,9.40130374733341,2.59652792467124,3.34869625266659,0.219340515200527,0.98068327402133,0.854250295905802,FALSE,FALSE,FALSE,0.687512451007008,,,0.213815975175525,0,3.2599469322751,TRUE
Gary Kubiak,2013,HOU,13,2.61538461538462,9.29442603989112,-6.67904142450651,4.64521290477031,-6.460376602565,8,8,FALSE,-10.0260416666665,9.54059345144884,-0.24616741155771,-6.92520883606422,0.880950461328696,0.854738240308629,0.59666401815181,FALSE,FALSE,FALSE,-1.33321503760166,,3.34869625266659,0.213815975175525,0,-7.01395815645571,TRUE
Gary Kubiak,2015,DEN,16,12.75,10.0412222327555,2.70877776724449,4.00407261408771,5.77699645191074,1,2,FALSE,9.58142361111011,9.04848315793122,0.992739074824293,3.70151684206878,0.0454784397617635,0.449800415144914,0.763357967924367,FALSE,FALSE,FALSE,-1.03210783229468,,2.47966412043839,0.416063630234736,0,3.41051986661808,TRUE
Gary Kubiak,2016,DEN,16,9.5625,9.06570790052619,0.496792099473813,4.22838801382239,4.04739583333318,2,2,FALSE,9.58142361111011,8.22161595015225,0.84409195037394,1.34088404984775,1.08807930335153,-1.64308779763841,0,FALSE,FALSE,TRUE,-0.68220168747099,,3.70151684206878,0.416063630234736,0,1.04988707439705,TRUE
Gary Moeller,2000,DET,9,7.55555555555556,8.24258588558244,-0.687030330026884,6.48863719224034,-0.109195187512976,1,1,TRUE,1.92148554685404,,,,,,,,,,,,,,,,FALSE
George Seifert,1999,CAR,16,8.5,8.30143842735868,0.198561572641323,3.69345243386221,-1.05065859595146,1,3,FALSE,0,,,,,,,,,,,,,,,,FALSE
George Seifert,2000,CAR,16,7.4375,7.90064051701008,-0.463140517010081,3.73948154163987,-1.08601977702479,2,3,FALSE,0,,,,,,,,,,,,,,,,FALSE
George Seifert,2001,CAR,16,1.0625,5.35141512589051,-4.28891512589051,3.54871510839549,-8.94874036822647,3,3,FALSE,0,,,,,,,,,,,,,,,,FALSE
Greg Schiano,2012,TB,16,7.4375,7.75739775830832,-0.319897758308319,4.06480033190669,0.00598959566639745,1,2,FALSE,-10.6147569444443,6.74554497637866,1.01185278192966,0.691955023621343,-1.91561319399221,-1.2217042817869,-0.940460059866373,FALSE,FALSE,FALSE,0.0700668727600643,,,-0.314137271243823,0,1.1311589496492,TRUE
Greg Schiano,2013,TB,16,4.25,6.3394685786596,-2.0894685786596,3.80499258465015,-2.67274305555647,2,2,FALSE,-10.6147569444443,8.15434749231567,-1.81487891365607,-3.90434749231567,0.324446283413468,-1.13241457354534,0,FALSE,FALSE,TRUE,-1.01866720331947,,0.691955023621343,-0.314137271243823,0,-3.46514356628781,TRUE
Gregg Williams,2001,BUF,16,3.1875,5.6880441643659,-2.5005441643659,3.84734307416879,-9.52126283201758,1,3,FALSE,-0.0204603276341092,,,,,,,,,,,,,,,,FALSE
Gregg Williams,2002,BUF,16,8.5,8.0904894321054,0.4095105678946,4.03464406682578,-0.274131944445093,2,3,FALSE,-0.0204603276341092,,,,,,,,,,,,,,,,FALSE
Gregg Williams,2003,BUF,16,6.375,8.44754468422092,-2.07254468422092,4.11601940443059,-0.986979161434458,3,3,FALSE,-0.0204603276341092,,,,,,,,,,,,,,,,FALSE
Gregg Williams,2018,CLE,8,10.625,7.30344430926816,3.32155569073184,7.78389657154772,2.65475260416588,1,1,TRUE,-10.9536458333333,7.3809740889674,-0.0775297796992343,3.2440259110326,0.0946939918749031,-0.886932550060886,0,FALSE,FALSE,TRUE,-0.30110245863435,-0.887789416675561,-5.73538695849267,-0.741077664995894,0,4.11017023081253,TRUE
Gunther Cunningham,1999,KC,16,9.5625,8.91339981759326,0.649100182406739,4.2153278926911,6.81679775328929,1,2,FALSE,0,,,,,,,,,,,,,,,,FALSE
Gunther Cunningham,2000,KC,16,7.4375,8.49564052891461,-1.05814052891461,4.10109285414329,0.643745839899955,2,2,FALSE,0,,,,,,,,,,,,,,,,FALSE
Gus Bradley,2013,JAX,16,4.25,3.84973789067725,0.400262109322748,2.93042857262633,-11.0987847222231,1,4,FALSE,-12.9598090401108,6.7016521579399,-2.85191426726265,-2.4516521579399,-1.88417967268759,-0.776988867002351,-1.61365343269701,FALSE,FALSE,FALSE,-1.59707778302485,,-5.17483742673034,-0.66090303484902,0,-1.66568246830684,TRUE
Gus Bradley,2014,JAX,16,3.1875,4.7454004751708,-1.5579004751708,3.36792393885842,-10.4626736111103,2,4,FALSE,-12.9598090401108,7.21048893740083,-2.46508846223003,-4.02298893740083,-2.37034420494048,-0.673838692957281,0,FALSE,FALSE,TRUE,-2.16083845708948,,-2.4516521579399,-0.66090303484902,0,-3.23701924776777,TRUE
Gus Bradley,2015,JAX,16,5.3125,7.17195941731326,-1.85945941731326,4.06575967972419,-7.54383672968852,3,4,FALSE,-12.9598090401108,6.54349138112812,0.628468036185145,-1.23099138112812,-1.73199951123235,-0.887585255901521,-1.96278287923226,FALSE,FALSE,FALSE,-0.254247875682298,,-4.02298893740083,-0.66090303484902,0,-0.445021691495062,TRUE
Gus Bradley,2016,JAX,14,2.42857142857143,6.90595802991206,-4.47738660134064,4.78161788445107,-6.84615575396854,4,4,FALSE,-12.9598090401108,8.00975275675014,-1.10379472683808,-5.58118132817871,0.802263104054263,-1.04365511576381,-0.86076720060737,FALSE,FALSE,FALSE,-0.750690169854771,,-1.23099138112812,-0.66090303484902,0,-4.79521163854566,TRUE
Herm Edwards,2001,NYJ,16,10.625,8.56485797623584,2.06014202376416,4.07301877821217,0.827535797080099,1,5,FALSE,3.53860621703018,,,,,,,,,,,,,,,,FALSE
Herm Edwards,2002,NYJ,16,9.5625,8.21274980761305,1.34975019238695,4.16674677483154,3.16892361111046,2,5,FALSE,3.53860621703018,,,,,,,,,,,,,,,,FALSE
Herm Edwards,2003,NYJ,16,6.375,7.7082738900532,-1.33327389005319,4.23919431129218,-0.568229161434458,3,5,FALSE,3.53860621703018,,,,,,,,,,,,,,,,FALSE
Herm Edwards,2004,NYJ,16,10.625,10.2812932148652,0.343706785134788,3.98450057685986,6.55364583333318,4,5,FALSE,3.53860621703018,,,,,,,,,,,,,,,,FALSE
Herm Edwards,2005,NYJ,16,4.25,6.25254028856375,-2.00254028856375,3.83084361892592,-6.39531250000015,5,5,FALSE,3.53860621703018,,,,,,,,,,,,,,,,FALSE
Herm Edwards,2006,KC,16,9.5625,8.60721153499427,0.955288465005735,3.90084362617221,0.989409722222847,1,3,FALSE,7.0078124999992,,,,,,,,,,,,,,,,FALSE
Herm Edwards,2007,KC,16,4.25,6.55667347122188,-2.30667347122188,3.82840758473706,-5.45781250000084,2,3,FALSE,7.0078124999992,,,,,,,,,,,,,,,,FALSE
Herm Edwards,2008,KC,16,2.125,4.7425889642614,-2.6175889642614,3.30328161398037,-9.22638888888817,3,3,FALSE,7.0078124999992,,,,,,,,,,,,,,,,FALSE
Hue Jackson,2011,LV,16,8.5,7.70923230416376,0.790767695836236,4.0475230430753,-4.92482638888894,1,1,FALSE,0.180208333334922,,,,,,,,,,,,,,,,FALSE
Hue Jackson,2016,CLE,16,1.0625,4.78505955517963,-3.72255955517963,3.54875638934876,-10.0873263888887,1,3,FALSE,-6.14626743697815,6.93818506278625,-2.15312550760662,-5.87568506278625,-1.96402939628712,-1.62596114958485,0,FALSE,FALSE,TRUE,-0.886180572389641,,-4.39570611844395,-0.741077664995894,0,-5.00954074300632,TRUE
Hue Jackson,2017,CLE,16,0,4.92258748057623,-4.92258748057623,3.54876755195084,-10.9536458333333,2,3,FALSE,-6.14626743697815,5.73538695849267,-0.812799477916439,-5.73538695849267,-1.68327887568987,-1.2231265591017,0,FALSE,FALSE,TRUE,-1.91811129575275,-1.78387863464661,-5.87568506278625,-0.741077664995894,0,-4.86924263871274,TRUE
Hue Jackson,2018,CLE,8,5.3125,6.62286493249443,-1.31036493249443,8.01888690787183,-3.31655815972294,3,3,FALSE,-6.14626743697815,7.3809740889674,-0.758109156472965,-2.0684740889674,0.0946939918749031,-0.886932550060886,0,FALSE,FALSE,TRUE,-0.30110245863435,-0.887789416675561,-5.73538695849267,-0.741077664995894,0,-1.20232976918747,TRUE
Jack Del Rio,2003,JAX,16,5.3125,6.97733162900437,-1.66483162900436,3.95654221654567,-2.42309027254557,1,9,FALSE,-0.20156249999935,,,,,,,,,,,,,,,,FALSE
Jack Del Rio,2004,JAX,16,9.5625,7.88794030235517,1.67455969764483,4.08907989068891,0.751562500000159,2,9,FALSE,-0.20156249999935,,,,,,,,,,,,,,,,FALSE
Jack Del Rio,2005,JAX,16,12.75,9.94741171558567,2.80258828441433,3.7727022149159,4.76493055555571,3,9,FALSE,-0.20156249999935,,,,,,,,,,,,,,,,FALSE
Jack Del Rio,2006,JAX,16,8.5,9.41405362017134,-0.914053620171337,3.94744860343193,7.48854166666605,4,9,FALSE,-0.20156249999935,,,,,,,,,,,,,,,,FALSE
Jack Del Rio,2007,JAX,16,11.6875,9.25708541358529,2.43041458641472,3.68705794876409,6.82899305555594,5,9,FALSE,-0.20156249999935,,,,,,,,,,,,,,,,FALSE
Jack Del Rio,2008,JAX,16,5.3125,8.62620189556193,-3.31370189556193,3.96406725793722,-2.50798611111218,6,9,FALSE,-0.20156249999935,,,,,,,,,,,,,,,,FALSE
Jack Del Rio,2009,JAX,16,7.4375,8.00636938049513,-0.56886938049513,3.98316833690905,-6.49131944444429,7,9,FALSE,-0.20156249999935,,,,,,,,,,,,,,,,FALSE
Jack Del Rio,2010,JAX,16,8.5,7.10561401453378,1.39438598546622,4.00305828608704,-4.51354166666612,8,9,FALSE,-0.20156249999935,,,,,,,,,,,,,,,,FALSE
Jack Del Rio,2011,JAX,11,4.63636363636364,5.61598421262883,-0.979620576265193,5.25123457629973,-4.34000946969682,9,9,FALSE,-0.20156249999935,,,,,,,,,,,,,,,,FALSE
Jack Del Rio,2015,LV,16,7.4375,7.17754451780104,0.259955482198964,4.13956233808651,-0.240711881422594,1,3,FALSE,-8.99322916666768,6.93250944867133,0.245035069129704,0.504990551328668,-1.05433604241584,-1.37238756165585,-1.19825704079393,FALSE,FALSE,FALSE,-0.556431567521581,,-2.98330934681382,-0.562952607356215,0,1.19300981346892,TRUE
Jack Del Rio,2016,LV,16,12.75,9.04931567889048,3.70068432110952,4.32733459754502,3.26267361111095,2,3,FALSE,-8.99322916666768,7.35496735053944,1.69434832835104,5.39503264946056,-0.116431822258372,-1.54032790931705,-0.958814897440647,FALSE,FALSE,FALSE,0.331684114744072,,0.504990551328668,-0.562952607356215,0,6.08305191160081,TRUE
Jack Del Rio,2017,LV,16,6.375,8.30505075620423,-1.93005075620423,3.86807267054898,-4.72725694444449,3,3,FALSE,-8.99322916666768,10.2801899577873,-1.9751392015831,-3.90518995778733,0.850362248920131,1.06604609302483,0.571253868794239,FALSE,FALSE,FALSE,-0.207004579699687,0.782932129425998,5.39503264946056,-0.562952607356215,0,-3.21717069564708,TRUE
Jason Garrett,2010,DAL,8,10.625,8.35183348277359,2.27316651722641,7.37765647239103,3.77126736111092,1,10,TRUE,7.14930555555472,,,,,,,,,,,,,,,,FALSE
Jason Garrett,2011,DAL,16,8.5,10.0720277628435,-1.57202776284355,3.80832024678972,1.62673611111094,2,10,FALSE,7.14930555555472,,,,,,,,,,,,,,,,FALSE
Jason Garrett,2012,DAL,16,8.5,9.13235278153789,-0.632352781537895,4.15432066662889,0.281684040110842,3,10,FALSE,7.14930555555472,9.29043604197381,-0.158083260435914,-0.790436041973809,0.776695687069427,0.4455236810212,0.60631049290106,FALSE,FALSE,FALSE,0.600927715305605,,,0.181363887290113,0,-0.846733274479889,TRUE
Jason Garrett,2013,DAL,16,8.5,8.73311383981396,-0.233113839813962,3.97746979025104,-0.689583333332419,4,10,FALSE,7.14930555555472,9.66841740064309,-0.935303560829125,-1.16841740064309,1.08963952804691,1.12938537718275,0.395202278301048,FALSE,FALSE,FALSE,0.250771081374384,,-0.790436041973809,0.181363887290113,0,-1.22471463314917,TRUE
Jason Garrett,2014,DAL,16,12.75,9.47890578321995,3.27109421678005,3.99665188870726,5.37413194444465,5,10,FALSE,7.14930555555472,8.66248191923577,0.816423863984184,4.08751808076423,-0.844780758478385,1.03366546635464,0.0797227748634725,FALSE,FALSE,FALSE,1.90535063039376,,-1.16841740064309,0.181363887290113,0,4.03122084825815,TRUE
Jason Garrett,2015,DAL,16,4.25,7.33012432834808,-3.08012432834808,4.11395348551182,-6.9263020074663,6,10,FALSE,7.14930555555472,7.82275264177945,-0.492628313431365,-3.57275264177945,1.40080537739477,-1.30551827810353,-1.62270949284323,FALSE,FALSE,FALSE,-1.45825559150808,,4.08751808076423,0.181363887290113,0,-3.62904987428553,TRUE
Jason Garrett,2016,DAL,16,13.8125,9.65520228247523,4.15729771752477,4.01067516124,6.96944444444441,7,10,FALSE,7.14930555555472,7.91069520858274,1.74450707389249,5.90180479141726,0.35312336230142,-1.64308779763841,0,FALSE,FALSE,TRUE,1.37421237865905,,-3.57275264177945,0.181363887290113,0,5.84550755891119,TRUE
Jason Garrett,2017,DAL,16,9.5625,9.7366920534825,-0.1741920534825,4.17949168692262,1.59704861111136,8,10,FALSE,7.14930555555472,9.18281727444363,0.553874779038871,0.379682725556371,-0.77431722929024,-1.27115116019526,1.08525592846642,FALSE,FALSE,FALSE,-0.442866453637248,1.28751886082489,5.90180479141726,0.181363887290113,0,0.323385493050292,TRUE
Jason Garrett,2018,DAL,16,10.625,8.1670139703496,2.4579860296504,4.07665464200229,1.09114583333327,9,10,FALSE,7.14930555555472,7.33265135693137,0.834362613418224,3.29234864306863,-0.596547031042157,-1.59902176588038,-1.26880467418045,FALSE,FALSE,FALSE,-0.0391411118382534,0.39858542498482,0.379682725556371,0.181363887290113,0,3.23605141056255,TRUE
Jason Garrett,2019,DAL,16,8.5,11.2360192662533,-2.73601926625332,3.66790203847849,5.29270833333381,10,10,FALSE,7.14930555555472,9.16262495803877,2.07339430821456,-0.662624958038768,-0.0910075681315909,-1.24035445538329,-0.303610375312851,FALSE,FALSE,FALSE,1.30579400487442,1.58398179025745,3.29234864306863,0.181363887290113,0,-0.718922190544847,TRUE
Jay Gruden,2014,WAS,16,4.25,6.90643703979171,-2.65643703979171,3.8190773166246,-8.72760416666647,1,5,FALSE,-9.27951388888797,7.87748446420629,-0.971047424414577,-3.62748446420629,-0.234555379893547,-0.594048778970743,-0.647751185970818,FALSE,FALSE,FALSE,-0.905508107575245,,-4.89864486835266,-0.36658131471183,0,-3.13583649471042,TRUE
Jay Gruden,2015,WAS,16,9.5625,6.46366136364016,3.09883863635984,4.0303781671364,-1.92838534079963,2,5,FALSE,-9.27951388888797,8.11256726031852,-1.64890589667837,1.44993273968148,0.734251145771983,-1.45597416609626,-0.102518239290533,FALSE,FALSE,FALSE,1.18474506670737,,-3.62748446420629,-0.36658131471183,0,1.94158070917734,TRUE
Jay Gruden,2016,WAS,16,9.03125,8.97384283155331,0.0574071684466926,4.12084607246705,1.96909722222219,3,5,FALSE,-9.27951388888797,9.29056074316543,-0.316717911612122,-0.259310743165429,0.496031461950051,0.497743209056587,0.831883850210132,FALSE,FALSE,FALSE,1.03922734087233,,1.44993273968148,-0.36658131471183,0,0.232337226330435,TRUE
Jay Gruden,2017,WAS,16,7.4375,7.92527616038364,-0.487776160383637,3.90341464511907,-1.29565972222198,4,5,FALSE,-9.27951388888797,9.70102667960763,-1.77575051922399,-2.26352667960763,0.0702298122464285,0.953988690473186,0.768792202817831,FALSE,FALSE,FALSE,0.0404812985196185,0.453853826339769,-0.259310743165429,-0.36658131471183,0,-1.77187871011176,TRUE
Jay Gruden,2018,WAS,16,7.4375,6.68055783415971,0.756942165840287,4.0130314228673,-4.94947916666673,5,5,FALSE,-9.27951388888797,9.49053717769954,-2.80997934353983,-2.05303717769954,0.0303925013709905,0.588109396993778,0.875108367363917,FALSE,FALSE,FALSE,-0.993324159433462,0.39858542498482,-2.26352667960763,-0.36658131471183,0,-1.56138920820368,TRUE
Jeff Fisher,1999,TEN,16,13.8125,10.4737394512594,3.33876054874063,3.60656075409131,1.03430462630369,1,12,FALSE,0,,,,,,,,,,,,,,,,FALSE
Jeff Fisher,2000,TEN,16,13.8125,11.8504770237856,1.9620229762144,3.36109171114305,8.34495900304411,2,12,FALSE,0,,,,,,,,,,,,,,,,FALSE
Jeff Fisher,2001,TEN,16,7.4375,8.90948729365757,-1.47198729365757,4.22204721092925,-2.04608413425289,3,12,FALSE,0,,,,,,,,,,,,,,,,FALSE
Jeff Fisher,2002,TEN,16,11.6875,9.421358110583,2.266141889417,4.10487590190574,1.76406250000065,4,12,FALSE,0,,,,,,,,,,,,,,,,FALSE
Jeff Fisher,2003,TEN,16,12.75,10.5007727401905,2.24922725980946,4.03505846281408,6.46510417189888,5,12,FALSE,0,,,,,,,,,,,,,,,,FALSE
Jeff Fisher,2004,TEN,16,5.3125,8.03871022929477,-2.72621022929477,4.08763979780887,-4.39357638888873,6,12,FALSE,0,,,,,,,,,,,,,,,,FALSE
Jeff Fisher,2005,TEN,16,4.25,6.4863317876471,-2.2363317876471,3.85431960255641,-7.56666666666652,7,12,FALSE,0,,,,,,,,,,,,,,,,FALSE
Jeff Fisher,2006,TEN,16,8.5,5.30162345986941,3.19837654013059,3.38163664156691,-1.28159722222284,8,12,FALSE,0,,,,,,,,,,,,,,,,FALSE
Jeff Fisher,2007,TEN,16,10.625,9.21448720214075,1.41051279785925,4.00167328738119,0.707812500000388,9,12,FALSE,0,,,,,,,,,,,,,,,,FALSE
Jeff Fisher,2008,TEN,16,13.8125,10.4285543868717,3.38394561312827,3.95826721183668,8.94340277777671,10,12,FALSE,0,,,,,,,,,,,,,,,,FALSE
Jeff Fisher,2009,TEN,16,8.5,8.99700202437525,-0.497002024375252,3.84544721620362,-2.76145833333318,11,12,FALSE,0,,,,,,,,,,,,,,,,FALSE
Jeff Fisher,2010,TEN,16,6.375,8.47828407019942,-2.10328407019942,4.0166071815788,1.01979166666722,12,12,FALSE,0,,,,,,,,,,,,,,,,FALSE
Jeff Fisher,2012,LA,16,7.96875,5.98240098673294,1.98634901326706,3.8261785472726,0.358767348778044,1,5,FALSE,-10.4493055555556,7.72017803901196,-1.73777705227902,0.248571960988037,-0.479715124092672,0.404357558482729,-1.81705340530494,FALSE,FALSE,FALSE,-0.181395776751196,,,0.24076287429118,0,0.132875741480891,TRUE
Jeff Fisher,2013,LA,16,7.4375,6.37014185760665,1.06735814239336,3.621279851014,2.22170138888763,2,5,FALSE,-10.4493055555556,8.52861196230453,-2.15847010469788,-1.09111196230453,0.0722803277956297,0.402378250163011,-0.508177749939095,FALSE,FALSE,FALSE,-0.854826528813377,,0.248571960988037,0.24076287429118,0,-1.20680818181167,TRUE
Jeff Fisher,2014,LA,16,6.375,7.06398774972868,-0.688987749728679,3.76554794767162,-0.833854166667351,3,5,FALSE,-10.4493055555556,7.95581728648648,-0.891829536757803,-1.58081728648648,-0.0108060744124406,-1.23236809086305,0,FALSE,FALSE,TRUE,-1.13394329384466,,-1.09111196230453,0.24076287429118,0,-1.69651350599363,TRUE
Jeff Fisher,2015,LA,16,7.4375,7.79721780377753,-0.359717803777526,3.85628862655334,-0.156163270311483,4,5,FALSE,-10.4493055555556,8.46057461690235,-0.663356813124823,-1.02307461690235,0.34542784399202,-0.118588495049821,-0.323415937964382,FALSE,FALSE,FALSE,-2.34912631475231,,-1.58081728648648,0.24076287429118,0,-1.1387708364095,TRUE
Jeff Fisher,2016,LA,16,4.25,6.32253985567935,-2.07253985567935,3.76775908095482,-11.0868055555553,5,5,FALSE,-10.4493055555556,7.40254098920217,-1.08000113352282,-3.15254098920217,-0.902426370325849,-1.50607461320993,-0.0927174169302845,FALSE,TRUE,FALSE,-2.77433829481733,,-1.02307461690235,0.24076287429118,0,-3.26823720870931,TRUE
Jeff Saturday,2022,IND,8,2.125,6.49193494757328,-4.36693494757328,7.86493734386032,-10.8824326137746,1,1,TRUE,4.59894015035147,8.92394311545457,-2.4320081678813,-6.79894311545457,0.556743208025246,0.762115402444226,-0.150928604142828,FALSE,FALSE,FALSE,-1.6260117979713,-0.1153471739369,0.0910807508730809,0.350965858937752,0,-7.02484231960829,TRUE
Jerod Mayo,2024,NE,17,4,5.14651333495228,-1.14651333495228,3.48491468060591,-8.32799822007346,1,1,FALSE,-7.61221370109533,6.72392456797212,-1.57741123301984,-2.72392456797212,-1.63132046230757,-0.886089582025357,0,FALSE,FALSE,TRUE,-0.640349991683427,-0.800381370953398,-3.16468387152409,0.646076092975085,0,-3.24493400616317,TRUE
Jim Caldwell,2009,IND,16,14.875,10.8086773247948,4.06632267520516,3.70901947649763,5.93125000000016,1,3,FALSE,6.4916666666656,,,,,,,,,,,,,,,,FALSE
Jim Caldwell,2010,IND,16,10.625,10.5398602064915,0.0851397935085334,4.01705853571913,2.87777777777833,2,3,FALSE,6.4916666666656,,,,,,,,,,,,,,,,FALSE
Jim Caldwell,2011,IND,16,2.125,4.64937732751738,-2.52437732751738,3.28737170600735,-11.2847222222221,3,3,FALSE,6.4916666666656,,,,,,,,,,,,,,,,FALSE
Jim Caldwell,2014,DET,16,11.6875,9.7815360542423,1.9059639457577,3.88161971750519,2.05815972222202,1,4,FALSE,-1.64236111110985,9.01766073213074,0.763875322111558,2.66983926786926,0.202772808092253,1.00174950076002,-0.0949699520562434,FALSE,FALSE,FALSE,0.179752277690884,,-1.74385739555615,-0.199838226698292,0,2.99474414935159,TRUE
Jim Caldwell,2015,DET,16,7.4375,7.72797462960807,-0.290474629608068,4.06401149764194,-0.225954936978149,2,4,FALSE,-1.64236111110985,8.98699207283642,-1.25901744322835,-1.54949207283642,0.445410978735439,0.867733437346925,-0.234149955963643,FALSE,FALSE,FALSE,-0.214669119242705,,2.66983926786926,-0.199838226698292,0,-1.2245871913541,TRUE
Jim Caldwell,2016,DET,16,9.5625,8.05139107210539,1.51110892789461,4.10796473056052,-1.39722222222249,3,4,FALSE,-1.64236111110985,7.56275129529869,0.488639776806707,1.99974870470131,-2.52545407347817,0.754642929859987,-0.512446653651721,FALSE,TRUE,FALSE,0.73441140757586,,-1.54949207283642,-0.199838226698292,0,2.32465358618364,TRUE
Jim Caldwell,2017,DET,16,9.5625,8.75122928303832,0.811270716961676,4.14401793114284,2.7210069444442,4,4,FALSE,-1.64236111110985,8.23108557399405,0.520143709044275,1.33141442600595,-0.0299706842070746,1.25814449739909,0.483814050395099,FALSE,FALSE,FALSE,0.400287892426354,-1.23541479616956,1.99974870470131,-0.199838226698292,0,1.65631930748828,TRUE
Jim Fassel,1999,NYG,16,7.4375,7.28998436382828,0.147515636171725,3.95026735890463,-2.98434052739571,1,5,FALSE,0,,,,,,,,,,,,,,,,FALSE
Jim Fassel,2000,NYG,16,12.75,9.58072438049263,3.16927561950737,4.04750114394587,2.4320926584043,2,5,FALSE,0,,,,,,,,,,,,,,,,FALSE
Jim Fassel,2001,NYG,16,7.4375,9.24982606903948,-1.81232606903948,3.81171533096892,-1.78690853746279,3,5,FALSE,0,,,,,,,,,,,,,,,,FALSE
Jim Fassel,2002,NYG,16,10.625,8.87167531680286,1.75332468319714,4.04653898545729,0.827256944444927,4,5,FALSE,0,,,,,,,,,,,,,,,,FALSE
Jim Fassel,2003,NYG,16,4.25,8.12109376166144,-3.87109376166144,3.92685400508827,-8.56440971699001,5,5,FALSE,0,,,,,,,,,,,,,,,,FALSE
Jim Harbaugh,2011,SF,16,13.8125,10.0820617878961,3.73043821210385,3.71207286451755,8.3118055555555,1,4,FALSE,-5.83541666666509,,,,,,,,,,,,,,,,FALSE
Jim Harbaugh,2012,SF,16,12.21875,11.3308039806843,0.88794601931569,3.48468058771102,10.2059895710003,2,4,FALSE,-5.83541666666509,9.07593818124127,2.25486579944304,3.14281181875873,1.88195933297894,-0.316049585940524,-0.194946218730109,FALSE,FALSE,FALSE,0.919726161828165,,,-0.105524954629456,0,3.37340342817222,TRUE
Jim Harbaugh,2013,SF,16,12.75,11.1719652254576,1.57803477454236,3.62167807095006,10.1345486111099,3,4,FALSE,-5.83541666666509,8.86398313782759,2.30798208763005,3.88601686217241,0.724433661290038,-1.05163600387648,1.19695513949201,FALSE,FALSE,FALSE,0.828815448816032,,3.14281181875873,-0.105524954629456,0,4.1166084715859,TRUE
Jim Harbaugh,2014,SF,16,8.5,10.0053636072595,-1.50536360725949,3.811150980758,-0.954340277778462,4,4,FALSE,-5.83541666666509,9.81108196434139,0.194281642918099,-1.31108196434139,1.78935879241283,0.985791517962715,0.212543549754887,FALSE,FALSE,FALSE,-0.0356116416693997,,3.88601686217241,-0.105524954629456,0,-1.0804903549279,TRUE
Jim Harbaugh,2024,LAC,17,11,9.57959939383042,1.42040060616958,3.8359819147261,5.11492310728945,1,2,FALSE,-1.92595232323533,7.32062773660647,2.25897165722396,3.67937226339353,-0.747662591926886,1.23410059611387,0.275428515042228,FALSE,FALSE,FALSE,0.426811682142582,-1.79731782734263,-2.70186975737766,0.0527429171180774,0,3.75169600105949,TRUE
Jim Harbaugh,2025,LAC,17,11,9.40015354393715,1.59984645606285,3.72737841451466,1.02088172708264,2,2,FALSE,-1.92595232323533,8.76592769001398,0.634225853923173,2.23407230998602,-0.744636642188973,1.37946329443601,0.35196193608651,FALSE,FALSE,FALSE,-0.321665857747857,-0.224113619629784,3.67937226339353,0.0527429171180774,0,2.30639604765198,TRUE
Jim Haslett,2000,NO,16,10.625,8.05908173836445,2.56591826163555,3.99278502790785,0.88616872892484,1,6,FALSE,-12.138089064539,,,,,,,,,,,,,,,,FALSE
Jim Haslett,2001,NO,16,7.4375,9.20390143223576,-1.76640143223576,3.92569820625854,-4.82226005629688,2,6,FALSE,-12.138089064539,,,,,,,,,,,,,,,,FALSE
Jim Haslett,2002,NO,16,9.5625,9.94306162253664,-0.380561622536636,4.08642211178371,2.42517361111118,3,6,FALSE,-12.138089064539,,,,,,,,,,,,,,,,FALSE
Jim Haslett,2003,NO,16,8.5,8.7406556073238,-0.240655607323797,3.97690892028698,-0.265798605878902,4,6,FALSE,-12.138089064539,,,,,,,,,,,,,,,,FALSE
Jim Haslett,2004,NO,16,8.5,6.96747732790483,1.53252267209517,3.88915799932044,-5.55642361111094,5,6,FALSE,-12.138089064539,,,,,,,,,,,,,,,,FALSE
Jim Haslett,2005,NO,16,3.1875,6.24571064729344,-3.05821064729344,3.89901147623007,-11.0874999999996,6,6,FALSE,-12.138089064539,,,,,,,,,,,,,,,,FALSE
Jim Haslett,2008,LA,12,2.83333333333333,4.31974931019523,-1.4864159768619,4.31667699957152,-11.8936921296288,1,1,TRUE,-12.9664930555542,,,,,,,,,,,,,,,,FALSE
Jim Mora,1999,IND,16,13.8125,10.3722914578637,3.44020854213627,3.8943795234859,6.10351785081385,1,3,FALSE,0,,,,,,,,,,,,,,,,FALSE
Jim Mora,2000,IND,16,10.625,10.804882226599,-0.179882226599002,3.95997077539355,7.9084921695783,2,3,FALSE,0,,,,,,,,,,,,,,,,FALSE
Jim Mora,2001,IND,16,6.375,9.38659775768465,-3.01159775768465,3.79925063296662,-3.7744967593937,3,3,FALSE,0,,,,,,,,,,,,,,,,FALSE
Jim Mora,2004,ATL,16,11.6875,9.39727294933282,2.29022705066718,3.90845346883296,-2.20225694444427,1,3,FALSE,-7.41996527254557,,,,,,,,,,,,,,,,FALSE
Jim Mora,2005,ATL,16,8.5,9.57863844305181,-1.07863844305181,4.03765221235511,-1.22847222222181,2,3,FALSE,-7.41996527254557,,,,,,,,,,,,,,,,FALSE
Jim Mora,2006,ATL,16,7.4375,9.25919281097558,-1.82169281097558,4.04285590711848,-3.01927083333355,3,3,FALSE,-7.41996527254557,,,,,,,,,,,,,,,,FALSE
Jim Mora,2009,SEA,16,5.3125,7.33067089784933,-2.01817089784933,3.58012499717604,-9.30694444444361,1,1,FALSE,-7.63541666666587,,,,,,,,,,,,,,,,FALSE
Jim Schwartz,2009,DET,16,2.125,3.80185759373319,-1.67685759373319,2.65976734691501,-14.3788194444433,1,5,FALSE,-13.1079861111119,,,,,,,,,,,,,,,,FALSE
Jim Schwartz,2010,DET,16,6.375,5.8919556612727,0.483044338727305,3.69756721281878,1.9104166666651,2,5,FALSE,-13.1079861111119,,,,,,,,,,,,,,,,FALSE
Jim Schwartz,2011,DET,16,10.625,9.74468120754961,0.880318792450385,3.92592437973129,6.06684027777784,3,5,FALSE,-13.1079861111119,,,,,,,,,,,,,,,,FALSE
Jim Schwartz,2012,DET,16,4.25,8.63837519168864,-4.38837519168864,3.98314390856558,-2.30546876233307,4,5,FALSE,-13.1079861111119,9.12989573273111,-0.491520541042471,-4.87989573273111,0.748355593584568,0.342608374675021,0.364098580260127,FALSE,FALSE,FALSE,-0.0503833300634202,,,-0.199838226698292,0,-4.55499085124879,TRUE
Jim Schwartz,2013,DET,16,7.4375,9.88448422066642,-2.44698422066642,4.08338089125099,-1.64236111110985,5,5,FALSE,-13.1079861111119,9.18135739555615,0.703126825110278,-1.74385739555615,0.576612239031305,1.09707394931521,-0.211522158538712,FALSE,FALSE,FALSE,0.223620766962044,,-4.87989573273111,-0.199838226698292,0,-1.41895251407382,TRUE
Jim Tomsula,2015,SF,16,5.3125,4.87435493963228,0.438145060367717,3.58132142174515,-5.52838549253371,1,1,FALSE,-0.954340277778462,8.90623466633825,-4.03187972670597,-3.59373466633825,-0.854369772929006,-1.30551827810353,3.21766709009199,FALSE,FALSE,FALSE,-1.12554013298189,,-1.31108196434139,-0.105524954629456,0,-3.36314305692476,TRUE
Jim Zorn,2008,WAS,16,8.5,8.5808631870179,-0.0808631870178953,3.89993600203429,-1.77916666666676,1,2,FALSE,4.47534722222111,,,,,,,,,,,,,,,,FALSE
Jim Zorn,2009,WAS,16,4.25,7.14595722128788,-2.89595722128788,3.5421883266964,-4.56562500000084,2,2,FALSE,4.47534722222111,,,,,,,,,,,,,,,,FALSE
Jimmy Johnson,1999,MIA,16,9.5625,9.45216151543735,0.110338484562652,4.0953164982741,1.89178341245259,1,1,FALSE,0,,,,,,,,,,,,,,,,FALSE
Joe Gibbs,2004,WAS,16,6.375,8.13684524550252,-1.76184524550252,4.05202939252443,-3.37170138888906,1,4,FALSE,-5.74357638365668,,,,,,,,,,,,,,,,FALSE
Joe Gibbs,2005,WAS,16,10.625,9.18398955793065,1.44101044206935,4.00101680425552,5.99114583333245,2,4,FALSE,-5.74357638365668,,,,,,,,,,,,,,,,FALSE
Joe Gibbs,2006,WAS,16,5.3125,7.05808971953856,-1.74558971953856,3.89207513141718,-4.04809027777841,3,4,FALSE,-5.74357638365668,,,,,,,,,,,,,,,,FALSE
Joe Gibbs,2007,WAS,16,9.5625,8.4028155894739,1.1596844105261,3.74048370623616,4.47534722222111,4,4,FALSE,-5.74357638365668,,,,,,,,,,,,,,,,FALSE
Joe Judge,2020,NYG,16,6.375,5.73399842538768,0.64100157461232,3.627566125192,-4.43541666666627,1,2,FALSE,-7.88020833333286,6.06995496756776,-0.335956542180077,0.305045032432242,-0.652830750455851,-0.892454846736301,-1.18800101035692,FALSE,FALSE,FALSE,-1.10766664906196,-1.54381200784736,-1.88778357514565,-0.391667435154657,0,0.821779122370933,TRUE
Joe Judge,2021,NYG,17,4,4.99163194363408,-0.991631943634081,3.32381921661501,-8.47572586463713,2,2,FALSE,-7.88020833333286,6.8576126869944,-1.86598074336032,-2.8576126869944,-0.488974687369924,-0.826291412436206,-1.20532520866646,FALSE,FALSE,FALSE,-1.91466265442286,-0.653427742186712,0.305045032432242,-0.391667435154657,0,-2.34087859705571,TRUE
Joe Philbin,2012,MIA,16,7.4375,7.54822526409909,-0.110725264099088,3.80961338786313,-2.62092015122196,1,4,FALSE,0.945659722222057,7.63828607067924,-0.0900608065801549,-0.200786070679243,-0.829242943739271,-1.13937203670996,0,FALSE,FALSE,TRUE,-0.673922114209938,,,0.0587168759263221,0,-0.134436291821531,TRUE
Joe Philbin,2013,MIA,16,8.5,8.22176188642723,0.278238113572774,4.19183509592855,-0.838194444444644,2,4,FALSE,0.945659722222057,8.21576614995726,0.00599573646996632,0.284233850042741,0.96790423912795,-0.809300294869895,-0.848283717375987,FALSE,FALSE,FALSE,-0.309702336595324,,-0.200786070679243,0.0587168759263221,0,0.350583628900452,TRUE
Joe Philbin,2014,MIA,16,8.5,9.12808594130016,-0.62808594130016,4.00828676133926,2.55503472222146,3,4,FALSE,0.945659722222057,8.31404570703408,0.814040234266077,0.185954292965917,1.21981510573365,-0.881292469322281,-0.763348076814369,FALSE,FALSE,FALSE,-0.0620379660007532,,0.284233850042741,0.0587168759263221,0,0.252304071823629,TRUE
Joe Philbin,2015,MIA,16,6.375,7.72740591659654,-1.35240591659654,4.10111432544446,-6.81605895191074,4,4,FALSE,0.945659722222057,8.95103071766043,-1.22362480106389,-2.57603071766043,0.556503350672571,0.700560228466121,-0.251428294444804,FALSE,FALSE,FALSE,-0.456231064239942,,0.185954292965917,0.0587168759263221,0,-2.50968093880272,TRUE
Joe Vitt,2005,LA,11,6.18181818181818,7.81877711707172,-1.63695893525354,5.14394078209828,-5.02165404040435,1,1,TRUE,-5.98628472222224,,,,,,,,,,,,,,,,FALSE
Joe Vitt,2012,NO,10,8.5,8.46475409507188,0.0352459049281197,6.77261387598999,3.38262154093305,1,1,TRUE,11.3963541666668,10.6295476477887,-2.16479355271686,-2.12954764778874,1.48519802419091,1.74225654098305,1.68080938401411,FALSE,FALSE,FALSE,0.736319458965056,,,-0.179112824713861,0,-1.82536816829084,TRUE
John Fox,2002,CAR,16,7.4375,6.75439532846604,0.683104671533956,3.92275848692671,-3.27204861111105,1,9,FALSE,-8.94874036822647,,,,,,,,,,,,,,,,FALSE
John Fox,2003,CAR,16,11.6875,9.50378894238712,2.18371105761288,3.98716013654088,-0.928645828101125,2,9,FALSE,-8.94874036822647,,,,,,,,,,,,,,,,FALSE
John Fox,2004,CAR,16,7.4375,8.39681005614254,-0.959310056142542,4.01011646175193,-0.650173611110935,3,9,FALSE,-8.94874036822647,,,,,,,,,,,,,,,,FALSE
John Fox,2005,CAR,16,11.6875,10.7209903833427,0.966509616657309,4.02975520677348,5.06979166666708,4,9,FALSE,-8.94874036822647,,,,,,,,,,,,,,,,FALSE
John Fox,2006,CAR,16,8.5,9.69915555534476,-1.19915555534476,4.00157885043618,-2.67274305555577,5,9,FALSE,-8.94874036822647,,,,,,,,,,,,,,,,FALSE
John Fox,2007,CAR,16,7.4375,7.14047835889968,0.297021641100319,3.81294537210455,-5.80434027777667,6,9,FALSE,-8.94874036822647,,,,,,,,,,,,,,,,FALSE
John Fox,2008,CAR,16,12.75,9.85255489324758,2.89744510675242,3.81603082689173,5.63333333333343,7,9,FALSE,-8.94874036822647,,,,,,,,,,,,,,,,FALSE
John Fox,2009,CAR,16,8.5,7.22219171020111,1.27780828979889,3.56193168274081,3.90520833333214,8,9,FALSE,-8.94874036822647,,,,,,,,,,,,,,,,FALSE
John Fox,2010,CAR,16,2.125,5.64085555638118,-3.51585555638118,3.52108336305926,-13.1864583333328,9,9,FALSE,-8.94874036822647,,,,,,,,,,,,,,,,FALSE
John Fox,2011,DEN,16,8.5,7.15824119002387,1.34175880997613,4.01523202342883,-5.29635416666672,1,4,FALSE,-8.90902777777619,,,,,,,,,,,,,,,,FALSE
John Fox,2012,DEN,16,13.8125,11.0964508435209,2.71604915647911,3.58777524724453,10.1016493178886,2,4,FALSE,-8.90902777777619,9.43716892258187,1.65928192093902,4.37533107741813,0.493294752220833,1.5981751120984,0,FALSE,FALSE,TRUE,1.49553097229956,,,0.416063630234736,0,4.08433410196743,TRUE
John Fox,2013,DEN,16,13.8125,13.0166681131032,0.795831886896789,3.01092982534879,11.369965277778,3,4,FALSE,-8.90902777777619,9.89507358296113,3.12159453014208,3.91742641703887,0.26357863895399,1.33940965832179,1.53795078100317,FALSE,FALSE,FALSE,2.46547567228348,,4.37533107741813,0.416063630234736,0,3.62642944158817,TRUE
John Fox,2014,DEN,16,12.75,12.170034073363,0.579965926637014,3.32201673604907,9.5814236111101,4,4,FALSE,-8.90902777777619,10.2703358795616,1.89969819380138,2.47966412043839,0.57907845821957,1.24111924271964,2.2452683179128,FALSE,FALSE,FALSE,1.25246077182488,,3.91742641703887,0.416063630234736,0,2.18866714498769,TRUE
John Fox,2015,CHI,16,6.375,6.42723466312451,-0.052234663124513,3.87660183398687,-1.25060771475593,1,3,FALSE,-6.71232638888909,7.88744032341642,-1.4602056602919,-1.51244032341642,-1.43205010700209,0.733994870242282,-0.815580414308078,FALSE,FALSE,FALSE,-0.177698398516294,,-3.02265871194949,-0.175711010662426,0,-1.21166265796996,TRUE
John Fox,2016,CHI,16,3.1875,6.40962016968046,-3.22212016968046,3.98833794402664,-7.50069444444471,2,3,FALSE,-6.71232638888909,7.60841115427904,-1.19879098459858,-4.42091115427904,-0.361417135941741,-1.64308779763841,0,FALSE,FALSE,TRUE,-0.526851375761023,,-1.51244032341642,-0.175711010662426,0,-4.12013348883258,TRUE
John Fox,2017,CHI,16,5.3125,5.96261087559847,-0.650110875598465,3.66271293780589,-1.28767361111136,3,3,FALSE,-6.71232638888909,8.40925108658877,-2.4466402109903,-3.09675108658877,0.0272867423377843,-0.646831345978935,0,FALSE,FALSE,TRUE,-0.997048679938404,0.190591183870782,-4.42091115427904,-0.175711010662426,0,-2.79597342114231,TRUE
John Harbaugh,2008,BAL,16,11.6875,8.69665556590962,2.99084443409038,4.00616729062889,9.8048611111104,1,18,FALSE,-6.7427083333325,,,,,,,,,,,,,,,,FALSE
John Harbaugh,2009,BAL,16,9.5625,11.0304208484694,-1.46792084846944,3.43652478659706,7.47500000000085,2,18,FALSE,-6.7427083333325,,,,,,,,,,,,,,,,FALSE
John Harbaugh,2010,BAL,16,12.75,10.8975555269178,1.85244447308222,3.75360952442697,6.44201388888834,3,18,FALSE,-6.7427083333325,,,,,,,,,,,,,,,,FALSE
John Harbaugh,2011,BAL,16,12.75,11.7045732036046,1.04542679639539,3.56848009005503,6.09722222222227,4,18,FALSE,-6.7427083333325,,,,,,,,,,,,,,,,FALSE
John Harbaugh,2012,BAL,16,10.625,9.64549282705505,0.979507172944954,3.95635488266356,2.90720487344418,5,18,FALSE,-6.7427083333325,7.97647325898738,1.66901956806767,2.64852674101262,-0.215207584900651,-0.830626117671418,-0.145765392074205,FALSE,FALSE,FALSE,-0.114150322275853,,,0.25596542821316,0,2.51762796758349,TRUE
John Harbaugh,2013,BAL,16,8.5,8.3649829157586,0.135017084241401,4.19391467400471,-3.53402777777689,6,18,FALSE,-6.7427083333325,9.18473113146365,-0.819748215705049,-0.684731131463648,0.367923172313095,1.40403251405688,-0.323918099565222,FALSE,FALSE,FALSE,-0.603904773650339,,2.64852674101262,0.25596542821316,0,-0.815629904892775,TRUE
John Harbaugh,2014,BAL,16,10.625,10.5243547635755,0.100645236424528,3.82735943546462,4.61163194444545,7,18,FALSE,-6.7427083333325,8.66098585093716,1.86336891263831,1.96401414906284,0.0807277323752851,1.30495117390887,-1.14573861366583,FALSE,FALSE,FALSE,0.559012733486713,,-0.684731131463648,0.25596542821316,0,1.83311537563372,TRUE
John Harbaugh,2015,BAL,16,5.3125,7.57447327641526,-2.26197327641526,3.74165786016689,-1.94383688142259,8,18,FALSE,-6.7427083333325,8.97423838801165,-1.39976511159639,-3.66173838801165,-0.443327996761617,1.18536253422045,0.287112443329415,FALSE,FALSE,FALSE,-0.804926193525284,,1.96401414906284,0.25596542821316,0,-3.79263716144077,TRUE
John Harbaugh,2016,BAL,16,8.5,8.87965743648886,-0.379657436488856,4.12696970735543,1.53732638888905,9,18,FALSE,-6.7427083333325,8.26794226295231,0.611715173536547,0.232057737047692,-0.575779285414689,0.737516281806427,-0.778179994870086,FALSE,FALSE,FALSE,-0.876929985699115,,-3.66173838801165,0.25596542821316,0,0.101158963618565,TRUE
John Harbaugh,2017,BAL,16,9.5625,9.69833831680266,-0.135838316802662,3.89518466534036,3.39704861111116,10,18,FALSE,-6.7427083333325,9.31991693933699,0.378421377465669,0.242583060663007,-0.39498677843055,0.953988690473186,-0.204121536519064,FALSE,FALSE,FALSE,-0.734384187848143,0.717116468808749,0.232057737047692,0.25596542821316,0,0.11168428723388,TRUE
John Harbaugh,2018,BAL,16,10.625,9.95354222039956,0.671457779600438,3.93895381710985,7.01979166666592,11,18,FALSE,-6.7427083333325,7.77240130944241,2.18114091095715,2.85259869055759,-1.07077052350851,0.757654448379371,-1.52885334134199,FALSE,FALSE,FALSE,-0.206454346619672,0.0279350468792907,0.242583060663007,0.25596542821316,0,2.72169991712847,TRUE
John Harbaugh,2019,BAL,16,14.875,11.2147636743543,3.66023632564565,3.49961081893891,15.616145833333,12,18,FALSE,-6.7427083333325,7.47310207014568,3.74166160420867,7.40189792985432,-1.1562751024719,-1.10696308751533,-0.852830725965244,FALSE,FALSE,FALSE,2.46779347116253,0.335620848443914,2.85259869055759,0.25596542821316,0,7.27099915642519,TRUE
John Harbaugh,2020,BAL,16,11.6875,12.0186151689557,-0.331115168955693,3.18955830379457,8.27118055555614,13,18,FALSE,-6.7427083333325,9.71318531100503,2.30542985795067,1.97431468899497,0.111555009413995,-1.18288083075896,2.05585566106912,FALSE,FALSE,FALSE,0.388751630709614,0.894158905845803,7.40189792985432,0.25596542821316,0,1.84341591556585,TRUE
John Harbaugh,2021,BAL,17,8,9.42016960002202,-1.42016960002202,3.62132138548232,-0.112995449890678,14,18,FALSE,-6.7427083333325,9.34706058437232,0.073109015649699,-1.34706058437232,-0.667059622656228,-1.10063322526087,0.277336849637562,FALSE,FALSE,FALSE,-0.0671287627119966,1.76000857425071,1.97431468899497,0.25596542821316,0,-1.47795935780145,TRUE
John Harbaugh,2022,BAL,17,10,9.86058575403956,0.139414245960444,3.67560339953076,2.93164843680344,15,18,FALSE,-6.7427083333325,8.8818405376774,0.978745216362157,1.1181594623226,-0.791291344443863,-1.02907108013655,0.0843889773336887,FALSE,TRUE,FALSE,-0.430275602520865,1.33404139909223,-1.34706058437232,0.25596542821316,0,0.987260688893473,TRUE
John Harbaugh,2023,BAL,17,13,10.55277071202,2.44722928797998,3.66751981360894,13.4387728360558,16,18,FALSE,-6.7427083333325,10.7352218796966,-0.182451167676611,2.26477812030337,0.886854908546238,1.3213116092022,-0.0062260520659677,FALSE,FALSE,FALSE,0.76808572701982,1.43968632874195,1.1181594623226,0.25596542821316,0,2.13387934687424,TRUE
John Harbaugh,2024,BAL,17,12,11.6244015965591,0.375598403440945,3.39804519857798,9.68765152130183,17,18,FALSE,-6.7427083333325,11.0259906070268,0.598410989532262,0.974009392973207,0.202435719835799,1.2019765025057,0.531439220022856,FALSE,FALSE,FALSE,2.22296713676991,1.95478847215865,2.26477812030337,0.25596542821316,0,0.84311061954408,TRUE
John Harbaugh,2025,BAL,17,8,10.6538559477001,-2.65385594770014,3.5805418401624,1.34266806319137,18,18,FALSE,-6.7427083333325,12.050695855377,-1.39683990767687,-4.05069585537701,0.122281472016579,1.34628982843755,1.85934983139278,FALSE,FALSE,FALSE,-0.193572710541025,2.46240392869416,0.974009392973207,0.25596542821316,0,-4.18159462880614,TRUE
Jon Gruden,1999,LV,16,8.5,8.56001301095673,-0.060013010956725,3.96347603230323,6.75904678761516,1,3,FALSE,0,,,,,,,,,,,,,,,,FALSE
Jon Gruden,2000,LV,16,12.75,10.7461820026219,2.00381799737809,3.80070787324697,9.7419343877619,2,3,FALSE,0,,,,,,,,,,,,,,,,FALSE
Jon Gruden,2001,LV,16,10.625,11.1946582631748,-0.569658263174816,3.64704706771634,3.62329159110904,3,3,FALSE,0,,,,,,,,,,,,,,,,FALSE
Jon Gruden,2002,TB,16,12.75,10.9499915169182,1.80000848308176,3.85805911216018,8.80190972222229,1,7,FALSE,4.02984145238637,,,,,,,,,,,,,,,,FALSE
Jon Gruden,2003,TB,16,7.4375,10.8202097829898,-3.3827097829898,3.86091944061151,1.60468750523221,2,7,FALSE,4.02984145238637,,,,,,,,,,,,,,,,FALSE
Jon Gruden,2004,TB,16,5.3125,8.21417965539,-2.90167965539,4.11835437741142,-2.67586805555538,3,7,FALSE,4.02984145238637,,,,,,,,,,,,,,,,FALSE
Jon Gruden,2005,TB,16,11.6875,9.50386757450674,2.18363242549326,3.92316608363759,-1.00416666666626,4,7,FALSE,4.02984145238637,,,,,,,,,,,,,,,,FALSE
Jon Gruden,2006,TB,16,4.25,5.96248016170139,-1.71248016170139,3.68593955570295,-7.92968750000022,5,7,FALSE,4.02984145238637,,,,,,,,,,,,,,,,FALSE
Jon Gruden,2007,TB,16,9.5625,8.686373697607,0.876126302392999,3.98090460720211,1.22065972222333,6,7,FALSE,4.02984145238637,,,,,,,,,,,,,,,,FALSE
Jon Gruden,2008,TB,16,9.5625,9.92466399728857,-0.362163997288567,3.8707715081381,2.26909722222231,7,7,FALSE,4.02984145238637,,,,,,,,,,,,,,,,FALSE
Jon Gruden,2018,LV,16,4.25,5.42260956596882,-1.17260956596882,3.56895485151112,-9.3125000000004,1,3,FALSE,-4.72725694444449,8.60124653907567,-3.17863697310686,-4.35124653907567,-0.741225384675961,0.876335984349286,-0.240247847518743,FALSE,FALSE,FALSE,-0.446767958688456,0.136949863969155,-3.90518995778733,-0.562952607356215,0,-3.66322727693543,TRUE
Jon Gruden,2019,LV,16,7.4375,6.92458616662959,0.512913833370408,3.7153858564995,-6.89756944444407,2,3,FALSE,-4.72725694444449,7.33721322037436,-0.412627053744769,0.100286779625639,-0.7041111850181,0.923549956696891,-0.591963505232063,FALSE,FALSE,FALSE,0.911746355083446,-1.24959939512883,-4.35124653907567,-0.562952607356215,0,0.788306041765887,TRUE
Jon Gruden,2020,LV,16,8.5,7.93769724235554,0.562302757644462,4.0439557077161,-1.95052083333392,3,3,FALSE,-4.72725694444449,9.62107706108963,-1.68337981873409,-1.12107706108963,0.726215723536139,0.711802969769825,0.833262894879124,FALSE,FALSE,FALSE,0.260928263262379,0.0815019346147488,0.100286779625639,-0.562952607356215,0,-0.433057798949379,TRUE
Jonathan Gannon,2023,ARI,17,4,4.54238457650101,-0.542384576501005,3.15119589857437,-5.70181756622303,1,3,FALSE,-6.0100539557206,6.97982482327188,-2.43744024677087,-2.97982482327188,-1.27704461476718,1.21767932612752,-0.510382727945176,FALSE,FALSE,FALSE,-0.914250032644924,-1.57679931243165,-5.66519883054455,-0.219011617415628,0,-2.63574655107222,TRUE
Jonathan Gannon,2024,ARI,17,8,7.98746193215341,0.0125380678465934,3.8951946458549,2.276293047821,2,3,FALSE,-6.0100539557206,7.39488899063241,0.592572941520998,0.605111009367591,-0.9004756071055,1.09489619047846,-0.202741859979743,FALSE,FALSE,FALSE,0.402434708787975,-1.32603877523136,-2.97982482327188,-0.219011617415628,0,0.949189281567253,TRUE
Jonathan Gannon,2025,ARI,17,3,6.52156363528594,-3.52156363528594,3.45055801788579,-4.58603816877404,3,3,FALSE,-6.0100539557206,6.28275435299002,0.238809282295916,-3.28275435299002,-0.162732702516753,-0.964794969455248,-2.03726612990337,FALSE,FALSE,FALSE,-0.156482373929108,-0.998194947112953,0.605111009367591,-0.219011617415628,0,-2.93867608079036,TRUE
Josh McDaniels,2009,DEN,16,8.5,8.11172033880633,0.388279661193671,3.89070249299502,0.320833333333172,1,2,FALSE,-5.78888888888817,,,,,,,,,,,,,,,,FALSE
Josh McDaniels,2010,DEN,12,4.25,6.943697982458,-2.693697982458,5.20728458317351,-6.91918402777637,2,2,FALSE,-5.78888888888817,,,,,,,,,,,,,,,,FALSE
Josh McDaniels,2022,LV,17,6,8.41735097721157,-2.41735097721157,3.78031083900494,-2.66621685065296,1,2,FALSE,-3.09060681701813,8.82833625662194,-0.410985279410365,-2.82833625662194,0.640686751585594,1.04916451824243,0.171542938081907,FALSE,FALSE,FALSE,0.0969064063066682,-0.579151517306227,1.90594350063785,-0.562952607356215,0,-2.14031699448169,TRUE
Josh McDaniels,2023,LV,8,6.375,7.50091503615651,-1.12591503615651,8.12636520328591,-7.9679181910089,2,2,FALSE,-3.09060681701813,7.50169846723686,-0.000783431080351171,-1.12669846723686,0.140865097330611,-1.02077798828562,0,FALSE,FALSE,TRUE,-0.597010026506579,-0.734533841194871,-2.82833625662194,-0.562952607356215,0,-0.438679205096613,TRUE
Kellen Moore,2025,NO,17,6,6.23326053729456,-0.233260537294564,3.55757994373161,-5.06939527788492,1,1,FALSE,-3.93060324037824,7.42223944123881,-1.18897890394424,-1.42223944123881,-0.827765776427862,-1.09748883344909,0,FALSE,FALSE,TRUE,-0.726946771729449,-0.269647815364087,-3.87839441873347,-0.179112824713861,0,-1.11805996174091,TRUE
Ken Whisenhunt,2007,ARI,16,8.5,8.20953632954054,0.290463670459459,3.8491287027921,-3.94149305555422,1,6,FALSE,-6.93124999999937,,,,,,,,,,,,,,,,FALSE
Ken Whisenhunt,2008,ARI,16,9.5625,9.16536828278763,0.397131717212366,3.89981896272097,-1.88506944444364,2,6,FALSE,-6.93124999999937,,,,,,,,,,,,,,,,FALSE
Ken Whisenhunt,2009,ARI,16,10.625,10.215577422791,0.409422577209034,3.60629296604954,-0.280208333332495,3,6,FALSE,-6.93124999999937,,,,,,,,,,,,,,,,FALSE
Ken Whisenhunt,2010,ARI,16,5.3125,6.66515554224568,-1.35265554224568,3.89648150725974,-12.6631944444429,4,6,FALSE,-6.93124999999937,,,,,,,,,,,,,,,,FALSE
Ken Whisenhunt,2011,ARI,16,8.5,7.15784281975705,1.34215718024295,3.87774769842735,-2.21458333333339,5,6,FALSE,-6.93124999999937,,,,,,,,,,,,,,,,FALSE
Ken Whisenhunt,2012,ARI,16,5.3125,5.77214967743678,-0.459649677436775,3.51837084264735,-3.1888020956664,6,6,FALSE,-6.93124999999937,7.73104649683482,-1.95889681939804,-2.41854649683482,-0.252994376213796,0,-1.58419001124955,TRUE,FALSE,FALSE,-2.33662476621204,,,-0.219011617415628,0,-2.07446822463515,TRUE
Ken Whisenhunt,2014,TEN,16,2.125,5.92889906706473,-3.80389906706473,3.81450073994621,-11.8407986111103,1,2,FALSE,-0.773090277778664,7.79434604177158,-1.86544697470685,-5.66934604177158,-0.580349761091622,-1.05683028009267,0,FALSE,FALSE,TRUE,-1.16178259389308,,-0.704587488623533,-0.390656462515255,0,-5.15362292447229,TRUE
Ken Whisenhunt,2015,TEN,16,3.1875,6.66598237225257,-3.47848237225257,4.04562804136752,-10.5323783963552,2,2,FALSE,-0.773090277778664,7.81539375414089,-1.14941138188832,-4.62789375414089,-0.73216816379816,-0.837433293237279,0,FALSE,FALSE,TRUE,-1.25883099045589,,-5.66934604177158,-0.390656462515255,0,-4.1121706368416,TRUE
Kevin O'Connell,2022,MIN,17,13,9.73790327210906,3.26209672789094,3.86682665454,0.13474712234042,1,4,FALSE,0.0820385595586537,9.33440260466692,0.40350066744214,3.66559739533308,0.285161155330004,0.750633437812297,0.598829699115882,FALSE,FALSE,FALSE,0.344864643050761,0.135880178721481,-1.6836112029831,0.422682416289582,0,3.36798163382753,TRUE
Kevin O'Connell,2023,MIN,17,7,8.03400517334061,-1.03400517334061,3.9893112017702,-0.844146224827698,2,4,FALSE,0.0820385595586537,8.18988266644334,-0.155877493102732,-1.18988266644334,-1.14477691774313,0.668428225831701,-0.00459827325576804,FALSE,TRUE,FALSE,0.0105958407426721,-0.186081906436032,3.66559739533308,0.422682416289582,0,-1.48749842794889,TRUE
Kevin O'Connell,2024,MIN,17,14,9.70883047825954,4.29116952174046,3.9062675761762,6.33704429984223,3,4,FALSE,0.0820385595586537,8.19512469933289,1.51370577892664,5.80487530066711,0.328672558461611,-0.853965488417187,0.0170053249142611,FALSE,FALSE,FALSE,0.29144254692907,-0.0753366753975975,-1.18988266644334,0.422682416289582,0,5.50725953916156,TRUE
Kevin O'Connell,2025,MIN,17,9,7.85516874857542,1.14483125142458,3.65821752372458,0.536555982200146,4,4,FALSE,0.0820385595586537,9.12441716789427,-1.26924841931885,-0.124417167894269,0.947635019102687,-0.975852791454735,0,FALSE,FALSE,TRUE,-1.52396418393909,0.777638686524908,5.80487530066711,0.422682416289582,0,-0.422032929399817,TRUE
Kevin Stefanski,2020,CLE,16,11.6875,9.77443912232437,1.91306087767563,3.9341443982963,-2.57777777777719,1,6,FALSE,-1.90399305555593,8.50366034459688,1.27077877772748,3.18383965540312,0.521328818828757,-0.726497141580495,-0.721458497375962,FALSE,FALSE,FALSE,0.738011867193925,0.402784923240983,-1.92603320908696,-0.741077664995894,0,4.04998397518304,TRUE
Kevin Stefanski,2021,CLE,17,8,9.33669166813602,-1.33669166813602,3.68296120014205,-1.16864570241593,2,6,FALSE,-1.90399305555593,8.99465097737107,0.342040690764948,-0.994650977371073,1.03284203234941,-0.669524662250681,0.524572029101346,FALSE,FALSE,FALSE,-0.489519116692603,0.157811355775445,3.18383965540312,-0.741077664995894,0,-0.128506657591146,TRUE
Kevin Stefanski,2022,CLE,17,7,8.25615203941828,-1.25615203941828,3.91728807344713,-0.322883772855964,3,6,FALSE,-1.90399305555593,8.75024138433363,-0.494089344915354,-1.75024138433363,1.70726354035236,-0.9257333984492,-0.886484995267684,FALSE,FALSE,FALSE,-0.0323072439689873,0.367782350406145,-0.994650977371073,-0.741077664995894,0,-0.884097064553707,TRUE
Kevin Stefanski,2023,CLE,17,11,8.63661489160747,2.36338510839254,3.76875688023438,3.59282259875824,4,6,FALSE,-1.90399305555593,9.23991214771813,-0.603297256110665,1.76008785228187,1.86563586652419,-0.96896184674828,-1.0836242086494,FALSE,FALSE,FALSE,-1.28667895826069,0.949997101278705,-1.75024138433363,-0.741077664995894,0,2.6262321720618,TRUE
Kevin Stefanski,2024,CLE,17,3,6.39749182011633,-3.39749182011633,3.56952801045463,-9.39433130951894,5,6,FALSE,-1.90399305555593,9.06807662174483,-2.6705848016285,-6.06807662174483,1.07280550194008,-1.10025020607982,-0.786865029288931,FALSE,FALSE,FALSE,-2.07710510677039,1.10286095488058,1.76008785228187,-0.741077664995894,0,-5.2019323019649,TRUE
Kevin Stefanski,2025,CLE,17,5,5.56362465016698,-0.563624650166982,3.39967840450148,-7.15746977879634,6,6,FALSE,-1.90399305555593,8.27654797417629,-2.7129233240093,-3.27654797417629,0.710123206991577,-1.16383576544602,0,FALSE,FALSE,TRUE,-2.27711799180338,0.00355735904173927,-6.06807662174483,-0.741077664995894,0,-2.41040365439636,TRUE
Kliff Kingsbury,2019,ARI,16,5.84375,5.4764006345227,0.367349365477299,3.69923827211805,-3.22656250000058,1,4,FALSE,-11.4989583333333,6.46877592596307,-0.992375291440365,-0.625025925963066,-1.79237010499165,-0.603040142236385,0,FALSE,FALSE,TRUE,-0.407806631344244,-1.20996888903951,-3.64289566952096,-0.219011617415628,0,-0.280947653763405,TRUE
Kliff Kingsbury,2020,ARI,16,8.5,9.55523252551088,-1.05523252551088,4.08025563184336,2.56527777777766,2,4,FALSE,-11.4989583333333,7.80356963601176,1.75166288949912,0.69643036398824,0.158836602808006,-0.712667332817511,-0.498676111597281,FALSE,FALSE,FALSE,-0.147513775013991,-0.353175049997211,-0.625025925963066,-0.219011617415628,0,1.0405086361879,TRUE
Kliff Kingsbury,2021,ARI,17,11,10.2094660319187,0.790533968081295,3.45821737436475,5.01957056160683,3,4,FALSE,-11.4989583333333,8.56219347791508,1.64727255400363,2.43780652208493,0.0129010393460245,-0.656460766401887,-0.398664077187236,FALSE,FALSE,FALSE,0.805844667913,0.603992859654637,0.69643036398824,-0.219011617415628,0,2.78188479428459,TRUE
Kliff Kingsbury,2022,ARI,17,4,6.34214146628328,-2.34214146628328,3.69577622059286,-6.0100539557206,4,4,FALSE,-11.4989583333333,9.66519883054455,-3.32305736426127,-5.66519883054455,0.156776912237708,1.35917756330449,0.66280026335682,FALSE,FALSE,FALSE,-1.05864290710502,0.232506083590092,2.43780652208493,-0.219011617415628,0,-5.32112055834489,TRUE
Kyle Shanahan,2017,SF,16,6.375,6.22160581787757,0.153394182122427,3.73883053225743,-2.85295138888841,1,9,FALSE,-11.2124999999997,4.90223488762103,1.31937093025654,1.47276511237897,-2.42046824245493,-1.25514295983074,0,FALSE,FALSE,TRUE,-0.259160486258716,-2.37621958020183,-5.06657156606621,-0.105524954629456,0,1.70335672179246,TRUE
Kyle Shanahan,2018,SF,16,4.25,6.5366269957679,-2.2866269957679,3.8051868106612,-5.53611111111105,2,9,FALSE,-11.2124999999997,7.29633534698544,-0.759708351217546,-3.04633534698544,-0.339341069026507,-1.61597627101894,0,FALSE,FALSE,TRUE,-0.345319690464277,-0.386321258062191,1.47276511237897,-0.105524954629456,0,-2.81574373757195,TRUE
Kyle Shanahan,2019,SF,16,13.8125,10.695219148705,3.11728085129505,3.78135537444949,10.969618055555,3,9,FALSE,-11.2124999999997,9.6400194647082,1.05519968399675,4.1724805352918,0.683035748187626,0.997656272179089,-0.622641928874441,FALSE,FALSE,FALSE,1.03057952048711,0.731925909337098,-3.04633534698544,-0.105524954629456,0,4.40307214470529,TRUE
Kyle Shanahan,2020,SF,16,6.375,8.60181222935606,-2.22681222935606,3.87728139975627,0.844444444444326,4,9,FALSE,-11.2124999999997,9.31686269388355,-0.71505046452749,-2.94186269388355,-0.0224095052023701,-1.30734910962582,0,FALSE,FALSE,TRUE,-0.146509091289347,1.57452288176017,4.1724805352918,-0.105524954629456,0,-2.71127108447006,TRUE
Kyle Shanahan,2021,SF,17,10,10.4955246389221,-0.495524638922063,3.65677722000751,3.59737990504117,5,9,FALSE,-11.2124999999997,10.9394479260503,-0.443923287128225,-0.939447926050288,1.13807403956404,0.75443998526784,0.457007797565197,FALSE,FALSE,FALSE,1.08349990668434,1.65860368700544,-2.94186269388355,-0.105524954629456,0,-0.708856316636798,TRUE
Kyle Shanahan,2022,SF,17,13,11.5546968626669,1.44530313733312,3.47293015802496,8.09718449346979,6,9,FALSE,-11.2124999999997,10.0480457305928,1.50665113207409,2.9519542694072,0.857952393741786,-0.787949822866064,1.17369890382319,FALSE,FALSE,FALSE,1.39846636609753,1.2180903132499,-0.939447926050288,-0.105524954629456,0,3.18254587882069,TRUE
Kyle Shanahan,2023,SF,17,12,12.6684374395843,-0.668437439584299,3.02570966769228,11.4836671490199,7,9,FALSE,-11.2124999999997,10.6652012208557,2.00323621872857,1.33479877914427,1.57993764095225,-1.03114121659309,1.18326959186544,FALSE,FALSE,FALSE,2.15564830572058,1.67473715792431,2.9519542694072,-0.105524954629456,0,1.56539038855776,TRUE
Kyle Shanahan,2024,SF,17,6,9.89985018585489,-3.8998501858549,3.71084937756009,-0.974452869264424,8,9,FALSE,-11.2124999999997,10.9323832883434,-1.03253310248852,-4.93238328834342,2.11592043163757,-1.2287465805125,1.29506155596356,FALSE,FALSE,FALSE,0.608117835521709,1.80977953304749,1.33479877914427,-0.105524954629456,0,-4.70179167892993,TRUE
Kyle Shanahan,2025,SF,17,12,9.45575110767009,2.54424889232991,3.78497365154005,5.76802904228124,9,9,FALSE,-11.2124999999997,8.74366823762893,0.712082870041156,3.25633176237107,1.26233817014991,-1.06431536745063,-0.662899587389004,FALSE,FALSE,FALSE,0.942015359765851,0.549967707853392,-4.93238328834342,-0.105524954629456,0,3.48692337178456,TRUE
Lane Kiffin,2007,LV,16,4.25,5.90993873375717,-1.65993873375717,3.65347871189243,-5.9776041666675,1,1,FALSE,-9.60225694444382,,,,,,,,,,,,,,,,FALSE
Leslie Frazier,2011,MIN,16,3.1875,6.51717095433187,-3.32967095433187,3.79843006757897,-5.72621527777772,1,3,FALSE,-1.59479166666824,,,,,,,,,,,,,,,,FALSE
Leslie Frazier,2012,MIN,16,10.625,7.87659714857936,2.74840285142064,4.04575448299888,3.35321179322249,2,3,FALSE,-1.59479166666824,7.3515277366354,0.525069411943964,3.2734722633646,0.2382339108571,-1.24228734305613,-1.64334865855398,FALSE,FALSE,FALSE,-0.357437110880476,,,0.422682416289582,0,2.97585650185905,TRUE
Leslie Frazier,2013,MIN,16,5.84375,6.28305490100607,-0.439304901006067,3.80558028876632,-6.61597222222096,3,3,FALSE,-1.59479166666824,7.89872232621148,-1.61566742520542,-2.05497232621148,0.872255083548771,-0.744677439134807,-1.57483407771014,FALSE,FALSE,FALSE,-0.905872902427869,,3.2734722633646,0.422682416289582,0,-2.35258808771703,TRUE
Liam Coen,2025,JAX,17,13,9.15128316624742,3.84871683375258,3.78412422755468,8.94193458662878,1,1,FALSE,-7.7264416374402,7.47969472906276,1.67158843718466,5.52030527093724,0.401357851247133,1.16936467644576,-0.436448079286873,FALSE,FALSE,FALSE,0.316806027204197,-1.79504337246327,-4.52585988140383,-0.66090303484902,0,6.3062749605703,TRUE
Lovie Smith,2004,CHI,16,5.3125,6.00727293829813,-0.69477293829813,3.74069009318915,-8.23559027777776,1,9,FALSE,-3.54079861634332,,,,,,,,,,,,,,,,FALSE
Lovie Smith,2005,CHI,16,11.6875,8.55131241140375,3.13618758859625,4.08475510916292,1.39270833333422,2,9,FALSE,-3.54079861634332,,,,,,,,,,,,,,,,FALSE
Lovie Smith,2006,CHI,16,13.8125,11.8614903503452,1.95100964965478,3.42845540142893,7.899652777778,3,9,FALSE,-3.54079861634332,,,,,,,,,,,,,,,,FALSE
Lovie Smith,2007,CHI,16,7.4375,8.08953039098163,-0.652030390981627,3.90710467459847,1.22361111110978,4,9,FALSE,-3.54079861634332,,,,,,,,,,,,,,,,FALSE
Lovie Smith,2008,CHI,16,9.5625,9.07096679422678,0.491533205773223,3.98331124965668,2.10486111111031,5,9,FALSE,-3.54079861634332,,,,,,,,,,,,,,,,FALSE
Lovie Smith,2009,CHI,16,7.4375,8.00899760619132,-0.571497606191318,3.7450023649434,-3.88819444444326,6,9,FALSE,-3.54079861634332,,,,,,,,,,,,,,,,FALSE
Lovie Smith,2010,CHI,16,11.6875,8.39227724768208,3.29522275231792,4.06270283291608,4.11180555555398,7,9,FALSE,-3.54079861634332,,,,,,,,,,,,,,,,FALSE
Lovie Smith,2011,CHI,16,8.5,7.95600494289888,0.543995057101118,3.94719120140099,1.65468750000006,8,9,FALSE,-3.54079861634332,,,,,,,,,,,,,,,,FALSE
Lovie Smith,2012,CHI,16,10.625,10.1776202348307,0.447379765169275,3.95074538196699,6.9455729043336,9,9,FALSE,-3.54079861634332,8.56038337170742,1.6172368631233,2.06461662829258,-0.668649080658401,1.12476470290598,-0.405989526419627,FALSE,TRUE,FALSE,-0.566171066613174,,,-0.175711010662426,0,2.36539429373904,TRUE
Lovie Smith,2014,TB,16,2.125,5.88956631322938,-3.76456631322938,3.69649929817043,-9.78281249999931,1,2,FALSE,-2.67274305555647,8.84687416902733,-2.95730785579795,-6.72187416902733,-0.458304685374654,-0.689796675754589,1.98299108215956,FALSE,FALSE,FALSE,-0.903123771693057,,-3.90434749231567,-0.314137271243823,0,-6.28267024299947,TRUE
Lovie Smith,2015,TB,16,6.375,7.15772409621475,-0.782724096214749,4.02840149034701,-7.71171867413296,2,2,FALSE,-2.67274305555647,7.60964366904238,-0.451919572827632,-1.23464366904238,-1.25430231190268,-0.803998651461119,0,FALSE,FALSE,TRUE,0.403663579329549,,-6.72187416902733,-0.314137271243823,0,-0.795439743014524,TRUE
Lovie Smith,2022,HOU,17,3.5,4.71072798807066,-1.21072798807066,3.17718017326692,-8.72430408790397,1,1,FALSE,-9.54610404156772,5.08748529274747,-0.376757304676808,-1.58748529274747,-1.52703181447279,-1.09796286792812,-0.967301552162245,FALSE,FALSE,FALSE,-1.73840159740684,-2.18314153812513,-1.85324493826143,0.213815975175525,0,-1.67623461313896,TRUE
Marc Trestman,2013,CHI,16,8.5,8.68407065141264,-0.184070651412638,4.17742790317768,-4.13020833333208,1,2,FALSE,6.9455729043336,7.96405992663892,0.720010724773714,0.535940073361076,-1.44941078369132,0.967828237845034,-0.928199051812645,FALSE,TRUE,FALSE,0.913538134173677,,2.06461662829258,-0.175711010662426,0,0.836717738807536,TRUE
Marc Trestman,2014,CHI,16,5.3125,6.93931589082078,-1.62681589082078,3.93322682256745,-6.71232638888909,2,2,FALSE,6.9455729043336,8.33515871194949,-1.39584282112871,-3.02265871194949,-0.926144142289697,0.874085638381562,-0.444468497018563,FALSE,FALSE,FALSE,-0.795275461079465,,0.535940073361076,-0.175711010662426,0,-2.72188104650303,TRUE
Marty Mornhinweg,2001,DET,16,2.125,5.49170957974952,-3.36670957974952,3.67853800145263,-7.20508009103403,1,2,FALSE,1.41253094917464,,,,,,,,,,,,,,,,FALSE
Marty Mornhinweg,2002,DET,16,3.1875,5.48218228444975,-2.29468228444975,3.68479954924815,-9.17274305555604,2,2,FALSE,1.41253094917464,,,,,,,,,,,,,,,,FALSE
Marty Schottenheimer,2001,WAS,16,8.5,6.53263762824667,1.96736237175333,3.84237587162393,-3.65099519114504,1,1,FALSE,0.973096927199703,,,,,,,,,,,,,,,,FALSE
Marty Schottenheimer,2002,LAC,16,8.5,7.93397486443447,0.566025135565534,3.99115841090636,-0.720659722222662,1,5,FALSE,-0.270721468568547,,,,,,,,,,,,,,,,FALSE
Marty Schottenheimer,2003,LAC,16,4.25,6.34479563926256,-2.09479563926256,3.98124895682074,-6.80364583856554,2,5,FALSE,-0.270721468568547,,,,,,,,,,,,,,,,FALSE
Marty Schottenheimer,2004,LAC,16,12.75,7.94269926420915,4.80730073579085,3.94633273698135,9.12170138888913,3,5,FALSE,-0.270721468568547,,,,,,,,,,,,,,,,FALSE
Marty Schottenheimer,2005,LAC,16,9.5625,10.0126463401012,-0.450146340101213,3.80700262135755,9.94253472222142,4,5,FALSE,-0.270721468568547,,,,,,,,,,,,,,,,FALSE
Marty Schottenheimer,2006,LAC,16,14.875,12.0323143125387,2.84268568746127,3.38231702973761,10.1970486111117,5,5,FALSE,-0.270721468568547,,,,,,,,,,,,,,,,FALSE
Marvin Lewis,2003,CIN,16,8.5,7.19991792539231,1.30008207460769,3.91235174492255,-2.40086806078777,1,16,FALSE,-10.5036458333329,,,,,,,,,,,,,,,,FALSE
Marvin Lewis,2004,CIN,16,8.5,7.43670466051812,1.06329533948188,3.99060383318737,2.6661458333331,2,16,FALSE,-10.5036458333329,,,,,,,,,,,,,,,,FALSE
Marvin Lewis,2005,CIN,16,11.6875,10.4275794920391,1.25992050796086,3.69602848321801,3.8187500000008,3,16,FALSE,-10.5036458333329,,,,,,,,,,,,,,,,FALSE
Marvin Lewis,2006,CIN,16,8.5,9.69007151632567,-1.19007151632567,4.06504426052275,4.08038194444465,4,16,FALSE,-10.5036458333329,,,,,,,,,,,,,,,,FALSE
Marvin Lewis,2007,CIN,16,7.4375,9.01368055286903,-1.57618055286903,4.00172601265765,-2.38402777777694,5,16,FALSE,-10.5036458333329,,,,,,,,,,,,,,,,FALSE
Marvin Lewis,2008,CIN,16,4.78125,5.1187134888995,-0.337463488899499,3.32072279396,-6.97256944444515,6,16,FALSE,-10.5036458333329,,,,,,,,,,,,,,,,FALSE
Marvin Lewis,2009,CIN,16,10.625,8.65016591143191,1.97483408856809,3.45684241800321,0.663888888889742,7,16,FALSE,-10.5036458333329,,,,,,,,,,,,,,,,FALSE
Marvin Lewis,2010,CIN,16,4.25,6.74512015237411,-2.49512015237411,3.84024743945841,-1.42187500000055,8,16,FALSE,-10.5036458333329,,,,,,,,,,,,,,,,FALSE
Marvin Lewis,2011,CIN,16,9.5625,8.24736703856543,1.31513296143457,4.11368448725627,0.461458333333384,9,16,FALSE,-10.5036458333329,,,,,,,,,,,,,,,,FALSE
Marvin Lewis,2012,CIN,16,10.625,8.90706952620633,1.71793047379367,4.10802719389068,2.08463542899973,10,16,FALSE,-10.5036458333329,7.4111119826486,1.49595754355773,3.2138880173514,-0.56473540454725,-1.44811795574849,-0.473442276732174,FALSE,FALSE,FALSE,-0.329040321555702,,,0.0419180477285476,0,3.29703662440689,TRUE
Marvin Lewis,2013,CIN,16,11.6875,10.0513939088838,1.63610609111617,4.07873861739663,5.34965277777867,11,16,FALSE,-10.5036458333329,7.80865462488609,2.24273928399774,3.87884537511392,-0.0146734500036238,-1.05163600387648,-0.567298424819401,FALSE,FALSE,FALSE,0.367310240862179,,3.2138880173514,0.0419180477285476,0,3.9619939821694,TRUE
Marvin Lewis,2014,CIN,16,11.15625,9.17819184043126,1.97805815956874,3.99187216050124,0.728993055556563,12,16,FALSE,-10.5036458333329,9.05930078191354,0.118891058517713,2.09694921808646,0.5282263433375,0.618757913624639,0.0887891438760598,FALSE,FALSE,FALSE,-0.56110711202455,,3.87884537511392,0.0419180477285476,0,2.18009782514194,TRUE
Marvin Lewis,2015,CIN,16,12.75,10.6241435103215,2.12585648967848,3.79669395580292,10.6471353407996,13,16,FALSE,-10.5036458333329,8.99386492754678,1.63027858277475,3.75613507245322,1.14529292193937,0.466517736032995,-0.48968274654407,FALSE,FALSE,FALSE,1.64437894037792,,2.09694921808646,0.0419180477285476,0,3.83928367950871,TRUE
Marvin Lewis,2016,CIN,16,6.90625,8.9188305090616,-2.0125805090616,4.12299154445202,1.04427083333349,14,16,FALSE,-10.5036458333329,9.57083203898269,-0.652001529921096,-2.66458203898269,0.18979981984584,0.343603376574547,1.97124334090823,FALSE,FALSE,FALSE,0.309836943451289,,3.75613507245322,0.0419180477285476,0,-2.58143343192721,TRUE
Marvin Lewis,2017,CIN,16,7.4375,8.03935009407968,-0.601850094079678,3.80261425195879,-4.97934027777773,15,16,FALSE,-10.5036458333329,9.32096959785403,-1.28161950377435,-1.88346959785403,0.657118434331232,0.585800082089198,0.430136425406657,FALSE,FALSE,FALSE,-0.770039881992972,0.0808984161753696,-2.66458203898269,0.0419180477285476,0,-1.80032099079855,TRUE
Marvin Lewis,2018,CIN,16,6.375,6.82596881525631,-0.45096881525631,3.78981822498691,-3.41354166666742,16,16,FALSE,-10.5036458333329,8.00786688645903,-1.18189807120272,-1.63286688645903,0.71359583797506,0.367700830192506,-1.23548265338898,FALSE,FALSE,FALSE,-0.182885158470747,-0.517139038570024,-1.88346959785403,0.0419180477285476,0,-1.54971827940354,TRUE
Matt Eberflus,2022,CHI,17,3,5.53479775712954,-2.53479775712954,3.45006791365457,-6.2228385490722,1,3,FALSE,-5.3673616929666,4.4896131616806,1.04518459544894,-1.4896131616806,-2.53929219270051,-0.879805539921488,-1.72276767357112,FALSE,FALSE,FALSE,-1.02989825506901,-2.12516599520397,-1.72931415725714,-0.175711010662426,0,-1.18883549623414,TRUE
Matt Eberflus,2023,CHI,17,7,6.69491826919713,0.305081730802874,3.72750112955195,-2.29519487083552,2,3,FALSE,-5.3673616929666,6.71679644738669,-0.0218781781895645,0.283203552613309,-0.53105480355155,-0.803150193828788,-1.46322408640651,FALSE,FALSE,FALSE,-0.517240310748106,-0.714946272096338,-1.4896131616806,-0.175711010662426,0,0.583981218059769,TRUE
Matt Eberflus,2024,CHI,17,5,7.0701611232898,-2.0701611232898,3.74214202323108,-2.12773271020802,3,3,FALSE,-5.3673616929666,7.54672411217851,-0.476562988888709,-2.54672411217851,-0.8938315629673,-0.853965488417187,0,FALSE,FALSE,TRUE,-0.88173654887199,-0.220345614508761,0.283203552613309,-0.175711010662426,0,-2.24594644673205,TRUE
Matt LaFleur,2019,GB,16,13.8125,10.4789816179824,3.33351838201762,3.83951057520746,3.19895833333392,1,7,FALSE,-2.73541666666603,9.70737472364698,0.771606894335399,4.10512527635302,0.905285809308985,1.50157921745804,-0.019731993165011,FALSE,FALSE,FALSE,0.444631259697241,0.137468317997318,-3.61545925233455,0.298740475764415,0,3.93145145537264,TRUE
Matt LaFleur,2020,GB,16,13.8125,11.177575648671,2.634924351329,3.76315101490582,7.65260416666678,2,7,FALSE,-2.73541666666603,10.1288812973894,1.04869435128161,3.68361870261061,0.757736785798813,1.25116551152619,0.198633072888584,FALSE,FALSE,FALSE,2.06191392415991,0.686269913205302,4.10512527635302,0.298740475764415,0,3.50994488163022,TRUE
Matt LaFleur,2021,GB,17,13,10.6274975003303,2.37250249966966,3.4141661200858,4.27623047875057,3,7,FALSE,-2.73541666666603,11.3417541855843,-0.714256685253963,1.65824581441569,0.620008773276607,1.19861244412683,1.82665826591036,FALSE,FALSE,FALSE,1.4237210661847,1.47607488996396,3.68361870261061,0.298740475764415,0,1.48457199343531,TRUE
Matt LaFleur,2022,GB,17,8,9.81570279787588,-1.81570279787588,3.56578035803969,0.557778909322289,4,7,FALSE,-2.73541666666603,11.3867913759343,-1.5710885780584,-3.38679137593427,0.867828104748886,1.58881685594305,1.39505264287142,FALSE,FALSE,FALSE,-0.122487199726987,1.41134212298712,1.65824581441569,0.298740475764415,0,-3.56046519691466,TRUE
Matt LaFleur,2023,GB,17,9,8.06536573411434,0.934634265885661,3.99070051942425,0.918100774055608,5,7,FALSE,-2.73541666666603,8.27762241561662,-0.212256681502284,0.722377584383377,-0.292972948908265,-0.450800431374868,0.949658867204796,FALSE,FALSE,FALSE,1.03310455152718,-0.381957597421333,-3.38679137593427,0.298740475764415,0,0.548703763402995,TRUE
Matt LaFleur,2024,GB,17,11,10.0095373977534,0.990462602246621,3.77248020541561,8.28997824037825,6,7,FALSE,-2.73541666666603,8.65229349910124,1.35724389865213,2.34770650089876,-0.415460385016856,1.03064800326212,0.634474086442852,FALSE,FALSE,FALSE,0.776258515982903,-0.474111257953287,0.722377584383377,0.298740475764415,0,2.17403267991837,TRUE
Matt LaFleur,2025,GB,17,9.5,10.6431394987472,-1.14313949874715,3.46271660589595,0.78072299783387,7,7,FALSE,-2.73541666666603,9.70173116212464,0.941408336622512,-0.201731162124638,1.16733344530546,1.16936467644576,0.416770212040494,FALSE,FALSE,FALSE,1.64273162793767,0.00355735904173927,2.34770650089876,0.298740475764415,0,-0.37540498310502,TRUE
Matt Nagy,2018,CHI,16,12.75,10.2454244838073,2.50457551619274,3.87423629902687,6.28298611111175,1,4,FALSE,-1.28767361111136,7.39152346179151,2.85390102201575,5.35847653820849,1.08332940837256,-0.937796065476564,-1.84441926476614,FALSE,FALSE,FALSE,0.460103626923526,-0.429927184898135,-3.09675108658877,-0.175711010662426,0,5.65925420365495,TRUE
Matt Nagy,2019,CHI,16,8.5,9.36964935303847,-0.86964935303847,4.0306436951919,-0.893749999999416,2,4,FALSE,-1.28767361111136,9.58963298916212,-0.219983636123651,-1.08963298916212,0.905285809308985,-0.662325194622144,0.215532511480367,FALSE,FALSE,FALSE,-0.75585916013337,1.02915470500698,5.35847653820849,-0.175711010662426,0,-0.788855323715661,TRUE
Matt Nagy,2020,CHI,16,8.5,7.21105204654531,1.2889479534547,4.05118550589104,0.238368055555673,3,4,FALSE,-1.28767361111136,7.87072153357887,-0.659669487033564,0.629278466421131,1.1123487362539,-0.809475994158398,-1.57742918820298,FALSE,FALSE,FALSE,-0.744623055437531,-0.164185056687661,-1.08963298916212,-0.175711010662426,0,0.930056131867591,TRUE
Matt Nagy,2021,CHI,17,6,5.97167004951039,0.0283299504896117,3.43269519784908,-5.3673616929666,4,4,FALSE,-1.28767361111136,7.72931415725714,-1.75764410774675,-1.72931415725714,-0.254226363583431,-0.930802579226556,0,FALSE,FALSE,TRUE,-1.20810008212078,-0.288370148103741,0.629278466421131,-0.175711010662426,0,-1.42853649181068,TRUE
Matt Patricia,2018,DET,16,6.375,6.93590601292379,-0.560906012923789,3.92941603508591,-3.00868055555492,1,3,FALSE,2.7210069444442,7.92718974211519,-0.991283729191402,-1.55218974211519,0.4644275622724,1.079790046012,-0.125691161682513,FALSE,FALSE,FALSE,-0.529446618881216,-1.4110605387069,1.33141442600595,-0.199838226698292,0,-1.22728486063287,TRUE
Matt Patricia,2019,DET,16,3.71875,6.24983844588876,-2.53108844588876,3.71262080019974,-5.23333333333275,2,3,FALSE,2.7210069444442,7.97842387754813,-1.72858543165937,-4.25967387754813,-0.106335158553754,1.10140511385417,-0.505141280582453,FALSE,FALSE,FALSE,-0.0664258299544567,-0.932555346414281,-1.55218974211519,-0.199838226698292,0,-3.9347689960658,TRUE
Matt Patricia,2020,DET,11,6.18181818181818,7.77300985553218,-1.59119167371399,6.1725546319809,-6.726736111111,3,3,FALSE,2.7210069444442,9.13713354915651,-1.36412369362433,-2.95531536733833,-0.0696910985963813,0.877760674925631,1.15006529274641,FALSE,FALSE,FALSE,-0.0501983174471942,-0.334276050666254,-4.25967387754813,-0.199838226698292,0,-2.630410485856,TRUE
Matt Rhule,2020,CAR,16,5.3125,6.47087196468928,-1.15837196468928,3.95847042559194,-1.07482638888929,1,2,FALSE,-7.02795138888936,8.01205927275462,-1.54118730806534,-2.69955927275462,-0.581908360364835,0.103291384198536,0.324424240245649,FALSE,FALSE,FALSE,-0.227592943280677,-0.57996304196867,-4.47560654706956,-0.0758241225204157,0,-2.49866849545017,TRUE
Matt Rhule,2021,CAR,17,5,7.24691931976633,-2.24691931976633,3.58733646436701,-5.65495522622532,2,2,FALSE,-7.02795138888936,6.05090860067552,1.19601071909081,-1.05090860067552,-0.594206694584558,-0.708716349797062,-2.31801293925678,FALSE,FALSE,FALSE,-1.82687933097618,-1.05904729116779,-2.69955927275462,-0.0758241225204157,0,-0.85001782337107,TRUE
Mike Ditka,1999,NO,16,3.1875,6.20493800558413,-3.01743800558413,3.53525887746056,-12.138089064539,1,1,FALSE,0,,,,,,,,,,,,,,,,FALSE
Mike Holmgren,1999,SEA,16,9.5625,9.89266780097231,-0.330167800972307,3.94942592200453,4.520517964913,1,10,FALSE,0,,,,,,,,,,,,,,,,FALSE
Mike Holmgren,2000,SEA,16,6.375,6.94558467733977,-0.570584677339768,3.94856162959844,-3.73788115107105,2,10,FALSE,0,,,,,,,,,,,,,,,,FALSE
Mike Holmgren,2001,SEA,16,9.5625,7.78392179376832,1.77857820623168,4.08866417640827,-1.87461483116797,3,10,FALSE,0,,,,,,,,,,,,,,,,FALSE
Mike Holmgren,2002,SEA,16,7.4375,6.77174318869941,0.665756811300587,4.0244655643954,-1.25121527777784,4,10,FALSE,0,,,,,,,,,,,,,,,,FALSE
Mike Holmgren,2003,SEA,16,10.625,10.363064513912,0.261935486088012,3.83197385835904,4.0814236058789,5,10,FALSE,0,,,,,,,,,,,,,,,,FALSE
Mike Holmgren,2004,SEA,16,9.5625,10.7272567764418,-1.16475677644185,3.72395070214646,-2.89253472222224,6,10,FALSE,0,,,,,,,,,,,,,,,,FALSE
Mike Holmgren,2005,SEA,16,13.8125,10.7935599569705,3.01894004302952,3.74435685599196,9.11371527777737,7,10,FALSE,0,,,,,,,,,,,,,,,,FALSE
Mike Holmgren,2006,SEA,16,9.5625,9.97877006282665,-0.41627006282665,3.92801435440233,-3.56944444444382,8,10,FALSE,0,,,,,,,,,,,,,,,,FALSE
Mike Holmgren,2007,SEA,16,10.625,10.7662865254198,-0.14128652541984,3.83258220009777,1.755729166668,9,10,FALSE,0,,,,,,,,,,,,,,,,FALSE
Mike Holmgren,2008,SEA,16,4.25,6.51389513934408,-2.26389513934408,3.73815230489062,-7.63541666666587,10,10,FALSE,0,,,,,,,,,,,,,,,,FALSE
Mike Macdonald,2024,SEA,17,10,8.48729138632497,1.51270861367503,3.90923712239977,1.44037212375623,1,2,FALSE,-1.24252282864626,8.06527124861446,0.422020137710508,1.93472875138554,-0.468612738122461,-0.082987241821106,0.306890810830868,FALSE,FALSE,FALSE,-0.355700151527858,-0.383480671008817,-0.0736092984923165,0.849384613109477,0,1.21041079306009,TRUE
Mike Macdonald,2025,SEA,17,14,10.7777634370136,3.22223656298637,3.55703082683801,12.6421566246375,2,2,FALSE,-1.24252282864626,7.40041031899457,3.37735311801906,6.59958968100543,-1.54623900806397,0.118871586494486,0.00981840646241328,FALSE,FALSE,FALSE,0.603701023908697,-0.588387185504209,1.93472875138554,0.849384613109477,0,5.87527172267999,TRUE
Mike Martz,2000,LA,16,10.625,12.7299112957849,-2.10491129578489,3.13815846251387,3.14316408274895,1,5,FALSE,11.8668177795889,,,,,,,,,,,,,,,,FALSE
Mike Martz,2001,LA,16,14.875,13.3704525196343,1.50454748036575,2.911062066054,13.3526438883606,2,5,FALSE,11.8668177795889,,,,,,,,,,,,,,,,FALSE
Mike Martz,2002,LA,16,7.4375,10.3020934637396,-2.86459346373963,3.69542581492724,-3.33524305555562,3,5,FALSE,11.8668177795889,,,,,,,,,,,,,,,,FALSE
Mike Martz,2003,LA,16,12.75,11.4954276640271,1.25457233597291,3.69730404560278,5.86059027254557,4,5,FALSE,11.8668177795889,,,,,,,,,,,,,,,,FALSE
Mike Martz,2004,LA,16,8.5,9.19143838528407,-0.691438385284068,3.85230026525069,-5.98628472222224,5,5,FALSE,11.8668177795889,,,,,,,,,,,,,,,,FALSE
Mike McCarthy,2006,GB,16,8.5,6.88008731454842,1.61991268545158,3.9494766871892,-4.41805555555534,1,13,FALSE,-3.72048611111023,,,,,,,,,,,,,,,,FALSE
Mike McCarthy,2007,GB,16,13.8125,9.61949735560201,4.19300264439799,3.90764537225035,9.00138888888756,2,13,FALSE,-3.72048611111023,,,,,,,,,,,,,,,,FALSE
Mike McCarthy,2008,GB,16,6.375,9.15274036854681,-2.77774036854681,4.18220231581152,2.89340277777698,3,13,FALSE,-3.72048611111023,,,,,,,,,,,,,,,,FALSE
Mike McCarthy,2009,GB,16,11.6875,11.1185590709674,0.568940929032603,3.55333513462743,7.3611111111123,4,13,FALSE,-3.72048611111023,,,,,,,,,,,,,,,,FALSE
Mike McCarthy,2010,GB,16,10.625,10.4668759410404,0.158124058959647,3.57193068432743,10.9385416666651,5,13,FALSE,-3.72048611111023,,,,,,,,,,,,,,,,FALSE
Mike McCarthy,2011,GB,16,15.9375,12.7229803848217,3.21451961517835,3.00820776626631,11.3557291666667,6,13,FALSE,-3.72048611111023,,,,,,,,,,,,,,,,FALSE
Mike McCarthy,2012,GB,16,11.6875,11.3777590787177,0.309740921282298,3.71605248094871,7.25598957100027,7,13,FALSE,-3.72048611111023,9.59716468181445,1.78059439690325,2.09033531818555,-0.262441074042083,0.589605109905851,2.22434392983574,FALSE,FALSE,FALSE,1.14512850306874,,,0.298740475764415,0,1.91666149720517,TRUE
Mike McCarthy,2013,GB,16,9.03125,9.7950747001347,-0.763824700134697,3.87127584616962,-3.10902777777652,8,13,FALSE,-3.72048611111023,10.1648921123281,-0.369817412193406,-1.1336421123281,1.17659330584616,1.66252393699723,0.91384133555421,FALSE,FALSE,FALSE,0.383564280226565,,2.09033531818555,0.298740475764415,0,-1.30731593330848,TRUE
Mike McCarthy,2014,GB,16,12.75,11.1556432308606,1.59435676913938,3.68287519935076,8.28975694444424,9,13,FALSE,-3.72048611111023,10.3663214109556,0.789321819905007,2.38367858904439,1.13845172192234,1.56027889866579,1.56786021522393,FALSE,FALSE,FALSE,2.20114342614412,,-1.1336421123281,0.298740475764415,0,2.21000476806401,TRUE
Mike McCarthy,2015,GB,16,10.625,11.0565074093826,-0.431507409382586,3.83900253631522,5.29592006302185,10,13,FALSE,-3.72048611111023,10.3867153785132,0.669792030869436,0.23828462148685,1.40080537739477,1.45283966842974,1.50158721337541,FALSE,FALSE,FALSE,-0.283095837528166,,2.38367858904439,0.298740475764415,0,0.0646108005064679,TRUE
Mike McCarthy,2016,GB,16,10.625,10.26616953738,0.358830462620032,4.01043097821622,2.83368055555529,11,13,FALSE,-3.72048611111023,9.30435833728439,0.961811200095573,1.32064166271561,1.42493410966616,1.35407561173459,-0.98989042572882,FALSE,FALSE,FALSE,1.32411252716373,,0.23828462148685,0.298740475764415,0,1.14696784173522,TRUE
Mike McCarthy,2017,GB,16,7.4375,7.64118277155714,-0.203682771557141,3.93548925575859,-1.90295138888914,12,13,FALSE,-3.72048611111023,7.09101372149316,0.550169050063976,0.346486278506836,1.108020668372,-1.27115116019526,-3.7692352305555,FALSE,FALSE,FALSE,-0.484858759222148,0.300283951566194,1.32064166271561,0.298740475764415,0,0.172812457526454,TRUE
Mike McCarthy,2018,GB,12,6.375,9.69312063283807,-3.31812063283807,4.82940776054031,-1.75743634259193,13,13,FALSE,-3.72048611111023,9.99045925233455,-0.297338619496484,-3.61545925233455,0.327786894951585,1.5375616847531,0.0779661266204279,FALSE,FALSE,FALSE,0.195817674926833,0.725629876254414,0.346486278506836,0.298740475764415,0,-3.78913307331493,TRUE
Mike McCarthy,2020,DAL,16,6.375,7.5774355788574,-1.2024355788574,3.90800314130428,-5.11840277777738,1,5,FALSE,5.29270833333381,9.00488893753301,-1.42745335867561,-2.62988893753301,1.23055271973892,-1.15522121323299,-0.781119758671575,FALSE,FALSE,FALSE,-0.803570584185114,0.894158905845803,-0.662624958038768,0.181363887290113,0,-2.68618617003909,TRUE
Mike McCarthy,2021,DAL,17,12,10.8224285100268,1.1775714899732,3.38790750368289,9.76306832728207,2,5,FALSE,5.29270833333381,9.74669863563649,1.07572987439031,2.25330136436351,0.539061075419196,1.59052931959064,0.252981197685585,FALSE,FALSE,FALSE,1.18154081036265,0.218654288122609,-2.62988893753301,0.181363887290113,0,2.19700413185743,TRUE
Mike McCarthy,2022,DAL,17,12,10.5344805576336,1.4655194423664,3.28835992434044,6.73372909566416,3,5,FALSE,5.29270833333381,9.77109618972402,0.763384367909575,2.22890381027598,-0.56414999128057,1.33621363404063,0.995860627165292,FALSE,FALSE,FALSE,0.142537498339197,0.561034160143359,2.25330136436351,0.181363887290113,0,2.1726065777699,TRUE
Mike McCarthy,2023,DAL,17,12,11.4588286135831,0.541171386416917,3.22691671409087,8.91794657435894,4,5,FALSE,5.29270833333381,10.364717226783,1.0941113868001,1.63528277321702,0.363074828331011,1.19695286951258,0.490361875993663,FALSE,FALSE,FALSE,1.48561216857998,1.08711008496841,2.22890381027598,0.181363887290113,0,1.57898554071094,TRUE
Mike McCarthy,2024,DAL,17,7,6.70227137663106,0.297728623368941,3.66364799345666,-6.15644990851335,5,5,FALSE,5.29270833333381,8.69103350428668,-1.98876212765563,-1.69103350428668,0.169215499144797,-1.15379036209344,-0.82741057953515,FALSE,FALSE,FALSE,-1.2211331510065,1.15723930704727,1.63528277321702,0.181363887290113,0,-1.74733073679276,TRUE
Mike McCoy,2013,LAC,16,9.5625,8.52451037433791,1.03798962566209,3.76387901743739,2.65642361111131,1,4,FALSE,-2.34904512655583,8.52875569397218,-0.00424531963427022,1.03374430602782,-0.249448650061611,0.773959670639769,-0.584145932939988,FALSE,FALSE,FALSE,1.82791466633918,,-1.43581127649714,0.0527429171180774,0,1.10606804369378,TRUE
Mike McCoy,2014,LAC,16,9.5625,8.48167475242731,1.08082524757269,3.83907024069551,1.85850694444344,2,4,FALSE,-2.34904512655583,9.27517727049354,-0.793502518066228,0.287322729506464,-0.519327223233138,0.68258984481387,1.5857623132446,FALSE,FALSE,FALSE,0.62182451543901,,1.03374430602782,0.0527429171180774,0,0.35964646717242,TRUE
Mike McCoy,2015,LAC,16,4.25,7.16013657984229,-2.91013657984229,3.91719638400162,-2.64939243697815,3,4,FALSE,-2.34904512655583,9.20097320656673,-2.04083662672444,-4.95097320656673,0.400974029960586,0.884450758235006,0.300865621488947,FALSE,FALSE,FALSE,0.30399404984347,,0.287322729506464,0.0527429171180774,0,-4.87864946890077,TRUE
Mike McCoy,2016,LAC,16,5.3125,8.27093928663189,-2.95843928663189,4.2161653991769,0.0574652777776206,4,4,FALSE,-2.34904512655583,8.75260609152186,-0.481666804889972,-3.44010609152186,-0.300170807520899,0.771769577913547,0.0593684313785547,FALSE,FALSE,FALSE,0.0187637107250797,,-4.95097320656673,0.0527429171180774,0,-3.3677823538559,TRUE
Mike McDaniel,2022,MIA,17,9,9.08507254606129,-0.0850725460612907,3.79234541961468,1.64636526211271,1,4,FALSE,-2.55644899455376,9.17685772726739,-0.0917851812060988,-0.176857727267389,0.640686751585594,-0.742021964338352,0.137178126377414,FALSE,FALSE,FALSE,0.701707848995078,0.792936331828022,2.39118702006564,0.0587168759263221,0,-0.110507948409678,TRUE
Mike McDaniel,2023,MIA,17,11,10.8677575572837,0.132242442716349,3.31673525398009,4.67693167858083,2,4,FALSE,-2.55644899455376,10.1677681270207,0.699989430262994,0.832231872979342,0.791622166688924,-0.678791454139169,1.37034055318642,FALSE,FALSE,FALSE,1.19656874869631,1.20463549955959,-0.176857727267389,0.0587168759263221,0,0.898581651837054,TRUE
Mike McDaniel,2024,MIA,17,8,8.96129082154758,-0.96129082154758,3.91055992250757,-3.21851591270328,3,4,FALSE,-2.55644899455376,10.6997572568124,-1.73846643526482,-2.6997572568124,0.767179471582852,0.955691784843058,0.890577031216953,FALSE,FALSE,FALSE,0.193774434312302,1.24786989399174,0.832231872979342,0.0587168759263221,0,-2.63340747795469,TRUE
Mike McDaniel,2025,MIA,17,7,6.87955115685016,0.120448843149843,3.63819743616858,-6.11949889393238,4,4,FALSE,-2.55644899455376,8.93114160774524,-2.05159045089509,-1.93114160774524,0.140094857924912,1.09195992244935,0.858629135057675,FALSE,FALSE,FALSE,-0.396232261126281,-0.565620087637061,-2.6997572568124,0.0587168759263221,0,-1.86479182888753,TRUE
Mike Mularkey,2004,BUF,16,9.5625,9.07268026301495,0.48981973698505,3.84673869905095,8.05295138888874,1,2,FALSE,-0.986979161434457,,,,,,,,,,,,,,,,FALSE
Mike Mularkey,2005,BUF,16,5.3125,7.24455603749277,-1.93205603749277,4.00105952542396,-5.84739583333349,2,2,FALSE,-0.986979161434457,,,,,,,,,,,,,,,,FALSE
Mike Mularkey,2012,JAX,16,2.125,5.11375086232506,-2.98875086232506,3.57191619887417,-12.9598090401108,1,1,FALSE,-5.63993055555539,7.29983742673034,-2.18608656440528,-5.17483742673034,-1.48106509389104,-1.09820591417148,-0.193220063356823,FALSE,FALSE,FALSE,-1.27084704490188,,,-0.66090303484902,0,-4.38886773709729,TRUE
Mike Mularkey,2016,TEN,16,9.5625,8.40697993543535,1.15552006456465,4.15177850432352,-1.00642361111142,1,2,FALSE,-10.5323783963552,7.24491360914916,1.16206632628619,2.31758639085084,-0.994295862957111,-0.992275171603131,-0.927456016540845,FALSE,FALSE,FALSE,0.207944983937209,,-4.62789375414089,-0.390656462515255,0,2.83330950815013,TRUE
Mike Mularkey,2017,TEN,16,9.5625,9.53699581614226,0.0255041838577395,4.15572885221347,-3.5001736111107,2,2,FALSE,-10.5323783963552,9.04118581503243,0.495810001109831,0.52131418496757,-0.688431089472952,-0.662839546343457,0.498717838433216,FALSE,FALSE,FALSE,-0.885963646414899,1.04619477189499,2.31758639085084,-0.390656462515255,0,1.03703730226686,TRUE
Mike Munchak,2011,TEN,16,9.5625,9.06727537517561,0.495224624824392,4.06954835025753,-0.997916666666503,1,3,FALSE,1.01979166666722,,,,,,,,,,,,,,,,FALSE
Mike Munchak,2012,TEN,16,6.375,6.41498316687446,-0.039983166874463,3.81043362706396,-9.97404515122195,2,3,FALSE,1.01979166666722,8.08967874416681,-1.67469557729235,-1.71467874416681,-0.111293908789499,-1.13937203670996,0.350798948041794,FALSE,FALSE,FALSE,-0.787659958449277,,,-0.390656462515255,0,-1.19895562686752,TRUE
Mike Munchak,2013,TEN,16,7.4375,7.94052368390506,-0.50302368390506,3.81333377982849,-0.773090277778665,3,3,FALSE,1.01979166666722,8.14208748862353,-0.201563804718472,-0.704587488623533,0.37661855009302,-0.809300294869895,-0.429076128349977,FALSE,FALSE,FALSE,0.508227705405444,,-1.71467874416681,-0.390656462515255,0,-0.188864371324244,TRUE
Mike Nolan,2005,SF,16,4.25,3.8992126048878,0.350787395112202,2.97582600017411,-11.1453125000004,1,3,FALSE,-13.6230902777778,,,,,,,,,,,,,,,,FALSE
Mike Nolan,2006,SF,16,7.4375,5.66979889822696,1.76770110177304,3.57402778025531,-8.72048611111048,2,3,FALSE,-13.6230902777778,,,,,,,,,,,,,,,,FALSE
Mike Nolan,2007,SF,16,5.3125,5.48952091396368,-0.177020913963677,3.67049741944027,-11.9342013888876,3,3,FALSE,-13.6230902777778,,,,,,,,,,,,,,,,FALSE
Mike Pettine,2014,CLE,16,7.4375,7.88320814560983,-0.445708145609827,3.97237100378405,-3.91510416666566,1,2,FALSE,-7.68993055555467,6.83298471798454,1.05022342762528,0.604515282015456,-1.88216390207261,-1.16853615967382,-0.855362882612747,FALSE,FALSE,FALSE,-0.702270641243216,,-2.14129645983992,-0.741077664995894,0,1.47065960179538,TRUE
Mike Pettine,2015,CLE,16,3.1875,5.79066864254756,-2.60316864254756,3.5021941743942,-6.14626743697815,2,2,FALSE,-7.68993055555467,7.58320611844395,-1.79253747589639,-4.39570611844395,-0.0433954577879422,-0.987889181230003,-1.08198247567052,FALSE,FALSE,FALSE,-0.978440073727912,,0.604515282015456,-0.741077664995894,0,-3.52956179866402,TRUE
Mike Riley,1999,LAC,16,8.5,6.61659473654134,1.88340526345866,3.92084026640529,-0.986033988232032,1,3,TRUE,0,,,,,,,,,,,,,,,,FALSE
Mike Riley,2000,LAC,16,1.0625,5.28765602890328,-4.22515602890328,3.54526511574452,-8.09362162915813,2,3,FALSE,0,,,,,,,,,,,,,,,,FALSE
Mike Riley,2001,LAC,16,5.3125,8.71155063853729,-3.39905063853729,4.00157772654907,-0.270721468568548,3,3,FALSE,0,,,,,,,,,,,,,,,,FALSE
Mike Shanahan,1999,DEN,16,6.375,8.1710013097289,-1.7960013097289,4.07561874669905,3.39048830457219,1,10,FALSE,0,,,,,,,,,,,,,,,,FALSE
Mike Shanahan,2000,DEN,16,11.6875,10.9186607943568,0.768839205643248,3.67223660115279,5.04451520456286,2,10,FALSE,0,,,,,,,,,,,,,,,,FALSE
Mike Shanahan,2001,DEN,16,8.5,10.7850560358102,-2.28505603581024,3.83394246110312,-0.466713361077646,3,10,FALSE,0,,,,,,,,,,,,,,,,FALSE
Mike Shanahan,2002,DEN,16,9.5625,10.3860944636106,-0.823594463610604,3.89950055832598,4.89010416666623,4,10,FALSE,0,,,,,,,,,,,,,,,,FALSE
Mike Shanahan,2003,DEN,16,10.625,9.99454714221575,0.630452857784253,3.68192637018504,5.46857638365668,5,10,FALSE,0,,,,,,,,,,,,,,,,FALSE
Mike Shanahan,2004,DEN,16,10.625,11.5588556139441,-0.933855613944131,3.71264858202377,5.85920138888913,6,10,FALSE,0,,,,,,,,,,,,,,,,FALSE
Mike Shanahan,2005,DEN,16,13.8125,10.3710353426628,3.44146465733719,3.75966544571534,10.7932291666659,7,10,FALSE,0,,,,,,,,,,,,,,,,FALSE
Mike Shanahan,2006,DEN,16,9.5625,10.2934298081822,-0.730929808182207,3.72466746085417,1.31961805555618,8,10,FALSE,0,,,,,,,,,,,,,,,,FALSE
Mike Shanahan,2007,DEN,16,7.4375,8.51499553707014,-1.07749553707014,4.01884639070531,-3.94774305555639,9,10,FALSE,0,,,,,,,,,,,,,,,,FALSE
Mike Shanahan,2008,DEN,16,8.5,9.1865199765959,-0.686519976595896,3.83537659923454,-5.78888888888817,10,10,FALSE,0,,,,,,,,,,,,,,,,FALSE
Mike Shanahan,2010,WAS,16,6.375,6.40916206021522,-0.0341620602152153,4.05895664288983,-3.8125000000005,1,4,FALSE,-4.56562500000084,,,,,,,,,,,,,,,,FALSE
Mike Shanahan,2011,WAS,16,5.3125,6.99823821183785,-1.68573821183785,4.06596512166462,-4.12187500000017,2,4,FALSE,-4.56562500000084,,,,,,,,,,,,,,,,FALSE
Mike Shanahan,2012,WAS,16,10.625,7.95130944624046,2.67369055375954,4.18876300834576,3.42265626233306,3,4,FALSE,-4.56562500000084,8.06578840972896,-0.114478963488494,2.55921159027104,-0.215207584900651,-0.768876933863711,0,FALSE,FALSE,TRUE,1.32543129586108,,,-0.36658131471183,0,3.05085955976691,TRUE
Mike Shanahan,2013,WAS,16,3.1875,7.01980558984633,-3.83230558984633,4.0695560295301,-9.27951388888797,4,4,FALSE,-4.56562500000084,8.08614486835266,-1.06633927850633,-4.89864486835266,-1.49288767259095,-0.518497444061998,1.00410537013755,FALSE,FALSE,FALSE,-0.767731712142113,,2.55921159027104,-0.36658131471183,0,-4.4069968988568,TRUE
Mike Sherman,2000,GB,16,9.5625,7.98350200762736,1.57899799237264,4.08840670539192,2.50357689623883,1,6,FALSE,1.58756269500359,,,,,,,,,,,,,,,,FALSE
Mike Sherman,2001,GB,16,12.75,11.1308081221143,1.61919187788573,3.86785250654324,6.63376164555767,2,6,FALSE,1.58756269500359,,,,,,,,,,,,,,,,FALSE
Mike Sherman,2002,GB,16,12.75,10.8150502005451,1.93494979945488,3.77762083225203,3.58003472222174,3,6,FALSE,1.58756269500359,,,,,,,,,,,,,,,,FALSE
Mike Sherman,2003,GB,16,10.625,10.4579493338659,0.16705066613415,3.91608467522929,8.12690971699001,4,6,FALSE,1.58756269500359,,,,,,,,,,,,,,,,FALSE
Mike Sherman,2004,GB,16,10.625,9.42840600549272,1.19659399450728,4.00412030333616,0.301215277777801,5,6,FALSE,1.58756269500359,,,,,,,,,,,,,,,,FALSE
Mike Sherman,2005,GB,16,4.25,7.34031339274421,-3.09031339274421,3.97818994938336,-3.72048611111023,6,6,FALSE,1.58756269500359,,,,,,,,,,,,,,,,FALSE
Mike Singletary,2008,SF,9,9.44444444444444,7.41791068924519,2.02653375519926,6.71978217742396,-5.39583333333223,1,3,TRUE,-11.9342013888876,,,,,,,,,,,,,,,,FALSE
Mike Singletary,2009,SF,16,8.5,8.44683691435533,0.0531630856446661,3.76255645990346,0.0548611111119494,2,3,FALSE,-11.9342013888876,,,,,,,,,,,,,,,,FALSE
Mike Singletary,2010,SF,15,5.66666666666667,8.63242604183931,-2.96575937517264,4.26578724503943,-7.44689814814664,3,3,FALSE,-11.9342013888876,,,,,,,,,,,,,,,,FALSE
Mike Smith,2008,ATL,16,11.6875,8.0834821237639,3.6040178762361,3.85291828652222,3.81388888888898,1,7,FALSE,-10.6053819444433,,,,,,,,,,,,,,,,FALSE
Mike Smith,2009,ATL,16,9.5625,8.45326676029057,1.10923323970943,3.69781948155772,5.03194444444326,2,7,FALSE,-10.6053819444433,,,,,,,,,,,,,,,,FALSE
Mike Smith,2010,ATL,16,13.8125,10.7615660026458,3.05093399735415,3.93693241029448,6.0875000000005,3,7,FALSE,-10.6053819444433,,,,,,,,,,,,,,,,FALSE
Mike Smith,2011,ATL,16,10.625,9.82739627550271,0.797603724497286,3.81734328878141,3.5286458333335,4,7,FALSE,-10.6053819444433,,,,,,,,,,,,,,,,FALSE
Mike Smith,2012,ATL,16,13.8125,10.239151009741,3.57334899025899,4.13114023384744,6.43897570677751,5,7,FALSE,-10.6053819444433,9.19521808582743,1.04393292391359,4.61728191417257,0.814482478382573,0.322025313405785,0.474959671305075,FALSE,FALSE,FALSE,1.31676156564588,,,-0.218499778919349,0,4.96084834787596,TRUE
Mike Smith,2013,ATL,16,4.25,7.46679893435147,-3.21679893435147,3.80011802807808,-2.76163194444536,6,7,FALSE,-10.6053819444433,9.73949087287983,-2.27269193852836,-5.48949087287983,0.115757216695257,1.50096679765951,1.14314714662243,FALSE,FALSE,FALSE,-0.0227414186031975,,4.61728191417257,-0.218499778919349,0,-5.14592443917645,TRUE
Mike Smith,2014,ATL,16,6.375,7.8661400459885,-1.4911400459885,3.99239825970198,-3.8467013888882,7,7,FALSE,-10.6053819444433,9.07765575468569,-1.2115157086972,-2.70265575468569,0.162091116186597,1.40069907069271,-0.340641109077561,FALSE,FALSE,FALSE,0.430153301194171,,-5.48949087287983,-0.218499778919349,0,-2.35908932098231,TRUE
Mike Tice,2002,MIN,16,6.375,7.20827989714803,-0.833279897148029,3.96627433169432,-3.00920138888937,1,4,FALSE,-4.73324168673549,,,,,,,,,,,,,,,,FALSE
Mike Tice,2003,MIN,16,9.5625,10.2289720427103,-0.666472042710307,3.92860470217426,2.90503471699001,2,4,FALSE,-4.73324168673549,,,,,,,,,,,,,,,,FALSE
Mike Tice,2004,MIN,16,8.5,10.6528601324186,-2.15286013241858,3.81796678959363,-1.68836805555553,3,4,FALSE,-4.73324168673549,,,,,,,,,,,,,,,,FALSE
Mike Tice,2005,MIN,16,9.5625,8.12054679024006,1.44195320975994,4.07450174148065,-3.52395833333245,4,4,FALSE,-4.73324168673549,,,,,,,,,,,,,,,,FALSE
Mike Tomlin,2007,PIT,16,10.625,11.8439744447941,-1.21897444479413,3.37098036789807,5.20659722222306,1,19,FALSE,3.41684027777798,,,,,,,,,,,,,,,,FALSE
Mike Tomlin,2008,PIT,16,12.75,10.3292649370039,2.42073506299607,3.87561055638705,9.79791666666596,2,19,FALSE,3.41684027777798,,,,,,,,,,,,,,,,FALSE
Mike Tomlin,2009,PIT,16,9.5625,11.5135761635085,-1.95107616350849,3.492114191827,1.6850694444453,3,19,FALSE,3.41684027777798,,,,,,,,,,,,,,,,FALSE
Mike Tomlin,2010,PIT,16,12.75,10.6707087292041,2.07929127079595,3.77152023638445,10.2173611111106,4,19,FALSE,3.41684027777798,,,,,,,,,,,,,,,,FALSE
Mike Tomlin,2011,PIT,16,12.75,11.2997508072977,1.45024919270234,3.47908785221593,5.28576388888894,5,19,FALSE,3.41684027777798,,,,,,,,,,,,,,,,FALSE
Mike Tomlin,2012,PIT,16,8.5,9.93186995962139,-1.43186995962139,3.96293114207801,-0.654600682111381,6,19,FALSE,3.41684027777798,9.69966407313732,0.232205886484067,-1.19966407313732,1.37183765025147,0.918934090213623,0.471197368730635,FALSE,FALSE,FALSE,0.258023923880256,,,0.411700775866544,0,-1.48629819421983,TRUE
Mike Tomlin,2013,PIT,16,8.5,8.69920508252304,-0.19920508252304,4.17109900603041,-1.95312499999911,7,19,FALSE,3.41684027777798,9.22176481521703,-0.522559732693988,-0.721764815217028,0.228797127834288,0.806271098507313,0.546789366745761,FALSE,FALSE,FALSE,0.408034003148395,,-1.19966407313732,0.411700775866544,0,-1.00839893629954,TRUE
Mike Tomlin,2014,PIT,16,11.6875,9.64987745602076,2.03762254397924,4.1295153758167,2.23350694444545,8,19,FALSE,3.41684027777798,8.51687580057329,1.13300165544747,3.17062419942671,-0.75324695169066,0.714505810408485,-0.0149073631976536,FALSE,TRUE,FALSE,1.57026213212509,,-0.721764815217028,0.411700775866544,0,2.8839900783442,TRUE
Mike Tomlin,2015,PIT,16,10.625,9.46430205973422,1.16069794026578,3.74323958322778,8.70477422968852,9,19,FALSE,3.41684027777798,9.11985735844717,0.344444701287053,1.50514264155283,-0.687731215023307,1.00147200445157,1.07645036957879,FALSE,FALSE,FALSE,0.503971743727206,,3.17062419942671,0.411700775866544,0,1.21850852047032,TRUE
Mike Tomlin,2016,PIT,16,11.6875,10.8011772182768,0.886322781723228,3.90260809634751,4.74114583333349,10,19,FALSE,3.41684027777798,9.14338877142876,1.65778844684801,2.54411122857124,-0.606402449625111,0.891656114288467,1.16653750307206,FALSE,FALSE,FALSE,0.785334730235211,,1.50514264155283,0.411700775866544,0,2.25747710748873,TRUE
Mike Tomlin,2017,PIT,16,13.8125,11.6236085798963,2.18889142010366,3.59527877790003,5.02482638888894,11,19,FALSE,3.41684027777798,10.2689653356453,1.35464324425109,3.54353466435475,1.12949220332632,1.09806249375388,0.675533603247034,FALSE,FALSE,FALSE,1.23482376310643,0.563546594035174,2.54411122857124,0.411700775866544,0,3.25690054327224,TRUE
Mike Tomlin,2018,PIT,16,10.09375,10.14083103172,-0.0470810317199977,3.9496006871718,5.56597222222147,12,19,FALSE,3.41684027777798,10.5275799547638,-0.386748923043802,-0.4338299547638,1.13155552625049,0.910244994626405,0.689091785865837,FALSE,FALSE,FALSE,0.976212494216318,0.987265437270087,3.54353466435475,0.411700775866544,0,-0.72046407584631,TRUE
Mike Tomlin,2019,PIT,16,8.5,8.68348632647671,-0.183486326476707,4.06074576113113,0.293229166666291,13,19,FALSE,3.41684027777798,8.51480734246069,0.168678984016015,-0.014807342460692,0.207880445100582,-1.21071192919041,0,FALSE,FALSE,TRUE,-1.49222005653521,0.513958125845847,-0.4338299547638,0.411700775866544,0,-0.301441463543202,TRUE
Mike Tomlin,2020,PIT,16,12.75,10.7459126892245,2.00408731077552,3.52050144404564,4.65381944444503,14,19,FALSE,3.41684027777798,9.17800399630996,1.56790869291452,3.57199600369004,0.316441914121377,1.14052704142232,-2.15080210293667,FALSE,FALSE,FALSE,-0.0240391342285034,1.00755290183153,-0.014807342460692,0.411700775866544,0,3.28536188260753,TRUE
Mike Tomlin,2021,PIT,17,9.5,7.77908882373017,1.72091117626983,3.72488060699098,-2.31283762160785,15,19,FALSE,3.41684027777798,8.0525458331731,-0.273457009442931,1.4474541668269,-0.89371317665698,-0.264543890938074,-0.130451254556733,FALSE,FALSE,FALSE,-1.03253104488408,0.117249400877338,3.57199600369004,0.411700775866544,0,1.16082004574439,TRUE
Mike Tomlin,2022,PIT,17,9,6.79902017654169,2.20097982345831,3.6926674005763,-0.963902233213306,16,19,FALSE,3.41684027777798,8.3175646721291,-1.51854449558741,0.682435327870897,0.176528334251907,-0.983143221608841,0,FALSE,FALSE,TRUE,-0.0707610225484294,0.213180902616367,1.4474541668269,0.411700775866544,0,0.395801206788386,TRUE
Mike Tomlin,2023,PIT,17,10,8.39253158818806,1.60746841181194,4.0013495830907,0.963069667434955,17,19,FALSE,3.41684027777798,8.23737597935651,0.155155608831548,1.76262402064349,0.124992973687725,-0.896419248596002,-0.36071390416261,FALSE,FALSE,FALSE,-0.655068780233901,0.244844613731624,0.682435327870897,0.411700775866544,0,1.47598989956098,TRUE
Mike Tomlin,2024,PIT,17,10,8.42158325466159,1.57841674533841,3.93861302924025,1.89407338757766,18,19,FALSE,3.41684027777798,8.32460927258206,0.096973982079529,1.67539072741794,-0.262647369838242,-1.21803854930978,-0.0895247294662242,FALSE,FALSE,FALSE,-0.257864243959568,0.613455785380414,1.76262402064349,0.411700775866544,0,1.38875660633543,TRUE
Mike Tomlin,2025,PIT,17,10,8.37479115123241,1.62520884876759,3.89164012806685,0.269631002889866,19,19,FALSE,3.41684027777798,7.84504421710831,0.529746934124099,2.15495578289169,0.0213389518693573,-0.666233775469097,-0.451575608199536,FALSE,FALSE,FALSE,-0.0744636682593838,-0.201346521762629,1.67539072741794,0.411700775866544,0,1.86832166180918,TRUE
Mike Vrabel,2018,TEN,16,9.5625,8.10272824723926,1.45977175276074,3.83439511077109,0.227604166667069,1,6,FALSE,-3.5001736111107,8.15821618540895,-0.0554879381696924,1.40428381459105,-0.0660597343848784,-0.954750570615123,-0.843853761488004,FALSE,FALSE,FALSE,-0.34006341026517,0.551206168910629,0.52131418496757,-0.390656462515255,0,1.92000693189034,TRUE
Mike Vrabel,2019,TEN,16,9.5625,8.93099686163557,0.63150313836443,4.18235754949993,3.42048611111096,2,6,FALSE,-3.5001736111107,7.93935164685416,0.991645214781407,1.62314835314584,0.407139120588697,-0.751252773200781,-1.7795521288729,FALSE,FALSE,FALSE,0.768692870409709,0.375251354533232,1.40428381459105,-0.390656462515255,0,2.13887147044513,TRUE
Mike Vrabel,2020,TEN,16,11.6875,10.0302849573922,1.65721504260781,3.95196920638208,1.59097222222267,3,6,FALSE,-3.5001736111107,8.71851888295852,1.31176607443367,2.96898111704148,0.229758992899023,0.697973161006841,0.969918005981038,FALSE,FALSE,FALSE,1.35716547948364,-0.787852034609171,1.62314835314584,-0.390656462515255,0,3.48470423434077,TRUE
Mike Vrabel,2021,TEN,17,12,8.88324519882035,3.11675480117965,3.62055629046476,3.59531009984642,4,6,FALSE,-3.5001736111107,9.72480095671523,-0.841555757894879,2.27519904328477,0.56334538477642,0.676056610175077,1.11887401575791,FALSE,FALSE,FALSE,0.22195083773122,0.238935265571666,2.96898111704148,-0.390656462515255,0,2.79092216058406,TRUE
Mike Vrabel,2022,TEN,17,7,7.24769327331673,-0.247693273316726,3.68182440225518,-3.83379916216461,5,6,FALSE,-3.5001736111107,8.4084634125737,-1.16077013925698,-1.4084634125737,0.206155467273207,0.532476109805664,0.0879443200045091,FALSE,FALSE,FALSE,-0.434456677234408,-0.540501155358784,2.27519904328477,-0.390656462515255,0,-0.892740295274414,TRUE
Mike Vrabel,2023,TEN,17,6,6.85663787250782,-0.856637872507818,3.85926303809995,-2.97030774695691,6,6,FALSE,-3.5001736111107,6.97068728714763,-0.11404941463981,-0.970687287147628,-0.626287545408865,-0.958598618440811,0,FALSE,FALSE,TRUE,-0.295107697222341,-1.00875980857428,-1.4084634125737,-0.390656462515255,0,-0.45496416984834,TRUE
Mike Vrabel,2025,NE,17,14,10.4552745533373,3.54472544666272,3.45191155924449,5.71505582410224,1,1,FALSE,-8.32799822007346,7.7440839672799,2.71119058605738,6.2559160327201,-0.590253964316751,-0.809985461462429,-1.07902182680177,FALSE,FALSE,FALSE,2.02006505590519,0.367830924916172,-2.72392456797212,0.646076092975085,0,5.73490659452905,TRUE
Mike Zimmer,2014,MIN,16,7.4375,6.86185644301342,0.575643556986581,3.92822299921822,-1.65572916666687,1,8,FALSE,-6.61597222222096,8.36504531177041,-1.50318886875699,-0.927545311770412,0.802827763700677,-1.08874624568728,0,FALSE,FALSE,TRUE,-0.506768859270906,,-2.05497232621148,0.422682416289582,0,-1.22516107327596,TRUE
Mike Zimmer,2015,MIN,16,11.6875,8.37543472735883,3.31206527264117,4.1874509795916,5.8216145074663,2,8,FALSE,-6.61597222222096,7.68420148395291,0.691233243405919,4.00329851604709,0.0343692025680503,-1.32223559899161,-0.560610982808706,FALSE,FALSE,FALSE,-0.322766808201005,,-0.927545311770412,0.422682416289582,0,3.70568275454154,TRUE
Mike Zimmer,2016,MIN,16,8.5,9.19935854222292,-0.699358542222919,4.1605672852106,0.943402777777511,3,8,FALSE,-6.61597222222096,8.48104709910442,0.718311443118502,0.0189529008955827,0.526654626160472,0.223716840199627,-0.827261390229614,FALSE,FALSE,FALSE,0.0980540180146799,,4.00329851604709,0.422682416289582,0,-0.278662860609966,TRUE
Mike Zimmer,2017,MIN,16,13.8125,10.2254373625667,3.58706263743329,3.81434681126537,9.11822916666642,4,8,FALSE,-6.61597222222096,8.41490980070687,1.81052756185984,5.39759019929313,0.292102340107757,-1.14308555727909,-0.521588050712956,FALSE,FALSE,FALSE,1.02063092459406,0.585485147574259,0.0189529008955827,0.422682416289582,0,5.09997443778758,TRUE
Mike Zimmer,2018,MIN,16,9.03125,9.81090004238097,-0.779650042380967,3.78496498334557,0.590625000000638,5,8,FALSE,-6.61597222222096,10.1752511919453,-0.364351149564369,-1.14400119194534,1.7906458039156,1.01197202545776,-0.432235511200259,FALSE,FALSE,FALSE,-0.651748557502103,0.747432839672382,5.39759019929313,0.422682416289582,0,-1.44161695345088,TRUE
Mike Zimmer,2019,MIN,16,10.625,10.3819315705753,0.243068429424708,3.77814306113031,5.40416666666725,6,8,FALSE,-6.61597222222096,9.44089606833712,0.941035502238176,1.18410393166288,1.64867394478388,1.04212006146841,-0.704349722963803,FALSE,FALSE,FALSE,0.899812779100041,0.0383920527740206,-1.14400119194534,0.422682416289582,0,0.886488170157336,TRUE
Mike Zimmer,2020,MIN,16,7.4375,8.53340287542079,-1.09590287542079,4.02422330367748,-2.40850694444433,7,8,FALSE,-6.61597222222096,9.42670818082602,-0.893305305405226,-1.98920818082602,0.324322179687045,0.933079909977567,0.844729205731668,FALSE,FALSE,FALSE,0.655469375141601,-0.069690060032886,1.18410393166288,0.422682416289582,0,-2.28682394233157,TRUE
Mike Zimmer,2021,MIN,17,8,8.62368473572691,-0.623684735726906,3.71607102036765,0.082038559558654,8,8,FALSE,-6.61597222222096,9.6836112029831,-1.05992646725619,-1.6836112029831,0.522871535847714,0.898142839604572,0.493068466689861,FALSE,FALSE,FALSE,0.394868118312753,0.401183085164094,-1.98920818082602,0.422682416289582,0,-1.98122696448864,TRUE
Nathaniel Hackett,2022,DEN,15,4.53333333333333,8.41464830840713,-3.8813149750738,4.33179183560999,-6.17406381893887,1,1,FALSE,-0.358094190755508,8.81096400245578,-0.396315694048646,-4.27763066912244,0.260471877812254,1.51992506815148,0.0453504581475817,FALSE,FALSE,FALSE,-1.12035838846767,-0.598476698279945,-1.47151944283404,0.416063630234736,0,-4.56862764457315,TRUE
Nick Saban,2005,MIA,16,9.5625,7.16183211286163,2.40066788713837,4.01975699678532,-0.768576388889041,1,2,FALSE,-2.22552083333349,,,,,,,,,,,,,,,,FALSE
Nick Saban,2006,MIA,16,6.375,8.50635227564359,-2.13135227564359,3.89146723382024,0.683333333333134,2,2,FALSE,-2.22552083333349,,,,,,,,,,,,,,,,FALSE
Nick Sirianni,2021,PHI,17,9,8.63066041398233,0.369339586017667,3.71010052918932,2.32623120606995,1,5,FALSE,-4.40173611111072,7.58170438172353,1.0489560322588,1.41829561827647,0.692861701348278,-1.16595270450484,-1.0907943940536,FALSE,FALSE,FALSE,0.486770354714953,-0.268089170654683,-6.19239719066143,-0.0176314751329004,0,1.5609937481934,TRUE
Nick Sirianni,2022,PHI,17,14,12.243679772717,1.75632022728303,3.18563218217653,6.70026118678161,2,5,FALSE,-4.40173611111072,9.52626459247744,2.71741518023953,4.47373540752256,1.51468717571392,-1.08648090329619,0.0665552195945628,FALSE,FALSE,FALSE,0.968417233476071,0.986188141565243,1.41829561827647,-0.0176314751329004,0,4.6164335374395,TRUE
Nick Sirianni,2023,PHI,17,11,10.9694500089113,0.0305499910886553,3.5582785834105,-0.394193989571821,3,5,FALSE,-4.40173611111072,11.5236643143604,-0.554214305449092,-0.523664314360437,1.65929825916667,1.27985869597233,0.77678220331084,FALSE,FALSE,FALSE,0.703797720672961,1.61597445062872,4.47373540752256,-0.0176314751329004,0,-0.380966184443503,TRUE
Nick Sirianni,2024,PHI,17,14,10.6940329444269,3.30596705557315,3.68802377252232,7.872957545423,4,5,FALSE,-4.40173611111072,10.7046083328593,-0.0105753884324535,3.29539166714069,2.06276807853197,1.1591443776948,0.486468709679135,FALSE,FALSE,FALSE,0.863947526435988,0.70408637232489,-0.523664314360437,-0.0176314751329004,0,3.43808979705763,TRUE
Nick Sirianni,2025,PHI,17,11,10.7769604408737,0.223039559126271,3.73565709638655,2.55484200940577,5,5,FALSE,-4.40173611111072,11.0639683842162,-0.287007943342438,-0.0639683842161674,1.11983108288324,1.3020585404396,0.133635767725219,FALSE,FALSE,FALSE,0.232129708020508,1.68832260121099,3.29539166714069,-0.0176314751329004,0,0.0787297457007667,TRUE
Norv Turner,1999,WAS,16,10.625,10.2638127919039,0.361187208096094,3.92423613867183,2.87518234445922,1,1,FALSE,0,,,,,,,,,,,,,,,,FALSE
Norv Turner,2004,LV,16,5.3125,6.8719517299818,-1.5594517299818,3.93074109892477,-4.27343749999976,1,2,FALSE,-5.47656250523221,,,,,,,,,,,,,,,,FALSE
Norv Turner,2005,LV,16,4.25,7.2131958998198,-2.9631958998198,3.85611196359852,-2.80225694444524,2,2,FALSE,-5.47656250523221,,,,,,,,,,,,,,,,FALSE
Norv Turner,2007,LAC,16,11.6875,11.356004901824,0.331495098176038,3.55052301131516,8.78628472222139,1,6,FALSE,10.1970486111117,,,,,,,,,,,,,,,,FALSE
Norv Turner,2008,LAC,16,8.5,11.1229408143335,-2.62294081433346,3.67218882533601,4.95798611111183,2,6,FALSE,10.1970486111117,,,,,,,,,,,,,,,,FALSE
Norv Turner,2009,LAC,16,13.8125,10.7533966532443,3.05910334675574,3.59952197594225,6.64201388888873,3,6,FALSE,10.1970486111117,,,,,,,,,,,,,,,,FALSE
Norv Turner,2010,LAC,16,9.5625,12.0918267935908,-2.52932679359077,3.50558801264942,4.81597222222381,4,6,FALSE,10.1970486111117,,,,,,,,,,,,,,,,FALSE
Norv Turner,2011,LAC,16,8.5,9.82602853437823,-1.32602853437824,3.88536747850652,0.869965277777726,5,6,FALSE,10.1970486111117,,,,,,,,,,,,,,,,FALSE
Norv Turner,2012,LAC,16,7.4375,8.85926440421174,-1.42176440421174,4.09413840835221,-2.34904512655583,6,6,FALSE,10.1970486111117,8.87331127649714,-0.0140468722854035,-1.43581127649714,-0.668649080658401,0.877767967675151,0.603058061623871,FALSE,FALSE,FALSE,-0.404349348394689,,,0.0527429171180774,0,-1.36348753883118,TRUE
Pat Shurmur,2011,CLE,16,4.25,6.44608453074927,-2.19608453074927,3.69283243792399,-5.38923611111106,1,2,FALSE,-1.47152777777833,,,,,,,,,,,,,,,,FALSE
Pat Shurmur,2012,CLE,16,5.3125,6.45278382543078,-1.14028382543078,3.75629100311008,-5.29210068211138,2,2,FALSE,-1.47152777777833,7.13879265416752,-0.686008828736737,-1.82629265416752,-1.81169951788106,-1.32461958813308,0,FALSE,FALSE,TRUE,-0.883041270209111,,,-0.741077664995894,0,-0.960148334387593,TRUE
Pat Shurmur,2018,NYG,16,5.3125,7.07449108008079,-1.76199108008079,4.0740449448243,-2.17274305555562,1,2,FALSE,-7.56510416666642,6.20355961149426,0.87093146858653,-0.891059611494258,-0.4920571089733,0.825472468933608,-1.65613787809562,FALSE,FALSE,FALSE,-0.0991954785373018,-2.06514944124608,-6.31617113797939,-0.391667435154657,0,-0.374325521555568,TRUE
Pat Shurmur,2019,NYG,16,4.25,6.53675414821373,-2.28675414821373,3.80409469629443,-7.88020833333286,2,2,FALSE,-7.56510416666642,6.13778357514565,0.398970573068087,-1.88778357514565,-1.28655962106028,-0.7957165624901,0,FALSE,FALSE,TRUE,-0.814159783150168,-1.74498072124531,-0.891059611494258,-0.391667435154657,0,-1.37104948520696,TRUE
Pete Carroll,1999,NE,16,8.5,8.9899893259538,-0.489989325953795,4.02600350786115,2.22457615770496,1,1,FALSE,0,,,,,,,,,,,,,,,,FALSE
Pete Carroll,2010,SEA,16,7.4375,6.87993916089061,0.557560839109394,4.02652060434029,-9.44270833333176,1,14,FALSE,-9.30694444444361,,,,,,,,,,,,,,,,FALSE
Pete Carroll,2011,SEA,16,7.4375,6.3853242671945,1.0521757328055,3.80002332115694,0.796874999999941,2,14,FALSE,-9.30694444444361,,,,,,,,,,,,,,,,FALSE
Pete Carroll,2012,SEA,16,11.6875,9.14849523062253,2.53900476937747,4.03092231355841,12.2289062376669,3,14,FALSE,-9.30694444444361,7.69169570781029,1.45679952281224,3.99580429218971,-0.262441074042083,-1.55103326209467,0,FALSE,FALSE,TRUE,1.26365730987047,,,0.849384613109477,0,3.27148633386427,TRUE
Pete Carroll,2013,SEA,16,13.8125,12.3553043549343,1.45719564506574,3.20826402196101,13.0442708333321,4,14,FALSE,-9.30694444444361,8.72535495655235,3.62994939838191,5.08714504344765,0.733129039069963,-1.13241457354534,0.9457688281137,FALSE,FALSE,FALSE,1.10546181359685,,3.99580429218971,0.849384613109477,0,4.36282708512221,TRUE
Pete Carroll,2014,SEA,16,12.75,12.0368550327739,0.713144967226063,3.5175438031259,9.53663194444376,5,14,FALSE,-9.30694444444361,8.53300323059878,3.50385180217516,4.21699676940122,0.833339032629919,-1.20045212526843,0.488482182026342,FALSE,FALSE,FALSE,0.734346536163892,,5.08714504344765,0.849384613109477,0,3.49267881107578,TRUE
Pete Carroll,2015,SEA,16,10.625,11.4245975264184,-0.799597526418404,3.38561274882872,11.3348089519107,6,14,FALSE,-9.30694444444361,10.0343731174222,1.39022440899624,0.590626882577835,2.52283833395981,1.01818932533965,0.00439785229774977,FALSE,FALSE,FALSE,1.88213563499088,,4.21699676940122,0.849384613109477,0,-0.133691075747608,TRUE
Pete Carroll,2016,SEA,16,11.15625,11.4545812001511,-0.298331200151083,3.49955206953816,2.1302083333336,7,14,FALSE,-9.30694444444361,9.9109655029953,1.54361569715578,1.2452844970047,0.832886268264684,0.908782762342027,1.52510416640054,FALSE,FALSE,FALSE,0.2377484588938,,0.590626882577835,0.849384613109477,0,0.520966538679259,TRUE
Pete Carroll,2017,SEA,16,9.5625,10.0083203155158,-0.445820315515761,3.81602430889713,1.88732638888937,8,14,FALSE,-9.30694444444361,10.4171055559698,-0.408785240454,-0.85460555596976,1.93109617495434,1.1140706941184,0.338402897307819,FALSE,FALSE,FALSE,0.457526207857943,0.497730933417933,1.2452844970047,0.849384613109477,0,-1.5789235142952,TRUE
Pete Carroll,2018,SEA,16,10.625,8.78730025205431,1.83769974794569,3.91237790980693,4.50555555555562,9,14,FALSE,-9.30694444444361,8.08815895582182,0.699141296232488,2.53684104417818,-1.0064690330046,0.927199499764965,-0.272356241114507,FALSE,FALSE,FALSE,0.916334630297899,-0.342715331226247,-0.85460555596976,0.849384613109477,0,1.81252308585274,TRUE
Pete Carroll,2019,SEA,16,11.6875,9.81477280669296,1.87272719330704,4.01725556838886,2.70538194444386,10,14,FALSE,-9.30694444444361,9.66319029533084,0.151582511362115,2.02430970466916,-0.0220334112318586,1.45711542816872,0.33150482865619,FALSE,FALSE,FALSE,0.614718720329321,0.395066607577894,2.53684104417818,0.849384613109477,0,1.29999174634371,TRUE
Pete Carroll,2020,SEA,16,12.75,11.0352473389078,1.71475266109222,3.83702827984137,5.46111111111099,11,14,FALSE,-9.30694444444361,9.83423610105624,1.20101123785153,2.91576389894376,-0.140613488687397,1.20967608523724,0.638193461435802,FALSE,FALSE,FALSE,0.418324309663212,0.591774916550526,2.02430970466916,0.849384613109477,0,2.19144594061831,TRUE
Pete Carroll,2021,SEA,17,7,8.76432156060637,-1.76432156060637,3.7333856039158,1.7693180363543,12,14,FALSE,-9.30694444444361,8.5705698601675,0.193751700438865,-1.5705698601675,-0.521353766512888,1.15942075658045,0.183754155548175,FALSE,FALSE,FALSE,-0.110279757343479,-0.369494057899955,2.91576389894376,0.849384613109477,0,-2.29488781849295,TRUE
Pete Carroll,2022,SEA,17,9,7.66412082762177,1.33587917237823,3.79566462682288,-0.261069449857957,13,14,FALSE,-9.30694444444361,7.13862618755264,0.525494640069137,1.86137381244736,-0.312319360599528,-0.983143221608841,-0.306199613771807,FALSE,FALSE,FALSE,0.164855152217732,-0.772403327043441,-1.5705698601675,0.849384613109477,0,1.13705585412192,TRUE
Pete Carroll,2023,SEA,17,9,8.26923765270896,0.730762347291039,3.60369625818031,-1.24252282864626,14,14,FALSE,-9.30694444444361,9.07360929849232,-0.804371645783355,-0.0736092984923165,0.849819953379505,0.0777242123060118,0.0885597701877189,FALSE,FALSE,FALSE,0.482558301316445,0.127319199140447,1.86137381244736,0.849384613109477,0,-0.79792725681776,TRUE
Pete Carroll,2025,LV,17,3,5.79081177278636,-2.79081177278636,3.42051157015318,-10.2881286023423,1,1,FALSE,-6.58085002922646,6.85596676003214,-1.06515498724578,-3.85596676003214,-1.87281774971675,0.273681094487305,-0.335195510661433,FALSE,FALSE,FALSE,-1.6050982013943,-0.975427849245797,-2.54374181994128,-0.562952607356215,0,-3.16794749789189,TRUE
Raheem Morris,2009,TB,16,3.1875,4.29970202184417,-1.11220202184417,3.21484858862927,-5.64097222222341,1,3,FALSE,2.26909722222232,,,,,,,,,,,,,,,,FALSE
Raheem Morris,2010,TB,16,10.625,7.45512540614609,3.16987459385391,4.0017491842668,-0.582291666666164,2,3,FALSE,2.26909722222232,,,,,,,,,,,,,,,,FALSE
Raheem Morris,2011,TB,16,4.25,6.74694096623816,-2.49694096623816,3.80113175150087,-10.6147569444443,3,3,FALSE,2.26909722222232,,,,,,,,,,,,,,,,FALSE
Raheem Morris,2020,ATL,11,6.18181818181818,6.753840248915,-0.572022067096817,5.88322639040839,3.96762941919133,1,1,TRUE,-0.0699652777782516,8.40597211236375,-1.65213186344875,-2.22415393054557,0.0957944782826578,0.974569336266518,-0.357962549877986,FALSE,FALSE,FALSE,0.199214529988913,-0.57996304196867,-2.88258734358269,-0.218499778919349,0,-1.88058749684219,TRUE
Raheem Morris,2024,ATL,17,8,9.43587182933424,-1.43587182933424,3.83751391493039,-2.00162763317556,1,2,FALSE,-5.2480366638219,9.12595806333304,0.309913766001197,-1.12595806333304,0.840263957103058,0.613034786355911,0.504775947457284,FALSE,FALSE,FALSE,-0.0456359209984148,-0.256597849286551,-0.742097850828363,-0.218499778919349,0,-0.782391629629658,TRUE
Raheem Morris,2025,ATL,17,8,8.03026729249485,-0.0302672924948446,3.81263878764412,-2.95817947665655,2,2,FALSE,-5.2480366638219,7.52886386788498,0.501403424609869,0.471136132115024,-0.109292544791753,-0.964794969455248,0.360283104931812,FALSE,FALSE,FALSE,-0.278659055665442,-0.747756870574274,-1.12595806333304,-0.218499778919349,0,0.814702565818407,TRUE
Ray Rhodes,1999,GB,16,8.5,10.8485905606722,-2.34859056067223,3.88609099358194,1.58756269500359,1,1,FALSE,0,,,,,,,,,,,,,,,,FALSE
Rex Ryan,2009,NYJ,16,9.5625,9.44179020265816,0.120709797341837,3.8691698328379,8.57708333333248,1,6,FALSE,0.224305555556625,,,,,,,,,,,,,,,,FALSE
Rex Ryan,2010,NYJ,16,11.6875,9.87432564591285,1.81317435408715,4.08095189531586,6.47048611110952,2,6,FALSE,0.224305555556625,,,,,,,,,,,,,,,,FALSE
Rex Ryan,2011,NYJ,16,8.5,9.72732752329238,-1.22732752329238,3.90759326080514,0.907118055555391,3,6,FALSE,0.224305555556625,,,,,,,,,,,,,,,,FALSE
Rex Ryan,2012,NYJ,16,6.375,7.62712652123388,-1.25212652123388,4.0159641117924,-5.91293404011084,4,6,FALSE,0.224305555556625,9.01376270989843,-1.38663618866455,-2.63876270989843,1.67413198075664,0.630771232444322,-1.15211702277276,FALSE,FALSE,FALSE,-1.70323760202747,,,-0.643508388380329,0,-1.87018766673406,TRUE
Rex Ryan,2013,NYJ,16,8.5,6.50974012757861,1.99025987242139,3.92613315886127,-6.08541666666687,5,6,FALSE,0.224305555556625,7.71275002160371,-1.2030098940251,0.787249978396294,-0.788562072416988,-1.06779171781025,0,FALSE,FALSE,TRUE,-1.19177372219713,,-2.63876270989843,-0.643508388380329,0,1.55582502156066,TRUE
Rex Ryan,2014,NYJ,16,4.25,6.42443119749829,-2.17443119749829,3.72189271818458,-5.04253472222299,6,6,FALSE,0.224305555556625,6.89392235796167,-0.469491160463378,-2.64392235796167,-0.926144142289697,-1.1366201940792,-1.70572092234872,FALSE,FALSE,FALSE,-1.06010428555724,,0.787249978396294,-0.643508388380329,0,-1.8753473147973,TRUE
Rex Ryan,2015,BUF,16,8.5,8.64388101931879,-0.143881019318789,4.23510779178388,0.0304688258670386,1,2,FALSE,4.92552083333257,8.32881856741274,0.315062451906048,0.171181432587259,1.0897467359708,-1.40582220343201,0,FALSE,FALSE,TRUE,0.424403610805375,,1.38370493532186,0.398779158083829,0,-0.102531070712536,TRUE
Rex Ryan,2016,BUF,15,7.93333333333333,8.74501728719442,-0.811683953861088,4.28273204111372,1.54688657407437,2,2,FALSE,4.92552083333257,8.76532825569526,-0.0203109685008354,-0.831994922361924,-0.0960163794514242,0.275096784360307,0.418602115811222,FALSE,FALSE,FALSE,0.15255889163253,,0.171181432587259,0.398779158083829,0,-1.10570742566172,TRUE
Rich Bisaccia,2021,LV,12,9.91666666666667,7.09632729579729,2.82033937086938,5.42032866346518,-3.03680310691401,1,1,TRUE,-1.95052083333392,8.01072316602882,-0.914395870231531,1.90594350063785,-0.432311298869736,0.689120506023871,0.0533137587010192,FALSE,FALSE,FALSE,-0.0109183777599625,-0.754832629431983,-1.12107706108963,-0.562952607356215,0,2.5939627627781,TRUE
Rob Chudzinski,2013,CLE,16,4.25,7.07638816772382,-2.82638816772382,3.9565817381079,-7.68993055555467,1,1,FALSE,-5.29210068211138,6.39129645983992,0.685091707883891,-2.14129645983992,-1.69288136152923,-0.987013148141388,-2.31730593638741,FALSE,FALSE,FALSE,-0.95878248120902,,-1.82629265416752,-0.741077664995894,0,-1.27515214006,TRUE
Robert Saleh,2021,NYJ,17,4,4.72784836162068,-0.727848361620684,3.13880108704399,-10.1931282874831,1,4,FALSE,-11.5098958333338,7.43384380067816,-2.70599543905748,-3.43384380067816,0.134322586132141,-0.643396870553093,0,FALSE,FALSE,TRUE,-1.25392724618392,-0.977923381371576,-3.83405349598423,-0.643508388380329,0,-2.6652687575138,TRUE
Robert Saleh,2022,NYJ,17,7,6.84101481260888,0.158985187391124,3.68147985459678,0.588816232241127,2,4,FALSE,-11.5098958333338,7.13852009293553,-0.297505280326657,-0.138520092935533,0.250596166805155,-0.627202318019071,-1.80490517245219,FALSE,FALSE,FALSE,-1.01703835136652,-0.501850793411335,-3.43384380067816,-0.643508388380329,0,0.63005495022883,TRUE
Robert Saleh,2023,NYJ,17,7,6.27965159503833,0.720348404961673,3.68821414544346,-5.49552609640521,3,4,FALSE,-11.5098958333338,8.57377666830939,-2.29412507327106,-1.57377666830939,0.971506234641629,-0.575159171064487,-1.15594193868735,FALSE,FALSE,FALSE,-2.25321748131115,0.440720304716925,-0.138520092935533,-0.643508388380329,0,-0.805201625145024,TRUE
Robert Saleh,2024,NYJ,17,5,9.0617489850387,-4.0617489850387,3.83864250641387,-4.52810116535543,4,4,FALSE,-11.5098958333338,7.65808155122286,1.40366743381584,-2.65808155122286,0.388468955705416,0.516662505531402,-4.15618297823264,FALSE,FALSE,FALSE,-0.258790528211343,0.595329667991522,-1.57377666830939,-0.643508388380329,0,-1.8895065080585,TRUE
Rod Marinelli,2006,DET,16,3.1875,6.38919398449403,-3.20169398449403,3.7710242958887,-6.35104166666645,1,3,FALSE,-6.69999999999912,,,,,,,,,,,,,,,,FALSE
Rod Marinelli,2007,DET,16,7.4375,7.00657143808347,0.430928561916529,4.03220462506812,-3.55138888889022,2,3,FALSE,-6.69999999999912,,,,,,,,,,,,,,,,FALSE
Rod Marinelli,2008,DET,16,0,4.17725228386495,-4.17725228386495,3.04655326211005,-13.1079861111119,3,3,FALSE,-6.69999999999912,,,,,,,,,,,,,,,,FALSE
Romeo Crennel,2005,CLE,16,6.375,6.56773436231624,-0.192734362316243,3.89126668991091,-4.2218749999992,1,4,FALSE,-3.38802083333356,,,,,,,,,,,,,,,,FALSE
Romeo Crennel,2006,CLE,16,4.25,5.85659441591723,-1.60659441591723,3.67250527126022,-5.84149305555536,2,4,FALSE,-3.38802083333356,,,,,,,,,,,,,,,,FALSE
Romeo Crennel,2007,CLE,16,10.625,8.17732748537949,2.44767251462051,3.88897087109283,-1.06215277777694,3,4,FALSE,-3.38802083333356,,,,,,,,,,,,,,,,FALSE
Romeo Crennel,2008,CLE,16,4.25,5.91878467368841,-1.66878467368841,3.65496024655233,-4.64618055555627,4,4,FALSE,-3.38802083333356,,,,,,,,,,,,,,,,FALSE
Romeo Crennel,2012,KC,16,2.125,5.29307965310365,-3.16807965310365,3.64481868962824,-13.9865451265558,1,1,FALSE,-8.09982638888894,8.1428974664583,-2.84981781335465,-6.0178974664583,0.020959860806511,0.0750285781749562,-0.961809245404227,FALSE,FALSE,FALSE,-1.86053470460788,,,0.422959162895011,0,-6.31578997456928,TRUE
Romeo Crennel,2020,HOU,12,5.66666666666667,8.16518504326814,-2.49851837660147,5.29123272308453,-4.96166087962913,1,1,TRUE,0.518402777777624,9.31759056083522,-1.15240551756708,-3.65092389416855,1.03354608059721,1.36180398163007,0.52559806178675,FALSE,FALSE,FALSE,1.06137262357585,-0.617761040630579,2.95054834376312,0.213815975175525,0,-3.73967321456004,TRUE
Ron Rivera,2011,CAR,16,6.375,7.45241064434873,-1.07741064434873,3.90789371243295,-1.29670138888872,1,9,FALSE,-13.1864583333328,,,,,,,,,,,,,,,,FALSE
Ron Rivera,2012,CAR,16,7.4375,7.99834159009095,-0.560841590090949,4.12787327903053,0.80946181788862,2,9,FALSE,-13.1864583333328,8.39865968041881,-0.400318090327861,-0.96115968041881,0.436614565251114,-0.727710811325239,0.0914198118708337,FALSE,FALSE,FALSE,0.71616238405805,,,-0.0758241225204157,0,-0.76026890311436,TRUE
Ron Rivera,2013,CAR,16,12.75,10.2060069614246,2.54399303857538,3.9017975266038,9.20364583333242,3,9,FALSE,-13.1864583333328,8.14928234294826,2.05672461847636,4.60071765705174,-0.640740650158256,-0.486186016194454,0.262939624164425,FALSE,FALSE,FALSE,0.581709929539654,,-0.96115968041881,-0.0758241225204157,0,4.80160843435619,TRUE
Ron Rivera,2014,CAR,16,7.96875,7.093932962537,0.874817037462997,4.05244383367406,-3.05954861111043,4,9,FALSE,-13.1864583333328,8.06091758074711,-0.966984618210106,-0.092167580747109,-0.224384956917133,-0.562132813376128,-0.256532639083713,FALSE,FALSE,FALSE,0.0799449130109577,,4.60071765705174,-0.0758241225204157,0,0.10872319655734,TRUE
Ron Rivera,2015,CAR,16,15.9375,10.7871671852732,5.15033281472685,3.86500419230875,8.12369799253371,5,9,FALSE,-13.1864583333328,8.81345348204018,1.97371370323297,7.12404651795982,0.456520215929152,0.884450758235006,-0.675555319645784,FALSE,FALSE,FALSE,1.05918684810149,,-0.092167580747109,-0.0758241225204157,0,7.32493729526427,TRUE
Ron Rivera,2016,CAR,16,6.375,9.18329090700164,-2.80829090700164,4.02533200370906,-1.00243055555552,6,9,FALSE,-13.1864583333328,8.77625858455821,0.407032322443431,-2.40125858455821,-0.912634091729321,0.771769577913547,0.731080661317462,FALSE,FALSE,FALSE,-1.02792872127579,,7.12404651795982,-0.0758241225204157,0,-2.20036780725376,TRUE
Ron Rivera,2017,CAR,16,11.6875,9.1959862707738,2.4915137292262,3.95689140136196,4.32204861111063,7,9,FALSE,-13.1864583333328,9.31996584465711,-0.123979573883311,2.36753415534289,0.556917937877729,0.986005091202229,-0.258701620988098,FALSE,FALSE,FALSE,-0.00275519905562146,0.256406844488031,-2.40125858455821,-0.0758241225204157,0,2.56842493264734,TRUE
Ron Rivera,2018,CAR,16,7.4375,8.42583498672232,-0.988334986722315,4.11349358258192,0.92760416666603,8,9,FALSE,-13.1864583333328,8.52814161738369,-0.102306630661376,-1.09064161738369,-0.0339089891329221,0.79156345865649,-0.767702885648505,FALSE,FALSE,FALSE,0.0670143166002391,0.0061320834613147,2.36753415534289,-0.0758241225204157,0,-0.889750840079241,TRUE
Ron Rivera,2019,CAR,16,5.3125,7.490835839707,-2.178335839707,3.80395706179894,-7.02795138888936,9,9,FALSE,-13.1864583333328,9.78810654706956,-2.29727070736256,-4.47560654706956,0.782665085931684,-1.25517571847973,2.29365934451485,FALSE,FALSE,FALSE,-1.13100552471547,0.613034391069145,-1.09064161738369,-0.0758241225204157,0,-4.27471576976511,TRUE
Ron Rivera,2020,WAS,16,7.4375,6.6709316151556,0.766568384844397,3.91140784137936,-0.847569444444047,1,4,FALSE,-10.7812499999995,7.23559409795378,-0.56466248279818,0.201905902046216,-1.38569544806302,0.4766962207991,0,FALSE,FALSE,TRUE,-1.40415114363895,-1.12803402256636,-3.3742575912241,-0.36658131471183,0,0.69355387154208,TRUE
Ron Rivera,2021,WAS,17,7,6.45592450468849,0.544075495311509,3.57549817478996,-4.37834581413208,2,4,FALSE,-10.7812499999995,8.10767001980448,-1.65174551511599,-1.10767001980448,0.312407521418446,-1.10063322526087,0.099806656338794,FALSE,FALSE,FALSE,-0.836665702468791,-0.0855603736131979,0.201905902046216,-0.36658131471183,0,-0.61602205030862,TRUE
Ron Rivera,2022,WAS,17,8.5,7.6907148251243,0.809285174875699,3.86458190784978,-0.731926662185451,3,4,FALSE,-10.7812499999995,8.64759846828221,-0.956883643157907,-0.147598468282208,-0.045675163407836,0.773597367076154,-0.0572232604748037,FALSE,FALSE,FALSE,-0.84917045606725,-0.192647897831792,-1.10767001980448,-0.36658131471183,0,0.344049501213656,TRUE
Ron Rivera,2023,WAS,17,4,6.38872130515718,-2.38872130515718,3.29640317844718,-11.3980064546751,4,4,FALSE,-10.7812499999995,6.15405833847239,0.234662966684791,-2.15405833847239,-0.700357455742331,-1.02077798828562,-2.55510750646017,FALSE,FALSE,FALSE,-0.811051908032086,-0.63659599570222,-0.147598468282208,-0.36658131471183,0,-1.66241036897652,TRUE
Scott Linehan,2006,LA,16,8.5,8.02719937388345,0.47280062611655,4.0844760204524,-3.95138888888826,1,2,FALSE,-5.14531250000041,,,,,,,,,,,,,,,,FALSE
Scott Linehan,2007,LA,16,3.1875,5.97346913084542,-2.78596913084542,3.67007979277671,-12.9664930555542,2,2,FALSE,-5.14531250000041,,,,,,,,,,,,,,,,FALSE
Sean McDermott,2017,BUF,16,9.5625,7.44349156512968,2.11900843487032,3.8933231036182,-4.03975694444486,1,9,FALSE,-0.332118055555247,6.80398112149093,0.639510443638748,2.75851887850907,-1.44709199119233,0.121562271518083,0.275275727160889,FALSE,FALSE,FALSE,-0.260963434572874,-1.49867743863854,-0.831994922361924,0.398779158083829,0,2.48480637520927,TRUE
Sean McDermott,2018,BUF,16,6.375,5.28247963708463,1.09252036291538,3.2960175406788,-6.90468749999925,2,9,FALSE,-0.332118055555247,6.29752198335608,-1.01504234627145,0.0774780166439228,-2.22015966626595,-1.15820463227784,0,FALSE,FALSE,TRUE,-1.61399843932116,-0.865986453257585,2.75851887850907,0.398779158083829,0,-0.196234486655873,TRUE
Sean McDermott,2019,BUF,16,10.625,8.55611530677575,2.06888469322425,3.81924636015135,2.18524305555571,3,9,FALSE,-0.332118055555247,6.37835803633388,2.17775727044187,4.24664196366612,-1.57778383908137,-0.855001614875858,-1.36770793087196,FALSE,FALSE,FALSE,-0.386973603516508,-0.615511297699732,0.0774780166439228,0.398779158083829,0,3.97292946036633,TRUE
Sean McDermott,2020,BUF,16,13.8125,9.74938207466597,4.06311792533403,4.04358307286417,7.71336805555511,4,9,FALSE,-0.332118055555247,8.27282069356538,1.47656138110059,5.53967930643462,0.355843241949719,-0.947774081788237,-0.750305306596931,FALSE,FALSE,FALSE,1.67621986383299,0.346087925248116,4.24664196366612,0.398779158083829,0,5.26596680313483,TRUE
Sean McDermott,2021,BUF,17,11,12.3974724365274,-1.39747243652739,2.8528378093024,9.99825428827452,5,9,FALSE,-0.332118055555247,11.3199563798358,1.07751605669158,-0.319956379835817,1.3080642050646,1.81261554902013,1.37109650825461,FALSE,FALSE,FALSE,1.08433440665794,1.00961240863572,5.53967930643462,0.398779158083829,0,-0.593668883135613,TRUE
Sean McDermott,2022,BUF,16,13.8125,12.4001568549283,1.41234314507175,3.40250440839367,10.8791087773792,6,9,FALSE,-0.332118055555247,10.603115696267,1.79704115866124,3.20938430373298,1.02583948086248,1.53140703278341,0.614647530770006,FALSE,FALSE,FALSE,1.77606463292532,0.831586693775465,-0.319956379835817,0.398779158083829,0,2.93567180043319,TRUE
Sean McDermott,2023,BUF,17,11,11.4730777568999,-0.473077756899903,3.35000489053715,6.73888380030054,7,9,FALSE,-0.332118055555247,11.2191829524931,0.253894804406823,-0.21918295249308,1.48999560697589,1.37312775073954,0.959339037437344,FALSE,FALSE,FALSE,1.28250155156707,1.20463549955959,3.20938430373298,0.398779158083829,0,-0.492895455792875,TRUE
Sean McDermott,2024,BUF,17,13,10.6112514558767,2.3887485441233,3.67783364544895,7.90366792314262,8,9,FALSE,-0.332118055555247,9.94984673291895,0.661404722957753,3.05015326708105,0.767179471582852,1.25551665851931,0.665529779843735,FALSE,FALSE,FALSE,1.79546828062419,0.323437907158092,-0.21918295249308,0.398779158083829,0,2.77644076378126,TRUE
Sean McDermott,2025,BUF,17,12,11.764821219069,0.235178780931021,3.32349063267738,4.73339578780967,9,9,FALSE,-0.332118055555247,10.665175452711,1.09964576635794,1.33482454728896,0.882319270772131,0.970323880454992,1.26252757120044,FALSE,FALSE,FALSE,1.16633067533605,0.959775469462128,3.05015326708105,0.398779158083829,0,1.06111204398917,TRUE
Sean McVay,2017,LA,16,11.6875,9.68054884682004,2.00695115317996,4.06748153281816,9.1612847222227,1,9,FALSE,-11.0868055555553,6.95885472296346,2.72169412385659,4.72864527703655,0.127487238791287,-0.614814945249893,-1.75251080020429,FALSE,FALSE,FALSE,0.904863556557895,-0.708889511231585,-3.15254098920217,0.24076287429118,0,4.6129490575294,TRUE
Sean McVay,2018,LA,16,13.8125,12.821043229229,0.991456770770986,3.20268223967264,8.49375000000006,2,9,FALSE,-11.0868055555553,9.44223975392909,3.37880347529993,4.37026024607091,1.48521372402201,-0.903887055199445,1.08022506686027,FALSE,FALSE,FALSE,1.0989969155519,0.311373571312932,4.72864527703655,0.24076287429118,0,4.25456402656377,TRUE
Sean McVay,2019,LA,16,9.5625,9.99942632330749,-0.436926323307493,4.0283430433999,3.91302083333275,3,9,FALSE,-11.0868055555553,10.2910815957643,-0.291655272456792,-0.728581595764284,0.545087434388162,1.3385453233972,0.776581920991886,FALSE,FALSE,FALSE,0.43153539143145,0.69229540324778,4.37026024607091,0.24076287429118,0,-0.84427781527143,TRUE
Sean McVay,2020,LA,16,10.625,10.3541729027081,0.270827097291946,3.90217349153081,5.42187499999988,4,9,FALSE,-11.0868055555553,9.23634166875802,1.11783123395004,1.38865833124198,0.30068138299004,1.09903761513337,0.160933809494559,FALSE,FALSE,FALSE,-0.498117498685304,-0.0318920613709773,-0.728581595764284,0.24076287429118,0,1.27296211173484,TRUE
Sean McVay,2021,LA,17,12,11.619613862558,0.38038613744196,3.33420966500465,5.11739253130379,5,9,FALSE,-11.0868055555553,9.07658802413444,2.5430258384236,2.92341197586556,1.04093680213515,0.845887256209396,-0.053130528520026,FALSE,FALSE,FALSE,1.1521646470685,-0.268089170654683,1.38865833124198,0.24076287429118,0,2.80771575635841,TRUE
Sean McVay,2022,LA,17,5,7.61611050678421,-2.61611050678421,3.542461039479,-3.82497252066123,6,9,FALSE,-11.0868055555553,10.3545978403668,-2.73848733358255,-5.35459784036676,1.32704866657902,1.02620058897857,1.08976682018113,FALSE,FALSE,FALSE,-1.1555254965536,0.425757893327306,2.92341197586556,0.24076287429118,0,-5.4702940598739,TRUE
Sean McVay,2023,LA,17,10,8.37020432711054,1.62979567288946,3.78182996228728,2.75218159625603,7,9,FALSE,-11.0868055555553,6.20603632643655,2.16416800067399,3.79396367356345,-0.959602141909464,0.917145705210939,-0.71210985529638,FALSE,FALSE,FALSE,0.512119077070429,-2.37988964547138,-5.35459784036676,0.24076287429118,0,3.6782674540563,TRUE
Sean McVay,2024,LA,17,10,8.18592518100416,1.81407481899584,3.88931375803047,0.125306343465893,8,9,FALSE,-11.0868055555553,8.1204130001853,0.0655121808188657,1.8795869998147,-0.156342663627033,0.784363285599485,0.443810776628986,FALSE,FALSE,FALSE,0.0600261839756418,-0.999768662231249,3.79396367356345,0.24076287429118,0,1.76389078030756,TRUE
Sean McVay,2025,LA,17,12,11.7124370638923,0.287562936107658,3.35294859937728,12.3099591790763,9,9,FALSE,-11.0868055555553,7.75411497831446,3.95832208557788,4.24588502168554,-1.46310987382508,0.373201492482689,-0.154841082867734,FALSE,FALSE,FALSE,1.39204180888137,-0.269647815364087,1.8795869998147,0.24076287429118,0,4.1301888021784,TRUE
Sean Payton,2006,NO,16,10.625,8.03966102985219,2.58533897014781,4.01568931821619,4.04427083333312,1,6,FALSE,-11.0874999999996,,,,,,,,,,,,,,,,FALSE
Sean Payton,2007,NO,16,7.4375,10.0411739272301,-2.60367392723006,4.03772210931354,-2.52656249999889,2,6,FALSE,-11.0874999999996,,,,,,,,,,,,,,,,FALSE
Sean Payton,2008,NO,16,8.5,8.94949667672039,-0.449496676720392,4.19682688584339,4.0454861111112,3,6,FALSE,-11.0874999999996,,,,,,,,,,,,,,,,FALSE
Sean Payton,2009,NO,16,13.8125,12.2908831293222,1.52161687067785,3.0879591083131,10.7552083333321,4,6,FALSE,-11.0874999999996,,,,,,,,,,,,,,,,FALSE
Sean Payton,2010,NO,16,11.6875,11.5673412384297,0.120158761570266,3.66586149327555,2.31527777777828,5,6,FALSE,-11.0874999999996,,,,,,,,,,,,,,,,FALSE
Sean Payton,2011,NO,16,13.8125,11.8749249727733,1.93757502722671,3.49104071924475,11.3963541666668,6,6,FALSE,-11.0874999999996,,,,,,,,,,,,,,,,FALSE
Sean Payton,2013,NO,16,11.6875,10.6322641991623,1.05523580083774,3.80179136923641,8.76996527777686,1,9,FALSE,1.43654515122195,9.72451353552788,0.907750663634381,1.96298646447212,0.550526105691529,1.4524996558582,0.722753588526386,FALSE,FALSE,FALSE,1.37463963266365,,-2.12954764778874,-0.179112824713861,0,2.26716594397002,TRUE
Sean Payton,2014,NO,16,7.4375,11.0106730226691,-3.5731730226691,3.8765126603492,-2.89496527777709,2,9,FALSE,1.43654515122195,10.0399869009735,0.970686121695625,-2.60248690097348,1.24015595168648,1.35282512230079,0.913525252619287,FALSE,FALSE,FALSE,0.569180263213709,,1.96298646447212,-0.179112824713861,0,-2.29830742147558,TRUE
Sean Payton,2015,NO,16,7.4375,7.80398953523776,-0.36648953523776,3.96488264708931,-6.5731770074663,3,9,FALSE,1.43654515122195,9.18059537520156,-1.3766058399638,-1.74309537520156,-0.154487829725074,1.23551449688469,0.433114019780881,FALSE,FALSE,FALSE,0.966580165895629,,-2.60248690097348,-0.179112824713861,0,-1.43891589570367,TRUE
Sean Payton,2016,NO,16,7.4375,8.38054015995563,-0.943040159955627,4.13753192092015,1.54305555555559,4,9,FALSE,1.43654515122195,9.03173191504242,-0.651191755086797,-1.59423191504242,-0.473702071379952,0.960162706502707,0.694239893824117,FALSE,FALSE,FALSE,0.765821766473561,,-1.74309537520156,-0.179112824713861,0,-1.29005243554453,TRUE
Sean Payton,2017,NO,16,11.6875,10.2593665884252,1.4281334115748,3.78013551571127,9.17239583333286,5,9,FALSE,1.43654515122195,8.5278921728143,1.7314744156109,3.1596078271857,-1.4113060996018,1.16209529521196,0.673883564062473,FALSE,TRUE,FALSE,1.30356930067525,-0.248179886910859,-1.59423191504242,-0.179112824713861,0,3.4637873066836,TRUE
Sean Payton,2018,NO,16,13.8125,11.406072837604,2.40642716239597,3.66989533045541,10.071354166666,6,9,FALSE,1.43654515122195,9.92528752604054,1.48078531156349,3.88721247395946,-0.40364255953042,0.723745438102252,1.09036012424089,FALSE,FALSE,FALSE,1.49600386811062,0.943659510434135,3.1596078271857,-0.179112824713861,0,4.19139195345736,TRUE
Sean Payton,2019,NO,16,13.8125,10.6383482890555,3.17415171094451,3.61880809310198,7.35989583333286,7,9,FALSE,1.43654515122195,11.0979973465537,-0.459649057498194,2.71450265344632,1.00491514705304,0.790158588828935,1.53238954501837,FALSE,FALSE,FALSE,1.18989831780578,1.32638350067688,3.88721247395946,-0.179112824713861,0,3.01868213294421,TRUE
Sean Payton,2020,NO,16,12.75,11.2190431492773,1.5309568507227,3.76775256640484,9.5765624999996,8,9,FALSE,1.43654515122195,12.1140903855972,-0.895047236319858,0.63590961440284,1.79793184046706,0.379887559458213,1.27246762307936,FALSE,FALSE,FALSE,0.3943027479295,2.42497785165314,2.71450265344632,-0.179112824713861,0,0.940089093900734,TRUE
Sean Payton,2021,NO,17,9,8.46804908864688,0.531950911353118,3.67676590317811,1.87585285458276,9,9,FALSE,1.43654515122195,9.16580416440254,-0.697755075755655,-0.165804164402537,1.75327654328036,-1.20514439205122,0,FALSE,FALSE,TRUE,-0.53488651919796,0.543149927307473,0.63590961440284,-0.179112824713861,0,0.138375315095357,TRUE
Sean Payton,2023,DEN,17,8,7.94210812755655,0.0578918724434523,3.80426394431944,-3.53069653038217,1,3,FALSE,-5.15760085400304,8.78263680787742,-0.840528680320867,-0.782636807877415,0.130283681568687,1.36276452243207,-0.943147368679571,FALSE,FALSE,FALSE,-0.262558283723903,-0.029381353647789,-4.27763066912244,0.416063630234736,0,-1.07363378332812,TRUE
Sean Payton,2024,DEN,17,10,8.41040553757975,1.58959446242025,3.55161532452202,6.20155941382212,2,3,FALSE,-5.15760085400304,6.53370575395445,1.8766997836253,3.46629424604555,-0.554985311919069,-1.07883414367438,0,FALSE,FALSE,TRUE,0.0989849552545245,-1.45292159695363,-0.782636807877415,0.416063630234736,0,3.17529727059485,TRUE
Sean Payton,2025,DEN,17,14,10.9491404914941,3.05085950850586,3.41670422688709,3.69660932339754,3,3,FALSE,-5.15760085400304,8.4168550575243,2.53228543396983,5.5831449424757,0.906070451983242,-1.0090262574532,-0.168935826902625,FALSE,FALSE,FALSE,0.524417466970567,0.0718586526431979,3.46629424604555,0.416063630234736,0,5.292147967025,TRUE
Shane Steichen,2023,IND,17,9,7.82638106607452,1.17361893392548,4.06213788851393,-1.07352347839186,1,3,FALSE,-8.78276392179565,7.09752930587546,0.728851760199065,1.90247069412454,-1.15006762562409,-0.90678247690347,0.413686812168293,FALSE,FALSE,FALSE,0.0617021686738364,-0.832471686687514,-4.42394311545457,0.350965858937752,0,1.67657148997082,TRUE
Shane Steichen,2024,IND,17,8,7.88723071425248,0.112769285747522,3.88379055252956,-3.86614274715544,2,3,FALSE,-8.78276392179565,7.87829797321622,0.00893274103625785,0.12170202678378,-0.548341267780868,-0.864673519619911,0.341467229914026,FALSE,FALSE,FALSE,-0.833783701769857,-0.165967262342074,1.90247069412454,0.350965858937752,0,-0.104197177369939,TRUE
Shane Steichen,2025,IND,17,8,8.82055447079041,-0.820554470790409,3.53117476884132,5.1637083861821,3,3,FALSE,-8.78276392179565,7.90857866302646,0.91197580776395,0.091421336973541,0.454798008972134,-0.65517595346961,-1.3034530072833,FALSE,FALSE,FALSE,0.254655839800193,0.0718586526431979,0.12170202678378,0.350965858937752,0,-0.134477867180177,TRUE
Steve Mariucci,1999,SF,16,4.25,7.3184674780419,-3.0684674780419,3.91022688639675,-11.3263071134828,1,4,FALSE,0,,,,,,,,,,,,,,,,FALSE
Steve Mariucci,2000,SF,16,6.375,6.95761526142756,-0.582615261427556,3.84007150488788,-3.84484721726543,2,4,FALSE,0,,,,,,,,,,,,,,,,FALSE
Steve Mariucci,2001,SF,16,12.75,9.73929827349416,3.01070172650584,3.97504924502825,6.84295099166278,3,4,FALSE,0,,,,,,,,,,,,,,,,FALSE
Steve Mariucci,2002,SF,16,10.625,10.7096429701335,-0.084642970133519,3.97480110705271,0.635243055555493,4,4,FALSE,0,,,,,,,,,,,,,,,,FALSE
Steve Mariucci,2003,DET,16,5.3125,5.38306691063792,-0.0705669106379219,3.5011537957881,-5.83975694967665,1,3,FALSE,-9.17274305555604,,,,,,,,,,,,,,,,FALSE
Steve Mariucci,2004,DET,16,6.375,7.45611055769983,-1.08111055769983,3.94974750472847,-5.1675347222222,2,3,FALSE,-9.17274305555604,,,,,,,,,,,,,,,,FALSE
Steve Mariucci,2005,DET,11,6.18181818181818,8.2951269624466,-2.11330878062842,6.12185580682059,-5.04558080808007,3,3,FALSE,-9.17274305555604,,,,,,,,,,,,,,,,FALSE
Steve Spagnuolo,2009,LA,16,1.0625,3.55064633937192,-2.48814633937192,2.85491813154885,-17.4357638888881,1,3,FALSE,-15.093402777777,,,,,,,,,,,,,,,,FALSE
Steve Spagnuolo,2010,LA,16,7.4375,7.29473353579827,0.14276646420173,4.1277554219327,-6.67187499999843,2,3,FALSE,-15.093402777777,,,,,,,,,,,,,,,,FALSE
Steve Spagnuolo,2011,LA,16,2.125,4.94967498850934,-2.82467498850933,3.31084040216641,-10.4493055555556,3,3,FALSE,-15.093402777777,,,,,,,,,,,,,,,,FALSE
Steve Spurrier,2002,WAS,16,7.4375,7.865790482865,-0.428290482865002,4.03850021642649,-4.45295138888841,1,2,FALSE,-3.65099519114504,,,,,,,,,,,,,,,,FALSE
Steve Spurrier,2003,WAS,16,5.3125,6.77144574152067,-1.45894574152067,4.11764988198783,-5.74357638365668,2,2,FALSE,-3.65099519114504,,,,,,,,,,,,,,,,FALSE
Steve Wilks,2018,ARI,16,3.1875,4.89832034171201,-1.71082034171201,3.15615407540527,-11.4989583333333,1,1,FALSE,-3.71927083333286,6.83039566952096,-1.93207532780895,-3.64289566952096,-0.869828365683785,-1.24297715797063,0,FALSE,FALSE,TRUE,-2.66884545893715,-0.865986453257585,0.115434189261681,-0.219011617415628,0,-3.2988173973213,TRUE
Steve Wilks,2022,CAR,12,8.5,5.78883781481992,2.71116218518008,5.01390277745569,-0.435012244168385,1,1,TRUE,-5.65495522622532,7.38572606720837,-1.59688825238845,1.11427393279163,-0.973991998075208,-0.328671237588941,-0.308011519670193,FALSE,FALSE,FALSE,-0.818523580556603,-0.501850793411335,-1.05090860067552,-0.0758241225204157,0,1.31516471009608,TRUE
Terry Robiskie,2000,WAS,13,9.15384615384615,10.5607752027222,-1.40692904887606,4.89047450046058,2.13984614992865,1,1,TRUE,2.87518234445922,,,,,,,,,,,,,,,,FALSE
Todd Bowles,2015,NYJ,16,10.625,9.88645689954608,0.738543100453924,4.05982593584054,1.52873271475593,1,4,FALSE,-5.04253472222299,8.42107505278925,1.46538184675683,2.20392494721075,0.567612587866285,-1.08819310655849,0.402289705090796,FALSE,FALSE,FALSE,0.682497257711472,,-2.64392235796167,-0.643508388380329,0,2.97249999037511,TRUE
Todd Bowles,2016,NYJ,16,5.3125,6.68713250263693,-1.37463250263693,3.96415072192992,-8.51718749999969,2,4,FALSE,-5.04253472222299,8.75420955692681,-2.06707705428988,-3.44170955692681,0.659355004405631,-0.392842489728532,0.351430131636157,FALSE,FALSE,FALSE,-1.45129854098761,,2.20392494721075,-0.643508388380329,0,-2.67313451376245,TRUE
Todd Bowles,2017,NYJ,16,5.3125,5.31167230098037,0.00082769901962898,3.5239765697498,-4.94739583333374,3,4,FALSE,-5.04253472222299,5.23996374032811,0.0717085606522661,0.072536259671895,-1.56876402260016,-0.758888748530584,-0.676561502358866,FALSE,FALSE,FALSE,-0.186554803877297,-2.33234247312367,-3.44170955692681,-0.643508388380329,0,0.841111302836258,TRUE
Todd Bowles,2018,NYJ,16,4.25,6.08256976796959,-1.83256976796959,3.66720731337458,-7.83871527777703,4,4,FALSE,-5.04253472222299,6.7467477565228,-0.664177988553208,-2.4967477565228,-0.556358599477212,-0.937796065476564,0,FALSE,FALSE,TRUE,-1.0982629454836,-1.28024275819907,0.072536259671895,-0.643508388380329,0,-1.72817271335844,TRUE
Todd Bowles,2022,TB,17,8,10.1448404554369,-2.14484045543687,3.70420220178908,-2.07077394953831,1,4,FALSE,8.38680613741105,10.6747637009766,-0.529923245539726,-2.67476370097659,0.546867497018146,0.394692534222527,1.15331222846818,FALSE,TRUE,FALSE,0.198380680919547,1.48864284688201,1.03801058830708,-0.314137271243823,0,-2.23555977494874,TRUE
Todd Bowles,2023,TB,17,9,7.47193147774713,1.52806852225287,3.80886565335441,0.826895287601882,2,4,FALSE,8.38680613741105,6.77561859288494,0.696312884862189,2.22438140711506,-1.11303267045736,-0.886056020288534,-1.16698855416369,FALSE,FALSE,FALSE,0.523027322611949,-0.460307873815451,-2.67476370097659,-0.314137271243823,0,2.66358533314292,TRUE
Todd Bowles,2024,TB,17,10,9.28334317783436,0.716656822165636,3.52967858277598,6.62982738497073,3,4,FALSE,8.38680613741105,8.4012847478551,0.882058429979262,1.5987152521449,-0.0101736925866196,0.131173382233361,0.377222693287509,FALSE,FALSE,FALSE,1.06066257487822,-0.365354553619919,2.22438140711506,-0.314137271243823,0,2.03791917817275,TRUE
Todd Bowles,2025,TB,17,8,9.17804429986032,-1.17804429986033,3.80880406580231,-1.2620268384656,4,4,FALSE,8.38680613741105,8.77414555100061,0.403898748859712,-0.774145551000613,-0.548689397197307,0.240507628488844,0.751693942586234,FALSE,FALSE,FALSE,-0.034690051415971,0.0946257505103454,1.5987152521449,-0.314137271243823,0,-0.334941624972757,TRUE
Todd Haley,2009,KC,16,4.25,4.91070702426541,-0.660707024265411,3.41303196200196,-8.42673611111127,1,3,FALSE,-9.22638888888817,,,,,,,,,,,,,,,,FALSE
Todd Haley,2010,KC,16,10.625,8.80793793887683,1.81706206112317,3.91942808602725,-0.686458333331743,2,3,FALSE,-9.22638888888817,,,,,,,,,,,,,,,,FALSE
Todd Haley,2011,KC,13,6.53846153846154,5.9069136066134,0.631547931848139,4.24235223840192,-10.5178285256411,3,3,FALSE,-9.22638888888817,,,,,,,,,,,,,,,,FALSE
Tom Cable,2008,LV,12,5.66666666666667,4.80800646685696,0.858660199809709,4.55514916022233,-6.93972800925873,1,3,TRUE,-5.9776041666675,,,,,,,,,,,,,,,,FALSE
Tom Cable,2009,LV,16,5.3125,4.32965950220107,0.982840497798926,3.03081920293642,-10.2680555555557,2,3,FALSE,-5.9776041666675,,,,,,,,,,,,,,,,FALSE
Tom Cable,2010,LV,16,8.5,6.72053216732739,1.77946783267261,3.84057066677587,0.180208333334923,3,3,FALSE,-5.9776041666675,,,,,,,,,,,,,,,,FALSE
Tom Coughlin,1999,JAX,16,14.875,13.0969572214089,1.77804277859109,3.02238191785011,6.36126173403584,1,4,FALSE,0,,,,,,,,,,,,,,,,FALSE
Tom Coughlin,2000,JAX,16,7.4375,9.98554182237175,-2.54804182237175,3.43546423023028,1.13726959773678,2,4,FALSE,0,,,,,,,,,,,,,,,,FALSE
Tom Coughlin,2001,JAX,16,6.375,8.50415014703191,-2.12915014703191,4.06637128216971,0.852925380446478,3,4,FALSE,0,,,,,,,,,,,,,,,,FALSE
Tom Coughlin,2002,JAX,16,6.375,8.68306683100024,-2.30806683100024,4.11243882583468,-0.20156249999935,4,4,FALSE,0,,,,,,,,,,,,,,,,FALSE
Tom Coughlin,2004,NYG,16,6.375,6.76646011159661,-0.39146011159661,3.76727069012745,-3.91475694444462,1,12,FALSE,-8.56440971699001,,,,,,,,,,,,,,,,FALSE
Tom Coughlin,2005,NYG,16,11.6875,9.69751640071089,1.98998359928911,4.04103101871895,7.49114583333245,2,12,FALSE,-8.56440971699001,,,,,,,,,,,,,,,,FALSE
Tom Coughlin,2006,NYG,16,8.5,9.21542367567923,-0.715423675679235,4.03441163806127,0.0838541666660393,3,12,FALSE,-8.56440971699001,,,,,,,,,,,,,,,,FALSE
Tom Coughlin,2007,NYG,16,10.625,9.22672936261872,1.39827063738128,3.90340447511961,3.26319444444334,4,12,FALSE,-8.56440971699001,,,,,,,,,,,,,,,,FALSE
Tom Coughlin,2008,NYG,16,12.75,10.7987421353578,1.95125786464217,3.66334378189422,8.37256944444436,5,12,FALSE,-8.56440971699001,,,,,,,,,,,,,,,,FALSE
Tom Coughlin,2009,NYG,16,8.5,10.3214977931848,-1.82149779318477,3.72826762162258,0.0843749999991585,6,12,FALSE,-8.56440971699001,,,,,,,,,,,,,,,,FALSE
Tom Coughlin,2010,NYG,16,10.625,10.2148680628599,0.410131937140143,3.88217808632938,2.11111111111061,7,12,FALSE,-8.56440971699001,,,,,,,,,,,,,,,,FALSE
Tom Coughlin,2011,NYG,16,9.5625,8.62691390749949,0.935586092500513,3.79520247485405,1.58784722222205,8,12,FALSE,-8.56440971699001,,,,,,,,,,,,,,,,FALSE
Tom Coughlin,2012,NYG,16,9.5625,9.86442764548383,-0.301927645483826,4.10384910620467,6.24210070677751,9,12,FALSE,-8.56440971699001,9.12057293287795,0.743854712605875,0.44192706712205,-0.111293908789499,1.04243245782904,0.453215550101931,FALSE,FALSE,FALSE,0.409116351171157,,,-0.391667435154657,0,0.95866115706074,TRUE
Tom Coughlin,2013,NYG,16,7.4375,7.46711679067548,-0.0296167906754823,3.98627072472192,-5.39756944444353,10,12,FALSE,-8.56440971699001,8.79780559765437,-1.33068880697889,-1.36030559765437,-0.579873005698778,0.903205382109945,0.248080588374538,FALSE,FALSE,FALSE,-1.25437051812113,,0.44192706712205,-0.391667435154657,0,-0.843571507715682,TRUE
Tom Coughlin,2014,NYG,16,6.375,7.63131243880699,-1.25631243880699,4.10178798244045,-1.69149305555535,11,12,FALSE,-8.56440971699001,8.07114189958686,-0.439829460779876,-1.69614189958686,-0.570179338115208,0.810253707192331,-1.36076067782753,FALSE,FALSE,FALSE,0.232737698757176,,-1.36030559765437,-0.391667435154657,0,-1.17940780964817,TRUE
Tom Coughlin,2015,NYG,16,6.375,7.95988922156993,-1.58488922156993,4.09977127771383,-3.55616311857741,12,12,FALSE,-8.56440971699001,8.07190578507117,-0.112016563501236,-1.69690578507116,-2.15415052459345,0.917885400011166,0.150566945140539,FALSE,FALSE,FALSE,0.362782955320472,,-1.69614189958686,-0.391667435154657,0,-1.18017169513247,TRUE
Tony Dungy,1999,TB,16,11.6875,9.5608586627371,2.1266413372629,4.0303101121304,2.60943563369045,1,3,FALSE,0,,,,,,,,,,,,,,,,FALSE
Tony Dungy,2000,TB,16,10.625,10.5914273850188,0.0335726149812317,3.91090894124911,7.31925261096418,2,3,FALSE,0,,,,,,,,,,,,,,,,FALSE
Tony Dungy,2001,TB,16,9.5625,9.68511318454009,-0.122613184540093,4.01406026903867,4.02984145238637,3,3,FALSE,0,,,,,,,,,,,,,,,,FALSE
Tony Dungy,2002,IND,16,10.625,10.1424124059857,0.482587594014321,3.70207112562697,1.16892361111176,1,7,FALSE,-3.7744967593937,,,,,,,,,,,,,,,,FALSE
Tony Dungy,2003,IND,16,12.75,10.5921294395858,2.15787056041424,3.87740021810003,6.97135417189888,2,7,FALSE,-3.7744967593937,,,,,,,,,,,,,,,,FALSE
Tony Dungy,2004,IND,16,12.75,11.4225736803974,1.32742631960255,3.48503247021917,11.4133680555557,3,7,FALSE,-3.7744967593937,,,,,,,,,,,,,,,,FALSE
Tony Dungy,2005,IND,16,14.875,12.6750816025252,2.19991839747478,2.98943494598969,10.8031250000002,4,7,FALSE,-3.7744967593937,,,,,,,,,,,,,,,,FALSE
Tony Dungy,2006,IND,16,12.75,11.7295863816205,1.02041361837946,3.46695016388366,5.87708333333271,5,7,FALSE,-3.7744967593937,,,,,,,,,,,,,,,,FALSE
Tony Dungy,2007,IND,16,13.8125,11.8597106477277,1.95278935227227,3.38191201132939,12.0074652777782,6,7,FALSE,-3.7744967593937,,,,,,,,,,,,,,,,FALSE
Tony Dungy,2008,IND,16,12.75,10.5774377559245,2.17256224407553,3.72896832481885,6.4916666666656,7,7,FALSE,-3.7744967593937,,,,,,,,,,,,,,,,FALSE
Tony Sparano,2008,MIA,16,11.6875,8.48550520824819,3.20199479175181,3.89315466556381,-0.528819444443376,1,4,FALSE,-8.37222222222261,,,,,,,,,,,,,,,,FALSE
Tony Sparano,2009,MIA,16,7.4375,7.16113657670649,0.27636342329351,4.04254501694614,1.68437499999914,2,4,FALSE,-8.37222222222261,,,,,,,,,,,,,,,,FALSE
Tony Sparano,2010,MIA,16,7.4375,8.35233402683973,-0.914834026839731,4.23571765368732,0.3013888888873,3,4,FALSE,-8.37222222222261,,,,,,,,,,,,,,,,FALSE
Tony Sparano,2011,MIA,13,5.23076923076923,7.1599200292255,-1.92915079845627,4.8999842329625,0.17869925213661,4,4,FALSE,-8.37222222222261,,,,,,,,,,,,,,,,FALSE
Tony Sparano,2014,LV,12,4.25,3.77235031365661,0.477649686343395,4.01069775618047,-8.50679976851966,1,1,TRUE,-7.98524305555536,7.23330934681382,-3.46095903315721,-2.98330934681382,-1.82114136421413,-1.1366201940792,0,FALSE,FALSE,TRUE,-1.64505312215457,,-2.49554789618735,-0.562952607356215,0,-2.29529008467357,TRUE
Urban Meyer,2021,JAX,13,2.61538461538462,5.10517853356667,-2.48979391818206,4.26193334650428,-10.8136582951099,1,1,FALSE,-11.7236111111107,6.5119038236444,-1.40672529007773,-3.89651920825979,-1.04751380258606,-0.617269078855505,0,FALSE,FALSE,TRUE,-1.07081732845665,-1.48494781759793,-4.81382127927143,-0.66090303484902,0,-3.11054951862673,TRUE
Vance Joseph,2017,DEN,16,5.3125,8.56289607287893,-3.25039607287893,4.05215414931719,-6.72586805555561,1,2,FALSE,4.04739583333318,8.44917449773161,0.113721575147322,-3.13667449773161,0.335045410016401,-1.27115116019526,0.100296117811221,FALSE,FALSE,FALSE,-1.29855160438968,0.366099612183435,1.34088404984775,0.416063630234736,0,-3.42767147318231,TRUE
Vance Joseph,2018,DEN,16,6.375,7.81498568362886,-1.43998568362886,4.07347269372045,-0.507638888889291,2,2,FALSE,4.04739583333318,8.1011353403743,-0.28614965674544,-1.7261353403743,0.223296972882727,0.0625197376984376,0.383158656098163,FALSE,FALSE,FALSE,-0.561161944767343,-0.800577563003665,-3.13667449773161,0.416063630234736,0,-2.017132315825,TRUE
Vic Fangio,2019,DEN,16,7.4375,7.04271756181646,0.394782438183539,3.85814247378565,-2.12361111111074,1,3,FALSE,-0.507638888889291,7.34683241630708,-0.304114854490623,0.0906675836929169,-1.47049070612624,0.819801115021814,-0.291440620477253,FALSE,TRUE,FALSE,-0.827574589339199,-0.952370599458943,-1.7261353403743,0.416063630234736,0,-0.200329391757785,TRUE
Vic Fangio,2020,DEN,16,5.3125,5.49652727249594,-0.184027272495939,3.77632362117865,-6.00503472222281,2,3,FALSE,-0.507638888889291,7.53156799398946,-2.03504072149352,-2.21906799398946,0.253399789596028,-1.2382000658109,0.0935915204615757,FALSE,FALSE,FALSE,-1.53658286209053,-0.731155036616305,0.0906675836929169,0.416063630234736,0,-2.51006496944016,TRUE
Vic Fangio,2021,DEN,17,7,8.73762015280632,-1.73762015280632,3.53215962851916,-0.358094190755509,3,3,FALSE,-0.507638888889291,8.47151944283404,0.266100709972282,-1.47151944283404,-0.254226363583431,-0.447438432821187,-0.323089698386247,FALSE,FALSE,FALSE,0.338738635654813,0.482306994960309,-2.21906799398946,0.416063630234736,0,-1.76251641828474,TRUE
Vince Tobin,1999,ARI,16,6.375,6.76169895103193,-0.38669895103193,3.99040023196261,-8.7510551687298,1,2,FALSE,0,,,,,,,,,,,,,,,,FALSE
Vince Tobin,2000,ARI,9,5.66666666666667,6.81248465541012,-1.14581798874346,6.98110302768202,-12.9712592960507,2,2,FALSE,0,,,,,,,,,,,,,,,,FALSE
Wade Phillips,1999,BUF,16,11.6875,10.0106632098652,1.67683679013482,4.06864899690847,7.14121810704655,1,2,FALSE,0,,,,,,,,,,,,,,,,FALSE
Wade Phillips,2000,BUF,16,8.5,8.8044118395098,-0.304411839509804,4.10253243330173,-0.0204603276341093,2,2,FALSE,0,,,,,,,,,,,,,,,,FALSE
Wade Phillips,2007,DAL,16,13.8125,11.4449852826468,2.36751471735325,3.26695811814101,9.47256944444334,1,4,FALSE,3.66093749999937,,,,,,,,,,,,,,,,FALSE
Wade Phillips,2008,DAL,16,9.5625,10.7867815302916,-1.22428153029158,3.5940285534514,0.566666666666578,2,4,FALSE,3.66093749999937,,,,,,,,,,,,,,,,FALSE
Wade Phillips,2009,DAL,16,11.6875,10.9146263192263,0.772873680773719,3.72095203583306,7.14930555555471,3,4,FALSE,3.66093749999937,,,,,,,,,,,,,,,,FALSE
Wade Phillips,2010,DAL,8,2.125,9.76376715839503,-7.63876715839503,8.00954485201753,-8.07335069444526,4,4,FALSE,3.66093749999937,,,,,,,,,,,,,,,,FALSE
Zac Taylor,2019,CIN,16,2.125,5.51140036367694,-3.38640036367694,3.58237501032655,-7.34184027777815,1,7,FALSE,-3.41354166666742,8.09066598848018,-2.57926562480324,-5.96566598848018,-0.236619677142137,0.478912063803704,-0.122724835096995,FALSE,FALSE,FALSE,-1.32578458634006,-0.59569604465507,-1.63286688645903,0.0419180477285476,0,-5.88251738142469,TRUE
Zac Taylor,2020,CIN,16,4.78125,4.89668210593228,-0.115432105932278,3.47767863272511,-7.49409722222164,2,7,FALSE,-3.41354166666742,7.23943115079391,-2.34274904486163,-2.45818115079391,-0.203655613212745,-0.726497141580495,0,FALSE,FALSE,TRUE,-0.716559948614657,-1.07133702457349,-5.96566598848018,0.0419180477285476,0,-2.37503254373842,TRUE
Zac Taylor,2021,CIN,17,10,8.69106751901821,1.30893248098179,3.81533413165694,3.25562828748306,3,7,FALSE,-3.41354166666742,6.97339873255453,1.71766878646368,3.02660126744547,-0.89371317665698,-0.669524662250681,0.0498757890567713,FALSE,FALSE,FALSE,0.938723808101695,-1.01848533626968,-2.45818115079391,0.0419180477285476,0,3.10974987450096,TRUE
Zac Taylor,2022,CIN,16,12.75,10.8454659895267,1.9045340104733,3.94452939090477,6.58334884253077,4,7,FALSE,-3.41354166666742,9.17410603053569,1.67135995899101,3.57589396946431,-0.485144303223773,-0.650166247282927,1.00618857816546,FALSE,FALSE,FALSE,1.21395670073388,0.870237055722908,3.02660126744547,0.0419180477285476,0,3.65904257651979,TRUE
Zac Taylor,2023,CIN,17,9,8.95826178772829,0.0417382122717118,3.87544033285546,1.97344969256058,5,7,FALSE,-3.41354166666742,10.3002870015169,-1.34202521378864,-1.30028700151692,0.109120850044839,1.46639680550676,0.74066091982471,FALSE,FALSE,FALSE,0.229242928550736,0.87164682488458,3.57589396946431,0.0419180477285476,0,-1.21713839446144,TRUE
Zac Taylor,2024,CIN,17,9,10.3180855107736,-1.31808551077358,3.67172349944835,1.24744266451791,6,7,FALSE,-3.41354166666742,9.70346185262701,0.61462365814657,-0.703461852627008,0.348604690876213,1.35188893934382,0.102496706151353,FALSE,FALSE,FALSE,0.835086580223151,0.468446846269256,-1.30028700151692,0.0419180477285476,0,-0.620313245571522,TRUE
Zac Taylor,2025,CIN,17,6,7.33953523003341,-1.33953523003341,3.45082907643637,-4.92901326009171,7,7,FALSE,-3.41354166666742,8.92098909247233,-1.58145386243892,-2.92098909247233,0.00352556596102399,1.50109933643037,0.577996124928612,FALSE,FALSE,FALSE,-0.486449312330844,-0.588387185504209,-0.703461852627008,0.0419180477285476,0,-2.83784048541684,TRUE
