off_play_caller,season,n,actual,expected,raw_resid,team.x,lg_resid,resid,prev,prev_season,prev_team,plays,epa,success,wpa,hi_plays,hi_epa,hi_wpa,hi_success,team.y,ctrl_qb_prior_epa,ctrl_qb_apy_pct,ctrl_index,abs_resid
Adam Gase,2015,1035,0.553623188405797,0.6140543979777084,-6.043120957191139,CHI,0.1965798639761429,-6.239700821167282,NA,NA,NA,1035,-0.033261616461335367,0.4251207729468599,4.845547146994651e-5,252,-0.06086016757831122,-0.003938335619170816,0.4007936507936508,CHI,NA,0.136,0.8718526297949429,6.239700821167282
Adam Gase,2016,980,0.5714285714285714,0.6287007462689463,-5.727217484037494,MIA,0.42742887415463393,-6.154646358192128,-6.239700821167282,2015,CHI,980,-0.013881262883457908,0.4163265306122449,4.270704146304769e-4,232,0.09073561547257337,0.003306444795889606,0.4224137931034483,MIA,-0.011003210442177636,0.134,0.028828920084965626,6.154646358192128
Adam Gase,2017,999,0.6446446446446447,0.6422986245515558,0.23460200930888186,MIA,-1.2052393669852224,1.4398413762941042,-6.154646358192128,2016,MIA,999,-0.13716606947990975,0.38738738738738737,-0.003152795411378717,215,-0.11633747162113726,-0.004840311242870361,0.3674418604651163,MIA,-0.1691410062235221,0.136,-0.06185808528806913,1.4398413762941042
Adam Gase,2018,873,0.5910652920962199,0.6073593429085997,-1.629405081237978,MIA,0.805948653885058,-2.435353735123036,1.4398413762941042,2017,MIA,873,-0.1134477729335012,0.3974799541809851,-8.61427530912928e-4,211,-0.07410679087380871,-2.452278907833088e-5,0.4028436018957346,MIA,NA,0.134,0.9410446899008573,2.435353735123036
Adam Gase,2019,955,0.6073298429319371,0.6102904819937041,-0.2960639061766912,NYJ,0.4000090329507544,-0.6960729391274456,-2.435353735123036,2018,MIA,955,-0.168038265161898,0.3643979057591623,-0.0025864353669825917,193,0.08938141912898671,-4.50588098858901e-5,0.44559585492227977,NYJ,-0.06717832182736291,0.043,-0.18030926626195842,0.6960729391274456
Adam Gase,2020,382,0.6518324607329843,0.6686390539660503,-1.6806593233065992,NYJ,1.1364240806491233,-2.8170834039557224,-0.6960729391274456,2019,NYJ,382,-0.23414836177062914,0.3612565445026178,-0.004476400350414504,50,-0.07706361866258393,-0.004725291652325085,0.34,NYJ,-0.03825304912765708,0.043,0.2525053446344655,2.8170834039557224
Alex Van Pelt,2024,1030,0.616504854368932,0.6345593594846505,-1.8054505115718489,NE,-0.9518483966517222,-0.8536021149201267,NA,NA,NA,1030,-0.09030234923497313,0.4223300970873786,-0.0012243372135353923,274,-0.02174093039518747,-0.0033207882158238894,0.4416058394160584,NE,NA,0.036000000000000004,0.5117005854061163,0.8536021149201267
Andy Reid,2015,377,0.6710875331564987,0.6311661813516833,3.9921351804815375,KC,0.1965798639761429,3.7955553165053946,NA,NA,NA,377,-0.03771367326974376,0.44562334217506633,-0.0024314619254266786,62,-0.00553964958104023,1.520456806305851e-4,0.46774193548387094,KC,NA,0.128,1.4422400379918092,3.7955553165053946
Andy Reid,2016,1026,0.6189083820662769,0.6060251789730313,1.2883203093245532,KC,0.42742887415463393,0.8608914351699193,3.7955553165053946,2015,KC,1026,0.002483039473244674,0.42007797270955166,0.0017078700829268603,204,-0.012232713241255236,0.005304019891283002,0.4166666666666667,KC,0.018743765824268847,0.128,0.7378368226563985,0.8608914351699193
Andy Reid,2017,668,0.6317365269461078,0.6271712363608363,0.4565290585271553,KC,-1.2052393669852224,1.6617684255123777,0.8608914351699193,2016,KC,668,0.051983861427598005,0.4356287425149701,0.0013245815827958736,210,0.12001341510718878,0.004855793472307674,0.42857142857142855,KC,0.07016974860663398,0.128,0.9395688907400734,1.6617684255123777
Andy Reid,2018,1112,0.6465827338129496,0.551235921287293,9.534681252565658,KC,0.805948653885058,8.728732598680601,1.6617684255123777,2017,KC,1112,0.22137441806869687,0.48830935251798563,0.005200947384626954,155,0.2663952165552879,0.008433841965282228,0.5548387096774193,KC,NA,0.025,0.12026392509562395,8.728732598680601
Andy Reid,2019,1154,0.6559792027729636,0.5568127365334142,9.91664662395494,KC,0.4000090329507544,9.516637591004185,8.728732598680601,2018,KC,1154,0.15273329210715902,0.4696707105719237,0.005253316145244731,234,0.26699112252560797,0.008849291657573076,0.5170940170940171,KC,0.31382390601707855,0.025,0.8592969747935375,9.516637591004185
Andy Reid,2020,1232,0.672077922077922,0.5625044319502005,10.957349012772156,KC,1.1364240806491233,9.820924932123033,9.516637591004185,2019,KC,1232,0.17577492793271562,0.5008116883116883,0.006969786043687167,197,0.2433696929704736,0.013188111064363964,0.5076142131979695,KC,0.2618426477599648,0.22699999999999998,1.3721477314129293,9.820924932123033
Andy Reid,2021,1326,0.6749622926093515,0.5667592726337412,10.820301997561032,KC,0.6261669761270405,10.194135021433992,9.820924932123033,2020,KC,1326,0.14620893933471993,0.5135746606334841,0.00454487530542461,253,0.2185240630266302,0.008602906978669608,0.5810276679841897,KC,0.25152836417161684,0.22699999999999998,1.353681764998265,10.194135021433992
Andy Reid,2022,1272,0.6611635220125787,0.5473017990340203,11.386172297855834,KC,-0.9597999024095194,12.345972200265354,10.194135021433992,2021,KC,1272,0.18205387189478486,0.5015723270440252,0.005353051036289153,292,0.21050697271765093,0.009846217079767003,0.5102739726027398,KC,0.19849929166748206,0.22699999999999998,1.321857278672784,12.345972200265354
Andy Reid,2023,1331,0.6626596543951916,0.59614307911553,6.65165752796616,KC,0.11393367084590045,6.537723857120259,12.345972200265354,2022,KC,1331,0.02359432797486082,0.43425995492111197,0.0017912112099525111,385,0.055868746969220735,0.002251051652714824,0.45454545454545453,KC,0.26163621481834554,0.22699999999999998,1.4951321205215282,6.537723857120259
Andy Reid,2024,1235,0.6356275303643725,0.5723948554863572,6.323267487801532,KC,-0.9518483966517222,7.275115884453254,6.537723857120259,2023,KC,1235,0.05743326980214078,0.47125506072874496,0.003611711997921858,309,0.10214641561365684,0.004904238812533642,0.4919093851132686,KC,0.06934059961424786,0.22699999999999998,1.1256301115813532,7.275115884453254
Andy Reid,2025,1049,0.6539561487130601,0.5996502488283348,5.430589988472523,KC,-0.6494373745055793,6.080027362978102,7.275115884453254,2024,KC,1049,0.029657884666499927,0.44232602478551003,3.619461850459122e-4,369,-0.13005973826685252,-0.002639427749380259,0.4173441734417344,KC,0.09762956208056228,0.22699999999999998,1.0728083712155572,6.080027362978102
Anthony Lynn,2016,918,0.5555555555555556,0.5976820664595985,-4.212651090404296,BUF,0.42742887415463393,-4.64007996455893,NA,NA,NA,918,0.058023767014044506,0.4542483660130719,0.0016564514756938775,245,0.10482200004619194,7.540943493103855e-4,0.4775510204081633,BUF,0.10904695430085329,0.11599999999999999,0.3275000302761456,4.64007996455893
Anthony Lynn,2021,518,0.6563706563706564,0.6477838641456884,0.8586792224967943,DET,0.6261669761270405,0.23251224636975376,-4.64007996455893,2016,BUF,518,-0.12010708667649336,0.42084942084942084,-0.0024085886305509423,23,-0.530424380726121,-0.015029116817142653,0.2608695652173913,DET,0.02093275705076853,0.17800000000000002,0.9681955534488078,0.23251224636975376
Arthur Smith,2019,1104,0.5434782608695652,0.6047382816466489,-6.12600207770837,TEN,0.4000090329507544,-6.526011110659125,NA,NA,NA,1104,0.06455974540690752,0.45108695652173914,0.0016222752762232266,357,0.14405423562930403,0.004926795228925963,0.46218487394957986,TEN,-0.1871235340256432,0.037000000000000005,-0.3027556268229562,6.526011110659125
Arthur Smith,2020,1078,0.5176252319109462,0.5973899343063112,-7.976470239536493,TEN,1.1364240806491233,-9.112894320185616,-6.526011110659125,2019,TEN,1078,0.15112606830869454,0.49257884972170685,0.004096317747354494,286,0.15599570823262102,0.006434331225389791,0.534965034965035,TEN,0.156426680516879,0.149,1.209050870987636,9.112894320185616
Arthur Smith,2021,1001,0.6283716283716284,0.616579555523964,1.179207284766437,ATL,0.6261669761270405,0.5530403086393965,-9.112894320185616,2020,TEN,1001,-0.10195404966589391,0.4025974025974026,4.8187237890101706e-4,229,0.06045324310713757,0.003467890089301556,0.4497816593886463,ATL,0.08764774869211367,0.16899999999999998,0.9375989649053477,0.5530403086393965
Arthur Smith,2022,1009,0.48166501486620417,0.6012720177143929,-11.96070028481887,ATL,-0.9597999024095194,-11.00090038240935,0.5530403086393965,2021,ATL,1009,-0.008109133625219873,0.4499504459861249,5.389367427801773e-4,334,0.04614876628186096,0.0026552408614552176,0.48502994011976047,ATL,NA,0.045,0.6805696596209118,11.00090038240935
Arthur Smith,2023,1085,0.552073732718894,0.6283447059789834,-7.627097326008936,ATL,0.11393367084590045,-7.741030996854837,-11.00090038240935,2022,ATL,1085,-0.10346349035579713,0.40921658986175113,-0.0015747716707927807,462,-0.04920348518484436,-0.00014956268185725209,0.4264069264069264,ATL,-0.04965353282862384,0.006,-0.47458383554968575,7.741030996854837
Arthur Smith,2024,1119,0.5540661304736372,0.5987471560760333,-4.468102560239617,PIT,-0.9518483966517222,-3.516254163587895,-7.741030996854837,2023,ATL,1119,-0.03614817267397159,0.40035746201966044,-9.129893533045972e-4,338,-0.135499068127619,-0.0023545524309857542,0.3698224852071006,PIT,-0.0778103762022714,0.235,0.6856547685667715,3.516254163587895
Arthur Smith,2025,1037,0.6075216972034716,0.5998315442220569,0.7690152981414733,PIT,-0.6494373745055793,1.4184526726470525,-3.516254163587895,2024,PIT,1037,-0.011016391539006324,0.43008678881388623,-1.9216236019833376e-4,347,-0.06030966181529281,-0.0028771559361861062,0.4265129682997118,PIT,-0.003883977380211159,0.16699999999999998,0.2353854280184967,1.4184526726470525
Ben Johnson,2022,1087,0.5758969641214351,0.5766213333222198,-0.07243692007846692,DET,-0.9597999024095194,0.8873629823310525,NA,NA,NA,1087,0.061164437333578944,0.45170193192272307,0.00224420356736515,323,0.011145308791134335,7.449973533167356e-4,0.4086687306501548,DET,-0.06979423212933057,0.17800000000000002,0.7773968330861293,0.8873629823310525
Ben Johnson,2023,1316,0.5767477203647416,0.5884902002841891,-1.1742479919447435,DET,0.11393367084590045,-1.288181662790644,0.8873629823310525,2022,DET,1316,0.07193953359768625,0.4673252279635258,0.0037760910379718658,247,0.017122107933478615,0.0033434243767293853,0.5060728744939271,DET,0.15699242835530272,NA,0.8550274585735528,1.288181662790644
Ben Johnson,2024,1173,0.5447570332480819,0.5637257058659326,-1.8968672617850735,DET,-0.9518483966517222,-0.9450188651333513,-1.288181662790644,2023,DET,1173,0.15491121448329706,0.5021312872975278,0.0038343866422517183,277,0.20249578825462458,0.007640451882299862,0.5126353790613718,DET,0.13058568512408367,0.20800000000000002,1.304282005447942,0.9450188651333513
Ben Johnson,2025,1255,0.5880478087649402,0.6106296057282274,-2.2581796963287215,CHI,-0.6494373745055793,-1.6087423218231423,-0.9450188651333513,2024,DET,1255,0.0668393170670297,0.450996015936255,0.003204720715189059,430,0.023962618238858202,0.00371676228267132,0.4511627906976744,CHI,-0.08487709809971372,0.039,0.21966101866601107,1.6087423218231423
Ben McAdoo,2015,1052,0.6245247148288974,0.6026176912178896,2.1907023611007825,NYG,0.1965798639761429,1.9941224971246396,NA,NA,NA,1052,0.008478477368439121,0.43250950570342206,0.001392577154109784,320,0.10951156601398239,0.00409910161520561,0.48125,NYG,NA,0.147,1.5751518025149978,1.9941224971246396
Ben McAdoo,2016,1071,0.6255835667600373,0.6197583004745311,0.5825266285506281,NYG,0.42742887415463393,0.15509775439599416,1.9941224971246396,2015,NYG,1071,-0.08022993419299104,0.4024276377217554,-6.417452353131641e-4,287,-0.04760106996176718,-0.0012036323329510082,0.43205574912891986,NYG,0.07673196780193531,0.147,0.0905687605057805,0.15509775439599416
Ben McAdoo,2017,316,0.689873417721519,0.6415983713880371,4.827504633348189,NYG,-1.2052393669852224,6.032744000333412,0.15509775439599416,2016,NYG,316,-0.07341743653478726,0.439873417721519,-0.002218756333095592,91,0.017592331721059243,0.0029738273135154576,0.43956043956043955,NYG,-0.0443761650534682,0.147,0.5406563003425998,6.032744000333412
Ben McAdoo,2022,976,0.5215163934426229,0.59256808537528,-7.105169193265715,CAR,-0.9597999024095194,-6.145369290856195,6.032744000333412,2017,NYG,976,-0.04123640609649228,0.4036885245901639,-0.0010383043831005614,283,-0.08539185529827545,-0.0032752927203096864,0.38869257950530034,CAR,-0.03544967330592697,0.07400000000000001,0.25807646039918236,6.145369290856195
Bill Lazor,2015,676,0.6715976331360947,0.6345828301466164,3.7014802989478235,MIA,0.1965798639761429,3.5049004349716806,NA,NA,NA,676,-0.04366051008931388,0.41420118343195267,-0.0021192567903784215,144,0.009528300563115304,-9.852142043092686e-4,0.4236111111111111,MIA,NA,0.134,0.9410446899008573,3.5049004349716806
Bill Lazor,2017,793,0.6116015132408575,0.6041497671283774,0.7451746112480118,CIN,-1.2052393669852224,1.9504139782332341,3.5049004349716806,2015,MIA,793,-0.06172806803453569,0.39596469104665827,-1.1262569399973116e-4,179,-0.01324252805650566,-0.0018488605614191524,0.4022346368715084,CIN,0.08038823719118858,0.12,0.5376002979602299,1.9504139782332341
Bill Lazor,2018,940,0.6372340425531915,0.621319401113594,1.5914641439597532,CIN,0.805948653885058,0.7855154900746952,1.9504139782332341,2017,CIN,940,-0.01739276694906311,0.4223404255319149,4.5295525147540036e-5,211,-0.05571147490309271,-0.0012080426598660916,0.44549763033175355,CIN,-0.08799696255833897,0.12,-0.33568744443979337,0.7855154900746952
Bill Lazor,2020,497,0.607645875251509,0.5932394897778869,1.4406385473622163,CHI,1.1364240806491233,0.30421446671309305,0.7855154900746952,2018,CIN,497,0.0111005025924249,0.4688128772635815,-0.0011856615652402723,65,-0.0547004192808915,-0.005880724023875432,0.4153846153846154,CHI,-0.06794773380825696,0.043,0.025622435590122672,0.30421446671309305
Bill Lazor,2021,829,0.6043425814234017,0.6066096184013545,-0.226703697795283,CHI,0.6261669761270405,-0.8528706739223235,0.30421446671309305,2020,CHI,829,-0.06537228418467497,0.4089264173703257,6.773526153822369e-4,195,0.01535438439516869,8.003086943808459e-4,0.4153846153846154,CHI,NA,0.026000000000000002,0.10236346676595667,0.8528706739223235
Bill Musgrave,2015,1007,0.6494538232373386,0.6265192649603746,2.2934558276964,LV,0.1965798639761429,2.096875963720257,NA,NA,NA,1007,-0.05788464519934469,0.3972194637537239,-0.001960285068683424,344,-0.054506120145114176,-5.549707493410902e-4,0.43023255813953487,LV,NA,0.01,-0.3192570255329648,2.096875963720257
Bill Musgrave,2016,1112,0.6088129496402878,0.6174508150827754,-0.863786544248768,LV,0.42742887415463393,-1.291215418403402,2.096875963720257,2015,LV,1112,6.493641848567153e-4,0.41906474820143885,0.0021762579954501433,365,0.07731273124744283,0.003161645737484916,0.44931506849315067,LV,-0.010511142412390102,0.01,-0.6509569408475255,1.291215418403402
Bill Musgrave,2017,401,0.5935162094763092,0.6520357599895347,-5.851955051322544,DEN,-1.2052393669852224,-4.646715684337321,-1.291215418403402,2016,LV,401,-0.1319380540662455,0.36658354114713215,-0.0010083639841171382,147,-0.13131881488948646,-0.0035723792877365864,0.3945578231292517,DEN,-0.021700849142276234,0.004,-0.5415004050502961,4.646715684337321
Bill Musgrave,2018,1014,0.6232741617357002,0.6362469062168716,-1.2972744481171472,DEN,0.805948653885058,-2.103223102002205,-4.646715684337321,2017,DEN,1014,-0.02390229580055172,0.4319526627218935,-3.784118981365545e-4,333,-0.09365137651412184,-0.0016577663304275334,0.4024024024024024,DEN,0.07949303397225707,0.102,0.20472465852452248,2.103223102002205
Bill O'Brien,2015,1182,0.5939086294416244,0.6279186058943925,-3.4009976452768154,HOU,0.1965798639761429,-3.5975775092529583,NA,NA,NA,1182,-0.08553056373958914,0.38747884940778343,-0.0014764312449256094,190,-0.0771671469606988,-0.0011138692683268924,0.37894736842105264,HOU,NA,0.037000000000000005,-0.6488354144175692,3.5975775092529583
Bill O'Brien,2016,1199,0.585487906588824,0.6129933561868747,-2.750544959805068,HOU,0.42742887415463393,-3.177973833959702,-3.5975775092529583,2015,HOU,1199,-0.11770318151010373,0.40033361134278567,-0.0013308424502995646,303,-0.11913837709304345,-0.0018754719605084018,0.38943894389438943,HOU,-0.017652548594946995,0.11599999999999999,-0.18478530947147392,3.177973833959702
Bill O'Brien,2017,1031,0.5848690591658584,0.6108965398228858,-2.6027480657027424,HOU,-1.2052393669852224,-1.39750869871752,-3.177973833959702,2016,HOU,1031,-0.08788477065076315,0.3889427740058196,-0.0016820655651984988,286,-0.11181447370101852,-0.003565831255873483,0.4020979020979021,HOU,NA,0.005,-0.8726868072987288,1.39750869871752
Bill O'Brien,2018,1100,0.6154545454545455,0.606230907021937,0.9223638432608428,HOU,0.805948653885058,0.11641518937578477,-1.39750869871752,2017,HOU,1100,0.0017261868449842009,0.43363636363636365,0.0016116757501955087,231,0.10149338891814069,0.007544568396785671,0.47619047619047616,HOU,0.12014894745532631,0.021,0.36731555741561317,0.11641518937578477
Bill O'Brien,2019,1159,0.6272648835202761,0.597564050730083,2.970083279019309,HOU,0.4000090329507544,2.5700742460685544,0.11641518937578477,2018,HOU,1159,0.03622149427442548,0.4443485763589301,0.0027968738529911695,367,0.057863440583431375,0.005106145463451586,0.44959128065395093,HOU,0.05647524360291204,0.021,0.32145495856544437,2.5700742460685544
Bill O'Brien,2023,1021,0.6131243878550441,0.6340067163091536,-2.0882328454109533,NE,0.11393367084590045,-2.202166516256854,2.5700742460685544,2019,HOU,1021,-0.19262936078302284,0.38785504407443683,-0.004721943891500497,245,-0.17761662237780634,-0.005694008706471164,0.35918367346938773,NE,-0.08553029210500739,0.021,-0.22083855946757147,2.202166516256854
Bo Hardegree,2023,542,0.577490774907749,0.5827796575046277,-0.5288882596878652,LV,0.11393367084590045,-0.6428219305337657,NA,NA,NA,542,-0.06433545819728306,0.3948339483394834,-0.002414358239590387,114,-0.11773485730217645,-0.0024707578862253605,0.35964912280701755,LV,NA,0.005,-0.6994874615267886,0.6428219305337657
Bo Hardegree,2025,822,0.6399026763990268,0.6654959716675511,-2.5593295268524385,TEN,-0.6494373745055793,-1.9098921523468593,-0.6428219305337657,2023,LV,822,-0.15470367151506403,0.3722627737226277,-0.0022170415941477357,143,-0.015484804600626857,-6.935821522401338e-4,0.40559440559440557,TEN,NA,0.044000000000000004,0.8546301316787653,1.9098921523468593
Bobby Slowik,2023,1169,0.6107784431137725,0.6149657762532144,-0.4187333139441862,HOU,0.11393367084590045,-0.5326669847900867,NA,NA,NA,1169,-0.025828883234505908,0.40461933276304535,0.001455014695217739,287,0.11268765841556179,0.006487950340657793,0.43902439024390244,HOU,NA,0.04,0.6455928794832306,0.5326669847900867
Bobby Slowik,2024,1188,0.6245791245791246,0.6056241126251268,1.8955011953997736,HOU,-0.9518483966517222,2.8473495920514957,-0.5326669847900867,2023,HOU,1188,-0.04928572474468968,0.3939393939393939,5.624478640346815e-4,301,0.1031444642347256,0.004257930346672087,0.4684385382059801,HOU,0.11336598333697635,0.04,0.5110633462263898,2.8473495920514957
Brian Callahan,2024,1046,0.5850860420650096,0.6421256290221617,-5.703958695715217,TEN,-0.9518483966517222,-4.752110299063495,NA,NA,NA,1046,-0.1271811697368531,0.39579349904397704,-0.003751961630020743,317,-0.08094912644643647,-0.003509370672798176,0.4416403785488959,TEN,-0.050374922782801534,0.011000000000000001,-0.29019745031332744,4.752110299063495
Brian Daboll,2018,1008,0.5892857142857143,0.6148670774474295,-2.558136316171522,BUF,0.805948653885058,-3.36408497005658,NA,NA,NA,1008,-0.15198935555932372,0.375,-0.0012138041246411173,194,0.04734439918283252,-0.0012175754635983442,0.4536082474226804,BUF,NA,0.03,0.24840717715052352,3.36408497005658
Brian Daboll,2019,1094,0.5877513711151737,0.5965002548669754,-0.8748883751801717,BUF,0.4000090329507544,-1.2748974081309261,-3.36408497005658,2018,BUF,1094,-0.03331491275514962,0.4140767824497258,-6.004955637940639e-4,284,-0.0021776016466840842,0.001764042665163586,0.4225352112676056,BUF,-0.13369064402606895,0.03,-0.6090428876384368,1.2748974081309261
Brian Daboll,2019,1094,0.5877513711151737,0.5965002548669754,-0.8748883751801717,BUF,0.4000090329507544,-1.2748974081309261,-3.36408497005658,2018,BUF,1094,-0.03331491275514962,0.4140767824497258,-6.004955637940639e-4,284,-0.0021776016466840842,0.001764042665163586,0.4225352112676056,BUF,NA,0.03,0.24840717715052352,1.2748974081309261
Brian Daboll,2020,1192,0.6619127516778524,0.5436368945098463,11.827585716800604,BUF,1.1364240806491233,10.691161636151481,-1.2748974081309261,2019,BUF,1192,0.13910178471682771,0.4949664429530201,0.0043045962169305195,213,0.0508790753306089,0.0036249960241185432,0.49765258215962443,BUF,NA,0.03,0.24840717715052352,10.691161636151481
Brian Daboll,2021,1242,0.6417069243156199,0.5864070602490203,5.529986406659959,BUF,0.6261669761270405,4.903819430532918,10.691161636151481,2020,BUF,1242,0.13312221059444548,0.4830917874396135,0.0018992208682851045,175,0.12156265475998328,-1.8494681764345114e-4,0.45714285714285713,BUF,0.22233635163914794,0.23600000000000002,1.6262186125569598,4.903819430532918
Brian Daboll,2021,1242,0.6417069243156199,0.5864070602490203,5.529986406659959,BUF,0.6261669761270405,4.903819430532918,10.691161636151481,2020,BUF,1242,0.13312221059444548,0.4830917874396135,0.0018992208682851045,175,0.12156265475998328,-1.8494681764345114e-4,0.45714285714285713,BUF,NA,0.23600000000000002,1.6894505188229887,4.903819430532918
Brian Daboll,2024,1050,0.6314285714285715,0.6514508121070409,-2.002224067846947,NYG,-0.9518483966517222,-1.050375671195225,4.903819430532918,2021,BUF,1050,-0.10698151670380902,0.4057142857142857,-0.0027245178173737005,237,-0.14963862299393998,-0.006683452431852394,0.4430379746835443,NYG,-0.3416509779955611,0.17800000000000002,0.024873024418875456,1.050375671195225
Brian Johnson,2023,1163,0.5941530524505589,0.6019404748373018,-0.7787422386742904,PHI,0.11393367084590045,-0.8926759095201908,NA,NA,NA,1163,0.042935047267482526,0.4522785898538263,0.0019904499196846163,255,0.09027519728772647,0.007417776796950581,0.45098039215686275,PHI,0.0945232254448103,0.22699999999999998,0.8888670114625692,0.8926759095201908
Brian Schottenheimer,2018,1062,0.4971751412429379,0.6104145939532043,-11.323945271026641,SEA,0.805948653885058,-12.129893924911698,NA,NA,NA,1062,0.0653633938619918,0.4274952919020716,0.0017086404762687,325,0.02280623055338353,0.0012750321550296247,0.4,SEA,0.03640208661820126,0.153,0.593346674600566,12.129893924911698
Brian Schottenheimer,2019,1154,0.5927209705372617,0.6020575303606936,-0.9336559823431956,SEA,0.4000090329507544,-1.33366501529395,-12.129893924911698,2018,SEA,1154,0.0327246480858047,0.45233968804159447,0.0024081575024613175,346,0.09036612472389784,0.006667408767084114,0.45664739884393063,SEA,0.1337902183724894,0.18600000000000003,1.051131695678135,1.33366501529395
Brian Schottenheimer,2020,1069,0.6538821328344246,0.5903533356860138,6.3528797148410865,SEA,1.1364240806491233,5.216455634191963,-1.33366501529395,2019,SEA,1069,0.061699499871309786,0.4724041159962582,0.0024229239325272304,245,0.08342922507221458,0.0030067345827755982,0.4775510204081633,SEA,0.1277638583035249,0.18600000000000003,1.0429579054294955,5.216455634191963
Brian Schottenheimer,2025,1111,0.6129612961296129,0.6058306433243676,0.7130652805245274,DAL,-0.6494373745055793,1.3625026550301067,1.7873892645824507,2021,JAX,1111,0.09264457689057616,0.46624662466246625,0.004545655867685748,292,0.14126608239155442,0.00793348580568639,0.4863013698630137,DAL,-0.05701121077665629,0.235,0.26574115660267417,1.3625026550301067
Bruce Arians,2015,1137,0.5963060686015831,0.5685766980907138,2.7729370510869322,ARI,0.1965798639761429,2.5763571871107893,NA,NA,NA,1137,0.07993313271301267,0.4608619173262973,0.002874084780706735,231,0.21098837843555318,0.007238413371205155,0.4805194805194805,ARI,NA,0.124,1.4142586138816644,2.5763571871107893
Bruce Arians,2016,1088,0.6323529411764706,0.6195236392617088,1.2829301914761726,ARI,0.42742887415463393,0.8555013173215387,2.5763571871107893,2015,ARI,1088,-0.023416293811178823,0.4430147058823529,1.2367866849059006e-4,334,0.054154009388168896,0.003769289028054949,0.47904191616766467,ARI,0.20264396899241144,0.135,0.6561004294078323,0.8555013173215387
Bruce Arians,2017,1056,0.6297348484848485,0.6302111596151281,-0.047631113027957195,ARI,-1.2052393669852224,1.1576082539572652,0.8555013173215387,2016,ARI,1056,-0.1647117994945603,0.3721590909090909,-0.0029897573108429187,302,-0.01938749426102823,8.206291765197649e-4,0.44039735099337746,ARI,0.03466417539354382,NA,-0.24727100646760455,1.1576082539572652
Byron Leftwich,2018,536,0.6138059701492538,0.6494869186695832,-3.5680948520329436,ARI,0.805948653885058,-4.374043505918001,NA,NA,NA,536,-0.2172635123365521,0.33955223880597013,-0.003853400308172998,109,-0.24920991563562553,-0.004997801498772107,0.3211009174311927,ARI,NA,0.025,0.12026392509562395,4.374043505918001
Byron Leftwich,2019,1076,0.6579925650557621,0.6182540667850911,3.9738498270670997,TB,0.4000090329507544,3.5738407941163453,-4.374043505918001,2018,ARI,1076,-0.014688603510524477,0.43029739776951675,-9.430141138357991e-4,284,-0.08596823057109959,-0.002683373535097072,0.4084507042253521,TB,0.1037982151105125,NA,1.053072076583278,3.5738407941163453
Byron Leftwich,2020,1256,0.6321656050955414,0.5748212259888622,5.734437910667922,TB,1.1364240806491233,4.5980138300187985,3.5738407941163453,2019,TB,1256,0.11732412958080685,0.46178343949044587,0.0031639739525476484,287,0.14431955453608622,0.005543259847962234,0.445993031358885,TB,0.01591773272588876,0.126,-0.14437215614169258,4.5980138300187985
Byron Leftwich,2021,1269,0.677698975571316,0.5861284817246772,9.157049384663873,TB,0.6261669761270405,8.530882408536833,4.5980138300187985,2020,TB,1269,0.11335577791783956,0.4862096138691883,0.0036130845576157885,206,0.015957450581733208,0.006068174117928518,0.5242718446601942,TB,0.2120788016579283,0.13699999999999998,0.583391498867904,8.530882408536833
Byron Leftwich,2022,1230,0.6845528455284553,0.6315316579524214,5.302118757603392,TB,-0.9597999024095194,6.2619186600129115,8.530882408536833,2021,TB,1230,-0.04371302605798289,0.43414634146341463,-5.879662850011485e-5,366,-0.07033066691339282,5.923801532297235e-4,0.41530054644808745,TB,0.15773757192787308,NA,0.1764398960112511,6.2619186600129115
Chad O'Shea,2019,1019,0.6967615309126595,0.6197133381979889,7.704819271467056,MIA,0.4000090329507544,7.304810238516302,NA,NA,NA,1019,-0.106537298108541,0.4013738959764475,-6.382962277565722e-4,180,-0.042755598747569235,-6.717671258828522e-4,0.40555555555555556,MIA,0.16625799333990404,0.028999999999999998,0.2834289892110653,7.304810238516302
Chan Gailey,2015,1069,0.6164639850327409,0.619428002832229,-0.29640177994880723,NYJ,0.1965798639761429,-0.49298164392495014,NA,NA,NA,1069,0.017608557848240756,0.4153414405986904,0.0010115530974191351,275,0.01408370998685813,0.0021788431936917763,0.41818181818181815,NYJ,NA,0.08199999999999999,-0.3217980092839364,0.49298164392495014
Chan Gailey,2016,1003,0.6061814556331007,0.6248006698928944,-1.8619214259793737,NYJ,0.42742887415463393,-2.2893503001340076,-0.49298164392495014,2015,NYJ,1003,-0.0949110370861621,0.39780658025922233,-0.001516894893741896,300,-0.04103939600421023,-0.002050442152859321,0.39666666666666667,NYJ,0.09642980281251769,0.08199999999999999,-0.11269263349996406,2.2893503001340076
Chan Gailey,2020,1013,0.6140177690029615,0.5662178866503625,4.779988235259891,MIA,1.1364240806491233,3.6435641546107678,-2.2893503001340076,2016,NYJ,1013,-0.0035531526547997383,0.456071076011846,0.0014342891318553249,214,-0.02715425656917641,-9.377122591949018e-4,0.4205607476635514,MIA,NA,0.038,0.392259381538985,3.6435641546107678
Chip Kelly,2015,1037,0.609450337512054,0.6210664021625413,-1.1616064650487257,PHI,0.1965798639761429,-1.3581863290248686,NA,NA,NA,1037,-0.07164862787680297,0.4146576663452266,-0.0015996823712553696,286,-0.0433123676619303,0.001410690185841355,0.35664335664335667,PHI,NA,NA,1.9153372924957675,1.3581863290248686
Chip Kelly,2016,999,0.5895895895895896,0.6436220232324603,-5.40324336428707,SF,0.42742887415463393,-5.830672238441704,-1.3581863290248686,2015,PHI,999,-0.09340633086946099,0.3933933933933934,-0.003485049329962626,129,-0.04260343124264788,-0.0026795728958032626,0.4186046511627907,SF,-0.1006628282182807,0.14300000000000002,-0.25557483564226247,5.830672238441704
Chip Kelly,2025,643,0.6391912908242613,0.6236540170568934,1.553727376736791,LV,-0.6494373745055793,2.20316475124237,-5.830672238441704,2016,SF,643,-0.19890897959246878,0.39035769828926903,-0.00340532684709267,171,-0.1426575258142389,0.0010664087617947829,0.4269005847953216,LV,0.01004704999887007,0.134,0.6320478080179173,2.20316475124237
Dan Campbell,2021,544,0.5459558823529411,0.6048573462826694,-5.890146392972828,DET,0.6261669761270405,-6.516313369099869,NA,NA,NA,544,-0.037108244573301634,0.40625,0.001052811040098553,144,0.016147124271360284,-0.004660112551589373,0.3819444444444444,DET,0.02093275705076853,0.17800000000000002,0.9681955534488078,6.516313369099869
Dan Campbell,2025,576,0.6267361111111112,0.6406432299991138,-1.3907118888002667,DET,-0.6494373745055793,-0.7412745142946875,-6.516313369099869,2021,DET,576,0.055145010266887014,0.4409722222222222,0.00123287553602433,171,-0.10495219189390823,-0.001519339486901847,0.4093567251461988,DET,0.2519345455704998,0.20800000000000002,1.7700721608254018,0.7412745142946875
Darrell Bevell,2015,1144,0.5882867132867133,0.5888841827717526,-0.05974694850392481,SEA,0.1965798639761429,-0.2563268124800677,NA,NA,NA,1144,0.0788907015485343,0.4659090909090909,3.233405033193806e-4,275,0.016975817232713995,-9.80978466732433e-4,0.43272727272727274,SEA,NA,0.153,0.4893600126787301,0.2563268124800677
Darrell Bevell,2016,1127,0.6326530612244898,0.6063022850351548,2.6350776189335012,SEA,0.42742887415463393,2.2076487447788673,-0.2563268124800677,2015,SEA,1127,0.01997028823870348,0.43744454303460517,0.0018815683367418112,237,-0.04183227454764249,-5.328255160618749e-4,0.43037974683544306,SEA,0.19893953877717904,0.153,0.9070075725574194,2.2076487447788673
Darrell Bevell,2017,992,0.6522177419354839,0.6237711920337224,2.844654990176143,SEA,-1.2052393669852224,4.0498943571613655,2.2076487447788673,2016,SEA,992,-0.02756841432064862,0.40725806451612906,4.1031031861076413e-5,284,-0.12086689489710847,7.37093822959664e-4,0.38380281690140844,SEA,0.06999988198641485,0.153,0.6751982437482811,4.0498943571613655
Darrell Bevell,2019,1023,0.6226783968719453,0.6239688017406477,-0.1290404868702466,DET,0.4000090329507544,-0.529049519821001,4.0498943571613655,2017,SEA,1023,-0.047801015746932116,0.40860215053763443,2.818064509715858e-4,312,-0.08422359424541469,-0.0018044591714042072,0.38782051282051283,DET,0.008328841050074828,0.162,-0.04012162259405158,0.529049519821001
Darrell Bevell,2020,935,0.6427807486631016,0.6355787265846594,0.7202022078442227,DET,1.1364240806491233,-0.41622187280490053,-0.529049519821001,2019,DET,935,-0.02801488208694164,0.43636363636363634,5.666573590401043e-4,198,-0.09714152613283063,-0.00144254845214374,0.398989898989899,DET,0.2175953680404736,0.162,1.3528772159725546,0.41622187280490053
Darrell Bevell,2021,854,0.6510538641686182,0.6658076126808932,-1.4753748512274956,JAX,0.6261669761270405,-2.101541827354536,-0.41622187280490053,2020,DET,854,-0.11750844684515917,0.4309133489461358,-0.0029662584952952443,130,-0.07777789763263368,-0.0031584749953476408,0.4307692307692308,JAX,NA,0.05,0.8966022678439828,2.101541827354536
Dave Canales,2023,1166,0.6234991423670669,0.612462691486674,1.1036450880392956,TB,0.11393367084590045,0.9897114171933952,NA,NA,NA,1166,-0.0036723234404895237,0.4056603773584906,6.067002261703174e-4,371,-0.03378993759839792,4.954363795734377e-4,0.38274932614555257,TB,-0.15361181249016587,0.018000000000000002,-0.44250769598806455,0.9897114171933952
Dave Canales,2024,987,0.6342451874366768,0.6378775585665465,-0.36323711298696937,CAR,-0.9518483966517222,0.5886112836647528,0.9897114171933952,2023,TB,987,-0.0558420354622707,0.41236068895643363,0.001102538922304781,202,0.05522837340691113,0.004059506307343808,0.4158415841584158,CAR,-0.28275952297149654,0.042,-0.22140272070472072,0.5886112836647528
Dave Canales,2025,1062,0.5894538606403014,0.6204130660931944,-3.095920545289299,CAR,-0.6494373745055793,-2.44648317078372,0.5886112836647528,2024,CAR,1062,-0.04730501724450279,0.4284369114877589,1.2132483943580118e-4,255,0.025648902462417564,0.004488049515242751,0.4627450980392157,CAR,-0.07113411612993246,0.042,0.30676607705993797,2.44648317078372
Dirk Koetter,2015,1022,0.5812133072407045,0.6316057501466485,-5.039244290594402,TB,0.1965798639761429,-5.235824154570545,NA,NA,NA,1022,-0.0058558034832667675,0.4383561643835616,-8.356578361964584e-4,295,0.03482341092068562,-4.834876957200329e-4,0.423728813559322,TB,NA,0.044000000000000004,0.8546301316787653,5.235824154570545
Dirk Koetter,2016,1061,0.6041470311027333,0.6030928900923568,0.10541410103764859,TB,0.42742887415463393,-0.32201477311698534,-5.235824154570545,2015,TB,1061,-0.013914485263472573,0.4344957587181904,-1.3165701373712654e-4,324,-0.017591166778404475,-0.0014766049103243197,0.4228395061728395,TB,0.06715254432065815,0.044000000000000004,0.5223431419096726,0.32201477311698534
Dirk Koetter,2017,1035,0.6521739130434783,0.6299406660117821,2.2233247031696157,TB,-1.2052393669852224,3.428564070154838,-0.32201477311698534,2016,TB,1035,-0.011657579859244357,0.43671497584541064,2.6564344799209533e-4,217,-0.07080852082420028,3.784264464689993e-4,0.41013824884792627,TB,0.08636101691580178,0.044000000000000004,0.6698880854757521,3.428564070154838
Dirk Koetter,2018,513,0.6608187134502924,0.6230895630797447,3.7729150370547693,TB,0.805948653885058,2.9669663831697113,3.428564070154838,2017,TB,513,1.1912884425311778e-4,0.45419103313840153,5.355268506658947e-5,165,0.08101486874554772,0.0030437980804471168,0.46060606060606063,TB,0.0726197220708322,0.044000000000000004,0.8631566717186092,2.9669663831697113
Dirk Koetter,2019,1096,0.6870437956204379,0.6390486782047913,4.799511741564666,ATL,0.4000090329507544,4.3995027086139125,2.9669663831697113,2018,TB,1096,-0.002359399156044851,0.43886861313868614,4.876135475205354e-4,223,0.054524943513754004,0.002168328722262384,0.3991031390134529,ATL,0.16001540103794398,0.16899999999999998,1.2791823675101675,4.3995027086139125
Dirk Koetter,2020,1073,0.6374650512581547,0.6041912826390906,3.327376861906406,ATL,1.1364240806491233,2.1909527812572827,4.3995027086139125,2019,ATL,1073,0.013857200358634537,0.4296365330848089,-3.4959397092583695e-4,278,-0.04651966061666274,-0.0019298424585182557,0.41007194244604317,ATL,0.03143137020651686,0.16899999999999998,0.8721759558428943,2.1909527812572827
Doug Pederson,2015,713,0.5652173913043478,0.5703494291658529,-0.5132037861505068,KC,0.1965798639761429,-0.7097836501266497,NA,NA,NA,713,0.06247542196906411,0.43478260869565216,0.0020244668333884355,85,0.36706505224868224,0.010862824114547826,0.6,KC,NA,0.128,1.4422400379918092,0.7097836501266497
Doug Pederson,2016,1079,0.6107506950880445,0.6233465581453911,-1.2595863057346612,PHI,0.42742887415463393,-1.6870151798892952,-0.7097836501266497,2015,KC,1079,-0.02269280693533034,0.43744207599629287,-0.001327007580533691,342,-0.08088762307164356,-0.0031407720090604625,0.4502923976608187,PHI,NA,0.043,0.6665789475658392,1.6870151798892952
Doug Pederson,2017,1259,0.5877680698967435,0.5852173217324459,0.2550748164297567,PHI,-1.2052393669852224,1.460314183414979,-1.6870151798892952,2016,PHI,1259,0.0693815183129628,0.4392374900714853,0.0020372296765323096,365,0.04198935582331005,0.0017976412835695118,0.4438356164383562,PHI,0.015282591714483882,0.043,-0.36013060004143516,1.460314183414979
Doug Pederson,2018,1143,0.6342957130358705,0.5857816881199518,4.851402491591871,PHI,0.805948653885058,4.045453837706813,1.460314183414979,2017,PHI,1143,0.01661030302489277,0.44969378827646544,0.0014637394814558068,401,0.04203346117886158,0.003252992467364942,0.4538653366583541,PHI,0.1917318804034436,0.043,0.686658923638404,4.045453837706813
Doug Pederson,2019,1167,0.6118251928020566,0.6127626040484355,-0.09374112463789164,PHI,0.4000090329507544,-0.49375015758864604,4.045453837706813,2018,PHI,1167,-0.02696446759636634,0.43359040274207367,1.0754339978817773e-4,333,-0.02423902047560991,0.0013526219643671315,0.44144144144144143,PHI,0.08560094986243458,0.17,1.2486116515925298,0.49375015758864604
Doug Pederson,2020,1067,0.6654170571696345,0.6441172505288115,2.1299806640822982,PHI,1.1364240806491233,0.993556583433175,-0.49375015758864604,2019,PHI,1067,-0.0966147691592919,0.4020618556701031,-0.003357002029254748,162,-0.18337853647347882,-0.007969178219326757,0.41975308641975306,PHI,0.02104398997033595,0.17,0.7377506396772497,0.993556583433175
Doug Pederson,2022,1201,0.6144879267277269,0.5974879080955434,1.7000018632183478,JAX,-0.9597999024095194,2.659801765627867,0.993556583433175,2020,PHI,1201,0.033111102067845996,0.4646128226477935,9.999889544012985e-4,292,0.1314738095224591,0.005450868307002893,0.4794520547945205,JAX,-0.11041321857806179,0.05,-0.10297671387381374,2.659801765627867
Dowell Loggains,2016,965,0.6113989637305699,0.6317876206913606,-2.038865696079073,CHI,0.42742887415463393,-2.466294570233707,NA,NA,NA,965,-0.04470782417696522,0.44145077720207254,-0.0014317188719932996,258,-0.07117962220104193,-0.002763627011181315,0.4496124031007752,CHI,NA,0.006,-0.8656914512711926,2.466294570233707
Dowell Loggains,2017,942,0.564755838641189,0.6457244970256387,-8.096865838444977,CHI,-1.2052393669852224,-6.891626471459754,-2.466294570233707,2016,CHI,942,-0.11631865665935462,0.38110403397027603,-0.002107370913206607,222,-0.049524535034172305,-0.0030267195250758914,0.3918918918918919,CHI,NA,0.043,0.6665789475658392,6.891626471459754
Dowell Loggains,2020,559,0.5742397137745975,0.602165464211875,-2.792575043727752,NYJ,1.1364240806491233,-3.928999124376875,-6.891626471459754,2017,CHI,559,-0.08001105316120287,0.4293381037567084,-0.0015443754966961015,100,-0.0030507882155249174,-0.0010366044241695803,0.48,NYJ,-0.03825304912765708,0.043,0.2525053446344655,3.928999124376875
Drew Petzing,2023,1069,0.5884003741814781,0.6350229816115746,-4.66226074300965,ARI,0.11393367084590045,-4.776194413855551,NA,NA,NA,1069,-0.07007909186760518,0.4059869036482694,-0.0015122219416241118,201,-0.10860667504891014,-0.0026312677242940016,0.38308457711442784,ARI,-0.042041242419961974,0.221,0.8879784367598214,4.776194413855551
Drew Petzing,2024,1040,0.5894230769230769,0.5964416581385125,-0.7018581215435526,ARI,-0.9518483966517222,0.2499902751081695,-4.776194413855551,2023,ARI,1040,0.05484116339568397,0.46923076923076923,4.4049509793023066e-4,283,-0.07572798162731063,-0.002482417567744755,0.4204946996466431,ARI,-0.04475152191964804,0.221,0.7846475480503623,0.2499902751081695
Drew Petzing,2025,1085,0.6866359447004609,0.6338816616598364,5.275428304062446,ARI,-0.6494373745055793,5.924865678568025,0.2499902751081695,2024,ARI,1085,-0.028271473811719117,0.4248847926267281,-7.251102461319151e-4,231,-0.03693901965459157,-0.003759445840629865,0.4025974025974026,ARI,-0.21436127484174194,0.022000000000000002,-0.8552490472182105,5.924865678568025
Eric Bieniemy,2023,1061,0.6927426955702167,0.6176308126107181,7.511188295949866,WAS,0.11393367084590045,7.397254625103965,NA,NA,NA,1061,-0.1088931950439239,0.40904806786050896,-0.0015010841626529887,241,-0.04893126588102508,-5.154960686827208e-4,0.4066390041493776,WAS,NA,0.005,-0.7163454618414258,7.397254625103965
Frank Cignetti,2015,643,0.552099533437014,0.651124732762946,-9.9025199325932,LA,0.1965798639761429,-10.099099796569345,NA,NA,NA,643,-0.218140666705046,0.36236391912908245,-0.005198187945347553,152,-0.22380923324745325,-0.008542903607890152,0.3815789473684211,LA,NA,0.085,-0.02807801186557482,10.099099796569345
Frank Reich,2015,1105,0.6470588235294118,0.6339182213033082,1.3140602226103582,LAC,0.1965798639761429,1.1174803586342152,NA,NA,NA,1105,-0.022418009789015862,0.42262443438914027,-0.001984753098398583,201,-0.05438254834559294,-0.001993524197359768,0.4129353233830846,LAC,NA,0.145,1.1990494342891456,1.1174803586342152
Frank Reich,2018,1181,0.642675698560542,0.600697223464568,4.197847509597397,IND,0.805948653885058,3.3918988557123386,1.1174803586342152,2015,LAC,1181,0.04362347765115092,0.47332768839966133,0.0018694029081825104,268,0.04358580124132464,0.0019239010338411352,0.47761194029850745,IND,NA,0.158,1.6521007188178964,3.3918988557123386
Frank Reich,2019,1016,0.5669291338582677,0.603600322426568,-3.6671188568300317,IND,0.4000090329507544,-4.067127889780786,3.3918988557123386,2018,IND,1016,-0.013120358903875301,0.43700787401574803,-3.4235618447391904e-4,351,0.05994670903369277,6.434476019892745e-4,0.4586894586894587,IND,NA,0.149,0.41086836697923385,4.067127889780786
Frank Reich,2020,1100,0.5618181818181818,0.5915143484249711,-2.969616660678931,IND,1.1364240806491233,-4.106040741328054,-4.067127889780786,2019,IND,1100,0.0732681466501506,0.45636363636363636,0.0026585500970183803,253,0.20105254437579054,0.00790725921891046,0.48616600790513836,IND,0.09028831077217253,0.126,0.9204578913848089,4.106040741328054
Frank Reich,2021,1051,0.5509039010466222,0.5784974892851454,-2.7593588238523203,IND,0.6261669761270405,-3.385525799979361,-4.106040741328054,2020,IND,1051,0.03918075842826777,0.4386298763082778,6.393050092922721e-4,304,-0.07000219823008139,-0.002948476654742617,0.41776315789473684,IND,-0.1787893392198941,0.17,0.18774472196947306,3.385525799979361
Frank Reich,2022,596,0.6644295302013423,0.6635679561994821,0.08615740018602658,IND,-0.9597999024095194,1.045957302595546,-3.385525799979361,2021,IND,596,-0.16306275810708631,0.401006711409396,-0.0015192774355547516,207,-0.1693792043675273,8.393126176540083e-4,0.391304347826087,IND,-0.025171497778414067,0.16899999999999998,0.7652005934824049,1.045957302595546
Frank Reich,2023,533,0.6435272045028143,0.6717448888475855,-2.8217684344771232,CAR,0.11393367084590045,-2.9357021053230237,1.045957302595546,2022,IND,533,-0.16549287711759508,0.38649155722326456,-0.004304915746425564,115,-0.29844200775972785,-0.008876361795093702,0.3391304347826087,CAR,NA,0.042,0.8406394196236928,2.9357021053230237
Freddie Kitchens,2018,456,0.6096491228070176,0.5785702882914624,3.1078834515555154,CLE,0.805948653885058,2.3019347976704574,NA,NA,NA,456,0.12099888908356715,0.4824561403508772,0.002162934816663748,87,-0.04469068308160233,6.536308314951412e-4,0.47126436781609193,CLE,NA,0.046,0.8686208437338379,2.3019347976704574
Freddie Kitchens,2019,976,0.6096311475409836,0.6113916203211688,-0.17604727801852071,CLE,0.4000090329507544,-0.5760563109692751,2.3019347976704574,2018,CLE,976,-0.051566453847149286,0.4047131147540984,-0.001016155555863069,224,-0.045579728802051724,-7.633541143555575e-4,0.4017857142857143,CLE,0.047073167979680766,0.046,0.5821305876498493,0.5760563109692751
Freddie Kitchens,2021,433,0.5958429561200924,0.6614334379552969,-6.559048183520444,NYG,0.6261669761270405,-7.185215159647484,-0.5760563109692751,2019,CLE,433,-0.2962290222531961,0.3625866050808314,-0.005899697945891193,34,-0.11705294227351969,-0.004486003342796784,0.35294117647058826,NYG,-0.12485329050134522,0.008,-0.7622272935714755,7.185215159647484
Gary Kubiak,2015,1246,0.608346709470305,0.6000287592789253,0.8317950191379708,DEN,0.1965798639761429,0.6352151551618279,NA,NA,NA,1246,-0.10436043211711737,0.3812199036918138,-0.0018515906049523774,326,-0.07997373818526396,-0.00308259192471467,0.3803680981595092,DEN,NA,0.159,1.6590960748454329,0.6352151551618279
Gary Kubiak,2016,1015,0.6197044334975369,0.6159720472697846,0.37323862277522935,DEN,0.42742887415463393,-0.054190251379404586,0.6352151551618279,2015,DEN,1015,-0.0723269908820522,0.4009852216748768,-7.693398856843111e-4,241,-0.10829298395772631,-0.0017365510664015369,0.3941908713692946,DEN,NA,0.004,-0.867435779431763,0.054190251379404586
Gary Kubiak,2020,1027,0.5540408958130477,0.5910510673516857,-3.701017153863795,MIN,1.1364240806491233,-4.837441234512918,-0.054190251379404586,2016,DEN,1027,0.07803660632235497,0.48588120740019475,0.0022352675071543164,304,0.15013611784137482,0.006734757427053875,0.4901315789473684,MIN,0.12596996987777045,0.166,0.7064682238453558,4.837441234512918
Geep Chryst,2015,970,0.6453608247422681,0.6301021603080105,1.5258664434257607,SF,0.1965798639761429,1.3292865794496178,NA,NA,NA,970,-0.09761873703480692,0.3845360824742268,-0.0014501994955377362,161,0.06925536368569575,0.003608920125067136,0.40372670807453415,SF,NA,0.013999999999999999,0.04331500879272532,1.3292865794496178
George Godsey,2021,1090,0.6284403669724771,0.5953840038081233,3.3056363164353786,MIA,0.6261669761270405,2.679469340308338,NA,NA,NA,1090,-0.06215528314675445,0.41192660550458715,0.001024574273955614,271,0.04377917335904022,0.0024808781509195535,0.44649446494464945,MIA,-0.06118281772701614,0.038,-0.024384021425248315,2.679469340308338
Greg Olson,2015,1011,0.6745796241345203,0.6422965596664906,3.2283064468029754,JAX,0.1965798639761429,3.0317265828268325,NA,NA,NA,1011,-0.06527679649184992,0.4134520276953511,-0.0019072230714750533,398,-0.13113524401347407,-0.0033770575538053568,0.41457286432160806,JAX,NA,0.039,0.5326866534887249,3.0317265828268325
Greg Olson,2016,445,0.7280898876404495,0.667043507300066,6.104638034038345,JAX,0.42742887415463393,5.677209159883711,3.0317265828268325,2015,JAX,445,-0.056641268331037,0.41123595505617977,-0.00254578665548803,101,-0.2514726440948947,-0.009715461787390472,0.3465346534653465,JAX,0.003363214876717474,0.039,-0.5361951185720766,5.677209159883711
Greg Olson,2021,818,0.6295843520782396,0.5989517573822827,3.0632594695956916,LV,0.6261669761270405,2.437092493468651,5.677209159883711,2016,JAX,818,-0.030149209300775512,0.4449877750611247,0.0016484988178722601,274,-0.004789453882734681,0.0027982165828349067,0.4744525547445255,LV,0.07602102842919237,0.15,0.6148065732484785,2.437092493468651
Greg Olson,2025,305,0.6131147540983607,0.6464983648941165,-3.3383610795755803,LV,-0.6494373745055793,-2.688923705070001,2.437092493468651,2021,LV,305,-0.2547726845692035,0.34098360655737703,-0.005930062299668395,56,-0.5435334676683957,-0.017737951129674925,0.25,LV,0.01004704999887007,0.134,0.6320478080179173,2.688923705070001
Greg Roman,2015,1014,0.5493096646942801,0.6417400728180065,-9.243040812372637,BUF,0.1965798639761429,-9.439620676348781,NA,NA,NA,1014,0.034739919010022095,0.41222879684418146,-1.4051752558609526e-4,237,-0.10581234714429216,-0.0036038125094422905,0.3670886075949367,BUF,NA,0.008,-0.7536463515626004,9.439620676348781
Greg Roman,2019,1142,0.5026269702276708,0.5605322705147927,-5.790530028712193,BAL,0.4000090329507544,-6.190539061662948,-9.439620676348781,2015,BUF,1142,0.1784086188573156,0.4763572679509632,0.002544931219975671,231,0.045695610383901214,0.0014724862278652684,0.4588744588744589,BAL,-0.05438284126008694,0.013000000000000001,-0.7082531480818711,6.190539061662948
Greg Roman,2020,1122,0.5,0.5966383942208668,-9.663839422086685,BAL,1.1364240806491233,-10.800263502735808,-6.190539061662948,2019,BAL,1122,0.09200266828126875,0.44919786096256686,0.0020754141023243797,203,0.06075340231773718,0.0020633010375778558,0.45320197044334976,BAL,0.2678946489082228,0.013000000000000001,0.5162611481683367,10.800263502735808
Greg Roman,2021,1183,0.6221470836855453,0.6261432250490886,-0.3996141363543315,BAL,0.6261669761270405,-1.025781112481372,-10.800263502735808,2020,BAL,1183,0.004211090625113712,0.4623837700760778,0.0015720335368185725,283,0.09157785735931055,0.006253452082996743,0.45229681978798586,BAL,0.09976473249608274,0.013000000000000001,0.10840581417149284,1.025781112481372
Greg Roman,2022,1106,0.5379746835443038,0.5814404201106076,-4.346573656630381,BAL,-0.9597999024095194,-3.386773754220862,-1.025781112481372,2021,BAL,1106,-0.00986458992661248,0.4484629294755877,6.21116250921134e-4,265,0.041557812670737694,0.0037888330779519033,0.47924528301886793,BAL,0.03091415974910581,NA,0.13514667171069697,3.386773754220862
Greg Roman,2024,1055,0.5876777251184834,0.5814971198473496,0.6180605271133732,LAC,-0.9518483966517222,1.5699089237650954,-3.386773754220862,2022,BAL,1055,0.0016532145867152132,0.41137440758293836,9.175481501281865e-4,333,-0.013586392917817224,9.031685327093809e-4,0.40540540540540543,LAC,0.02060436963424728,0.23399999999999999,0.8478193582090844,1.5699089237650954
Greg Roman,2025,1152,0.6293402777777778,0.6051730566622506,2.416722111552716,LAC,-0.6494373745055793,3.0661594860582952,1.5699089237650954,2024,LAC,1152,-0.040962480555099205,0.4288194444444444,9.711493888077077e-5,302,-0.02827334875168505,3.5667533104224243e-4,0.4139072847682119,LAC,0.06797270385953218,0.23399999999999999,0.9922271718122722,3.0661594860582952
Hue Jackson,2015,1065,0.5812206572769953,0.579232233936763,0.19884233402323037,CIN,0.1965798639761429,0.0022624700470874615,NA,NA,NA,1065,0.043708225322964304,0.4403755868544601,6.422141640018359e-4,260,-0.009409771030471555,-0.0033295066983726144,0.4230769230769231,CIN,NA,0.12,0.45759060565422194,0.0022624700470874615
Hue Jackson,2016,986,0.665314401622718,0.6610152865353872,0.4299115087330829,CLE,0.42742887415463393,0.0024826345784489945,0.0022624700470874615,2015,CIN,986,-0.07413350957635556,0.3813387423935091,-0.0013650979289334432,169,0.08140671993045127,0.0013884502710284575,0.40236686390532544,CLE,NA,0.005,-0.8726868072987288,0.0024826345784489945
Hue Jackson,2017,1012,0.6650197628458498,0.6662695433635251,-0.12497805176752141,CLE,-1.2052393669852224,1.080261315217701,0.0024826345784489945,2016,CLE,1012,-0.17294865728747022,0.3715415019762846,-0.0052109133172380745,137,-0.24021562279558034,-0.0102540212673849,0.38686131386861317,CLE,NA,0.006999999999999999,-0.4362958749589572,1.080261315217701
Jason Garrett,2020,901,0.6182019977802442,0.6071795556781093,1.1022442102134877,NYG,1.1364240806491233,-0.03417987043563553,NA,NA,NA,901,-0.06258491250656362,0.416204217536071,-0.0013914628492411435,195,-0.1279824122923075,-0.004248138442311081,0.4461538461538462,NYG,-0.09445608131393515,0.034,-0.17240480889429094,0.03417987043563553
Jason Garrett,2021,608,0.6611842105263158,0.6072298857677534,5.395432475856243,NYG,0.6261669761270405,4.769265499729203,-0.03417987043563553,2020,NYG,608,-0.07404485957726145,0.41118421052631576,-5.62683878142759e-4,170,-0.03790334110559491,-8.405695238568556e-4,0.4470588235294118,NYG,-0.07027898425626627,0.034,-0.14814564396318025,4.769265499729203
Jason Michael,2015,540,0.6462962962962963,0.6517506306025164,-0.545433430622011,TEN,0.1965798639761429,-0.7420132945981539,NA,NA,NA,540,-0.11535352239065792,0.3888888888888889,-0.003658535536846711,108,-0.09088541442384011,-0.004554501396622262,0.3611111111111111,TEN,NA,0.042,0.659583591538303,0.7420132945981539
Jay Gruden,2017,984,0.6138211382113821,0.6096688285725553,0.41523096388267344,WAS,-1.2052393669852224,1.6204703308678958,NA,NA,NA,984,-0.07153601578856054,0.40040650406504064,-1.8664413096998245e-5,314,-0.00947276693421076,7.737684011743303e-5,0.39490445859872614,WAS,0.17049656329886706,0.14300000000000002,0.7887486018155165,1.6204703308678958
Jay Gruden,2018,971,0.6086508753861998,0.6164205288188386,-0.7769653432638801,WAS,0.805948653885058,-1.582913997148938,1.6204703308678958,2017,WAS,971,-0.08597863943999995,0.41709577754891863,-0.0018319250532099777,196,-0.040533335437346045,-0.0017491232114650412,0.44387755102040816,WAS,0.1693607679554139,0.133,0.6523599567828208,1.582913997148938
Jay Gruden,2020,1003,0.6839481555333998,0.6581699820244655,2.57781735089343,JAX,1.1364240806491233,1.4413932702443066,1.9462694466287234,2019,WAS,1003,-0.061275715797820304,0.4137587238285145,-0.0013726378812724664,96,-0.0660608118568024,0.0015923499565176297,0.4270833333333333,JAX,-0.04313254704519954,0.004,-0.7526061214948843,1.4413932702443066
Jay Gruden,2020,1003,0.6839481555333998,0.6581699820244655,2.57781735089343,JAX,1.1364240806491233,1.4413932702443066,1.9462694466287234,2019,WAS,1003,-0.061275715797820304,0.4137587238285145,-0.0013726378812724664,96,-0.0660608118568024,0.0015923499565176297,0.4270833333333333,JAX,NA,0.004,-0.7787092163119378,1.4413932702443066
Jeff Nixon,2021,331,0.6616314199395771,0.6506989384435815,1.0932481495995572,CAR,0.6261669761270405,0.46708117347251665,NA,NA,NA,331,-0.23666027609446652,0.3806646525679758,-0.00317493053817294,47,-0.6505637639375563,-0.017445512021851867,0.2978723404255319,CAR,-0.21915596924377262,0.043,-0.2789886804165098,0.46708117347251665
Jeremy Bates,2018,968,0.5981404958677686,0.6283844598003254,-3.0243963932556794,NYJ,0.805948653885058,-3.8303450471407374,NA,NA,NA,968,-0.13231145985358012,0.368801652892562,-0.00267366271109493,198,-0.05576659033087123,-0.00162393331787352,0.4090909090909091,NYJ,NA,0.043,0.5606680775988698,3.8303450471407374
Jim Bob Cooter,2015,574,0.6533101045296167,0.5501943908839482,10.311571364566852,DET,0.1965798639761429,10.114991500590708,NA,NA,NA,574,0.038009118488417336,0.4529616724738676,0.0026695359291325277,145,0.20221720210572527,0.007403751708432275,0.5241379310344828,DET,NA,0.14400000000000002,1.5541657344323894,10.114991500590708
Jim Bob Cooter,2016,1030,0.670873786407767,0.6198170896800397,5.105669672772728,DET,0.42742887415463393,4.678240798618094,10.114991500590708,2015,DET,1030,0.021942715510980867,0.4368932038834951,0.001618651059050506,391,0.04653198755631847,0.0037731969613342946,0.4475703324808184,DET,0.01450760241275437,NA,-0.28232315745131814,4.678240798618094
Jim Bob Cooter,2017,985,0.6436548223350254,0.6163183538309361,2.7336468504089217,DET,-1.2052393669852224,3.938886217394144,4.678240798618094,2016,DET,985,-0.06560978304950647,0.3979695431472081,-5.896749002070687e-4,263,-0.03113848325054069,-9.766122955111168e-4,0.4144486692015209,DET,0.09924655432727021,0.162,0.968243477935008,3.938886217394144
Jim Bob Cooter,2018,1023,0.613880742913001,0.6190787149608712,-0.5197972047870203,DET,0.805948653885058,-1.3257458586720783,3.938886217394144,2017,DET,1023,-0.0472435855916284,0.40371456500488756,-1.1961024337831738e-4,271,0.0526879257510267,0.0018546395222852426,0.43911439114391143,DET,0.047442566906381316,0.162,0.94235361853512,1.3257458586720783
Joe Brady,2020,988,0.6295546558704453,0.6023077618600312,2.7246894010414136,CAR,1.1364240806491233,1.5882653203922903,NA,NA,NA,988,0.001678835289675589,0.4493927125506073,7.587013927741401e-4,231,-0.1058189309043666,-0.0023367583900476656,0.4069264069264069,CAR,0.11517232412727076,0.106,0.4035642195038894,1.5882653203922903
Joe Brady,2021,774,0.5956072351421189,0.595773977990375,-0.01667428482561295,CAR,0.6261669761270405,-0.6428412609526535,1.5882653203922903,2020,CAR,774,-0.10608320516741415,0.4186046511627907,-0.0015177470292742133,192,-0.1046058874589028,-0.003719672632882687,0.4479166666666667,CAR,-0.21915596924377262,0.043,-0.2789886804165098,0.6428412609526535
Joe Brady,2023,631,0.5404120443740095,0.5635470664837114,-2.3135022109701975,BUF,0.11393367084590045,-2.427435881816098,-0.6428412609526535,2021,CAR,631,0.09561728449924767,0.4643423137876387,0.003946119625053311,181,0.22958761969951308,0.010405467093568212,0.5248618784530387,BUF,0.10857688660738517,0.23600000000000002,1.1023847567546503,2.427435881816098
Joe Brady,2024,1217,0.5505341002465078,0.570120508857561,-1.9586408611053208,BUF,-0.9518483966517222,-1.0067924644535986,-2.427435881816098,2023,BUF,1217,0.1779936464559676,0.47576006573541496,0.004025400014060596,299,0.21285367348392217,0.006138240755113299,0.5150501672240803,BUF,0.12180965932024086,0.23600000000000002,1.340313413664484,1.0067924644535986
Joe Brady,2025,1208,0.5538079470198676,0.571322140647777,-1.7514193627909402,BUF,-0.6494373745055793,-1.101981988285361,-1.0067924644535986,2024,BUF,1208,0.1311566623583397,0.48344370860927155,0.003760875692606999,316,0.10671574510825622,0.004987603185398499,0.4525316455696203,BUF,0.2583533100282127,0.23600000000000002,1.4272717335608012,1.101981988285361
Joe Lombardi,2015,457,0.7155361050328227,0.6552468099401085,6.0289295092714195,DET,0.1965798639761429,5.8323496452952766,NA,NA,NA,457,-0.12127604035975313,0.4288840262582057,-0.0023241521726157888,84,0.013559863130337304,0.001902270549559395,0.5476190476190477,DET,NA,0.14400000000000002,1.5541657344323894,5.8323496452952766
Joe Lombardi,2021,1123,0.6589492430988424,0.6025873465432005,5.636189655564195,LAC,0.6261669761270405,5.010022679437155,5.8323496452952766,2015,DET,1123,0.08206683217011604,0.47105966162065893,0.0038848965872564987,381,0.06085837764012783,0.003251126642178745,0.4566929133858268,LAC,0.12883101889808093,0.034,0.36902496125244943,5.010022679437155
Joe Lombardi,2022,1213,0.674361088211047,0.6078634287206869,6.649765949036013,LAC,-0.9597999024095194,7.609565851445533,5.010022679437155,2021,LAC,1213,0.002956259101620204,0.4361088211046991,7.695692996895377e-4,456,-0.013140251726413003,0.0014868673756326068,0.4583333333333333,LAC,0.1461605808937495,0.034,0.3589681839840602,7.609565851445533
John DeFilippo,2015,1045,0.6717703349282297,0.6418724134386155,2.989792148961423,CLE,0.1965798639761429,2.7932122849852803,NA,NA,NA,1045,-0.09486469865154384,0.39712918660287083,-0.0024482005401130287,185,0.010199571058949697,-9.609640597560021e-4,0.4,CLE,NA,0.038,-0.335208796695889,2.7932122849852803
John DeFilippo,2018,829,0.6851628468033776,0.6258419439897608,5.932090281361679,MIN,0.805948653885058,5.126141627476621,2.7932122849852803,2015,CLE,829,-0.09044191256014356,0.43184559710494574,4.139929320990032e-4,161,-0.01758673534468291,0.003155837181114531,0.4409937888198758,MIN,-0.007333273328932873,0.158,0.23744839449798885,5.126141627476621
John DeFilippo,2019,1025,0.6653658536585366,0.6532270272730326,1.213882638550401,JAX,0.4000090329507544,0.8138736055996465,5.126141627476621,2018,MIN,1025,-0.06522157741745913,0.38926829268292684,-8.307824531975884e-4,181,-0.06463144414799948,-4.909567634241249e-4,0.35911602209944754,JAX,NA,0.004,-0.7787092163119378,0.8138736055996465
John DeFilippo,2019,1025,0.6653658536585366,0.6532270272730326,1.213882638550401,JAX,0.4000090329507544,0.8138736055996465,5.126141627476621,2018,MIN,1025,-0.06522157741745913,0.38926829268292684,-8.307824531975884e-4,181,-0.06463144414799948,-4.909567634241249e-4,0.35911602209944754,JAX,NA,0.004,-0.7787092163119378,0.8138736055996465
John Morton,2017,981,0.583078491335372,0.625087087609398,-4.200859627402598,NYJ,-1.2052393669852224,-2.9956202604173754,NA,NA,NA,981,-0.08208809467174526,0.37920489296636084,-0.0028317988938587647,253,-0.11458371375131612,-0.006198116810527487,0.3557312252964427,NYJ,-0.14426683485339795,0.036000000000000004,-1.0381131749478332,2.9956202604173754
John Morton,2025,485,0.5422680412371134,0.5998542130915161,-5.758617185440274,DET,-0.6494373745055793,-5.109179810934695,-2.9956202604173754,2017,NYJ,485,0.08973103883598613,0.4577319587628866,0.002451101160594898,98,0.0630687467140681,0.0023315234682544693,0.45918367346938777,DET,0.2519345455704998,0.20800000000000002,1.7700721608254018,5.109179810934695
Jon Gruden,2018,988,0.6163967611336032,0.6136895491202411,0.27072120133621036,LV,0.805948653885058,-0.5352274525488476,NA,NA,NA,988,-0.06386517644192852,0.44635627530364375,5.141083809890575e-4,244,-0.03279146951634536,9.506019874505098e-5,0.44672131147540983,LV,-0.006399222800152964,0.15,0.26998039089169734,0.5352274525488476
Jon Gruden,2019,990,0.5696969696969697,0.5960963642744423,-2.6399394577472646,LV,0.4000090329507544,-3.039948490698019,-0.5352274525488476,2018,LV,990,0.039809123648812374,0.4484848484848485,0.0034629444231581057,250,0.18232371983360438,0.006046212849303296,0.484,LV,-0.008298462722045387,0.15,0.5415269390606964,3.039948490698019
Jon Gruden,2020,1032,0.5833333333333334,0.5855177241835973,-0.21843908502638953,LV,1.1364240806491233,-1.3548631656755128,-3.039948490698019,2019,LV,1032,0.036287914332778434,0.46124031007751937,0.0035290201919984474,368,0.023975747423189978,0.0018497947767604382,0.45108695652173914,LV,0.14818316999112138,0.15,0.9560309577564738,1.3548631656755128
Jon Gruden,2021,341,0.6598240469208211,0.6016137305745457,5.821031634627538,LV,0.6261669761270405,5.194864658500498,-1.3548631656755128,2020,LV,341,-0.032599457798652136,0.4281524926686217,0.004851854863974182,84,0.1871587295510547,0.015775048767046045,0.4880952380952381,LV,0.07602102842919237,0.15,0.6148065732484785,5.194864658500498
Josh Grizzard,2025,1070,0.5962616822429907,0.6181135363667926,-2.185185412380186,TB,-0.6494373745055793,-1.535748037874607,NA,NA,NA,1070,-0.0105823992087876,0.42429906542056073,0.001346171716809147,259,0.16570713749603086,0.005455256821516205,0.47876447876447875,TB,0.19374285712840963,0.131,1.3344636330214208,1.535748037874607
Josh McDaniels,2015,1172,0.6621160409556314,0.58278621431224,7.932982664339139,NE,0.1965798639761429,7.736402800362996,NA,NA,NA,1172,0.0768130303915875,0.4325938566552901,0.00152836784086511,112,-0.10379821626308572,-0.0034121739833255257,0.3392857142857143,NE,NA,0.09300000000000001,-0.18525281742176508,7.736402800362996
Josh McDaniels,2016,1276,0.5846394984326019,0.5717636839819482,1.2875814450653666,NE,0.42742887415463393,0.8601525709107327,7.736402800362996,2015,NE,1276,0.1067910352251876,0.438871473354232,0.0032284146703654513,164,0.1401618641308606,0.0059266413377978494,0.4817073170731707,NE,0.1513731614107203,0.132,0.18768213075238244,0.8601525709107327
Josh McDaniels,2017,1277,0.6053249804228661,0.5696648994669282,3.5660080955937867,NE,-1.2052393669852224,4.771247462579009,0.8601525709107327,2016,NE,1277,0.12397459577021151,0.48003132341425214,0.003401752918448939,197,0.16068747578359557,0.00591135808745631,0.4873096446700508,NE,0.2744857914476442,0.132,0.755348016410866,4.771247462579009
Josh McDaniels,2018,1306,0.554364471669219,0.5580503723361628,-0.3685900666943853,NE,0.805948653885058,-1.1745387205794433,4.771247462579009,2017,NE,1306,0.08082431625528713,0.4670750382848392,0.003640683549956747,226,0.18909102615828366,0.009438387946178206,0.5088495575221239,NE,0.2414626968802635,NA,0.58267559271644,1.1745387205794433
Josh McDaniels,2019,1145,0.6008733624454149,0.5908644688994865,1.0008893545928377,NE,0.4000090329507544,0.6008803216420833,-1.1745387205794433,2018,NE,1145,-0.021714534705224896,0.41572052401746723,-4.6940265839408985e-4,142,-0.014727740595670067,0.0018526884394339446,0.4014084507042254,NE,0.14973231933135536,0.122,0.2932503471016187,0.6008803216420833
Josh McDaniels,2020,968,0.5144628099173554,0.6164894256132754,-10.202661569591998,NE,1.1364240806491233,-11.33908565024112,0.6008803216420833,2019,NE,968,-0.006712792184694057,0.4597107438016529,7.295688626309723e-4,207,0.03526497139039225,-0.0014910474917589466,0.5024154589371981,NE,NA,0.009000000000000001,0.609792670714997,11.33908565024112
Josh McDaniels,2021,1108,0.5586642599277978,0.5952939240577958,-3.662966412999802,NE,0.6261669761270405,-4.289133389126842,-11.33908565024112,2020,NE,1108,0.05407974972178525,0.4729241877256318,6.026398054912121e-4,296,-0.1740771872448919,-0.004799445500664817,0.4155405405405405,NE,NA,0.021,-0.01362836898149039,4.289133389126842
Josh McDaniels,2022,1059,0.6100094428706326,0.6318517695757102,-2.1842326705077575,LV,-0.9597999024095194,-1.224432768098238,-4.289133389126842,2021,NE,1059,-0.010534104332749062,0.42681775259678945,6.68218387812041e-4,351,-0.053127202789232664,-0.0026425308823486253,0.41595441595441596,LV,0.03531154221468156,0.19399999999999998,0.6268616490263634,1.224432768098238
Josh McDaniels,2023,459,0.6339869281045751,0.6220251327960837,1.1961795308491396,LV,0.11393367084590045,1.0822458600032392,-1.224432768098238,2022,LV,459,-0.1554581544641759,0.42483660130718953,-0.0016577039877431875,123,-0.08811371317295098,4.2731898098964985e-4,0.3902439024390244,LV,0.1892507912173972,0.10800000000000001,0.3633230163915258,1.0822458600032392
Josh McDaniels,2025,1273,0.603299293008641,0.5734184565723457,2.9880836436295355,NE,-0.6494373745055793,3.6375210181351147,1.0822458600032392,2023,LV,1273,0.08145094325606196,0.4587588373919874,0.0025460483622451483,260,0.13014926417573594,0.007462274086473825,0.47307692307692306,NE,-0.08765946930449685,0.036000000000000004,0.2570151659035398,3.6375210181351147
Kellen Moore,2019,1069,0.5977549111318989,0.6110355681535016,-1.3280657021602638,DAL,0.4000090329507544,-1.7280747351110182,NA,NA,NA,1069,0.11101652557123157,0.4855004677268475,0.0014369487869285926,228,0.109631172599552,0.0020415607983861246,0.4956140350877193,DAL,0.029482959882038612,0.004,-0.2788201913954831,1.7280747351110182
Kellen Moore,2020,1113,0.6343216531895777,0.6314917201417272,0.2829933047850508,DAL,1.1364240806491233,-0.8534307758640725,-1.7280747351110182,2019,DAL,1113,-0.04025268284884291,0.4573225516621743,-8.797418191813243e-4,358,-0.15395288065986287,-0.0054511450208605,0.43575418994413406,DAL,-0.047176073746092326,0.015,-0.4712018607541232,0.8534307758640725
Kellen Moore,2021,1210,0.6214876033057851,0.5946808916231822,2.6806711682602957,DAL,0.6261669761270405,2.054504192133255,-0.8534307758640725,2020,DAL,1210,0.07326730068120217,0.4628099173553719,0.0026683196183248117,256,0.05176712579450901,0.0017780511703369816,0.49609375,DAL,0.11203990552963543,0.21899999999999997,0.5980649234897862,2.054504192133255
Kellen Moore,2022,1241,0.5447219983883964,0.5878687017791626,-4.314670339076621,DAL,-0.9597999024095194,-3.354870436667101,2.054504192133255,2021,DAL,1241,0.017302902653686936,0.44560838033843675,0.0016670479304231056,347,0.012116379059588036,0.004079641551679341,0.4668587896253602,DAL,0.1439655268206141,0.21899999999999997,0.7397906391397528,3.354870436667101
Kellen Moore,2023,1101,0.6485013623978202,0.618820032570088,2.9681329827732195,LAC,0.11393367084590045,2.854199311927319,-3.354870436667101,2022,DAL,1101,-0.08195050260822369,0.4069028156221617,-0.0012874139584063615,284,0.03307419370239548,0.004066055918832726,0.45422535211267606,LAC,0.019406165458028177,0.23399999999999999,0.9184900364470281,2.854199311927319
Kellen Moore,2024,1344,0.48288690476190477,0.5540642830511343,-7.117737828922954,PHI,-0.9518483966517222,-6.165889432271232,2.854199311927319,2023,LAC,1344,0.11701624926942158,0.4479166666666667,0.003425484581230418,275,0.07698275970196061,0.003110795188905506,0.44,PHI,0.06363234001345382,0.22699999999999998,0.9156530175545593,6.165889432271232
Kellen Moore,2025,1069,0.6267539756782039,0.6365649969751754,-0.9811021296971534,NO,-0.6494373745055793,-0.3316647551915741,-6.165889432271232,2024,PHI,1069,-0.08747118360384572,0.4200187090739008,-0.0014527114585784378,161,-0.33229737457308134,-0.0062360090918795914,0.36024844720496896,NO,NA,0.01,-0.3467780714881992,0.3316647551915741
Ken Dorsey,2022,1153,0.6522116218560278,0.5854564733506028,6.675514850542497,BUF,-0.9597999024095194,7.6353147529520164,NA,NA,NA,1153,0.0876882844077087,0.4813529921942758,0.002404681170371062,216,0.0644504665938631,0.0040645754131137975,0.5,BUF,NA,0.23600000000000002,1.6894505188229887,7.6353147529520164
Ken Dorsey,2023,609,0.6371100164203612,0.5843554898876274,5.2754526532733825,BUF,0.11393367084590045,5.1615189824274825,7.6353147529520164,2022,BUF,609,0.1242169560531718,0.5205254515599343,0.0030190826359964037,177,0.11962531835745217,0.005032124781046131,0.5310734463276836,BUF,0.10857688660738517,0.23600000000000002,1.1023847567546503,5.1615189824274825
Ken Dorsey,2024,674,0.6735905044510386,0.6684787060059499,0.5111798445088689,CLE,-0.9518483966517222,1.463028241160591,5.1615189824274825,2023,BUF,674,-0.19210192719253652,0.3827893175074184,-0.003312174661015364,148,-0.4012175789941429,-0.011465652330446203,0.2972972972972973,CLE,NA,0.016,0.6587601629077506,1.463028241160591
Ken Whisenhunt,2015,438,0.6118721461187214,0.6323014800032796,-2.0429333884558143,TEN,0.1965798639761429,-2.239513252431957,NA,NA,NA,438,-0.14180418038951453,0.4223744292237443,-0.005458612933514411,103,-0.1369045562209186,-0.004323793455800762,0.3883495145631068,TEN,NA,0.042,0.659583591538303,2.239513252431957
Ken Whisenhunt,2016,1023,0.6070381231671554,0.5999928705488943,0.7045252618261166,LAC,0.42742887415463393,0.2770963876714827,-2.239513252431957,2015,TEN,1023,-0.007970277304002812,0.4173998044965787,-0.0016923848393085308,375,-0.0374676729323466,-0.0036984822076035224,0.4026666666666667,LAC,0.06997912544112073,0.145,0.8841681570320135,0.2770963876714827
Ken Whisenhunt,2017,1006,0.5974155069582505,0.5947832837062061,0.26322232520443745,LAC,-1.2052393669852224,1.4684616921896598,0.2770963876714827,2016,LAC,1006,0.06684141004136183,0.4383697813121272,0.0013373702751830073,159,0.0016009573984766844,0.002210285844178785,0.4339622641509434,LAC,0.0629405530073536,0.145,0.7025478211847636,1.4684616921896598
Ken Whisenhunt,2018,1074,0.595903165735568,0.5877471694833766,0.8155996252191433,LAC,0.805948653885058,0.009650971334085323,1.4684616921896598,2017,LAC,1074,0.10327837360171097,0.45623836126629425,9.377282089914302e-4,125,0.12376172211013849,0.005131551139463852,0.504,LAC,0.18360611793915588,0.145,0.9783112080892655,0.009650971334085323
Ken Whisenhunt,2019,482,0.6701244813278008,0.6553368038068917,1.4787677520909037,LAC,0.4000090329507544,1.0787587191401493,0.009650971334085323,2018,LAC,482,-0.010809929526525536,0.45020746887966806,-0.0012478618032830606,115,-0.19707401061846108,-0.005133998756763431,0.3826086956521739,LAC,0.19690386248739003,NA,1.1155789003358432,1.0787587191401493
Ken Zampese,2016,1043,0.5982742090124641,0.6149747656945815,-1.6700556682117451,CIN,0.42742887415463393,-2.097484542366379,NA,NA,NA,1043,0.036969078063582524,0.4448705656759348,5.783347135515489e-4,316,0.03278626258637032,2.360398047998231e-4,0.43354430379746833,CIN,0.2769676298757329,0.12,0.975705163636147,2.097484542366379
Kevin O'Connell,2019,606,0.570957095709571,0.6241409065318678,-5.318381082229684,WAS,0.4000090329507544,-5.718390115180439,NA,NA,NA,606,-0.13381882584429028,0.37623762376237624,-0.0027663531557361176,80,-0.17553462369448442,-0.004881036400936356,0.35,WAS,NA,NA,0.500606668441923,5.718390115180439
Kevin O'Connell,2022,1170,0.6581196581196581,0.6121691345754596,4.595052354419849,MIN,-0.9597999024095194,5.554852256829369,-5.718390115180439,2019,WAS,1170,-0.004521910916761404,0.45213675213675214,0.0019233735227238392,284,0.0028782266295819437,0.003986895247517361,0.44366197183098594,MIN,0.11242395189023802,0.168,0.5269871795620406,5.554852256829369
Kevin O'Connell,2023,1071,0.6610644257703081,0.6184795279400187,4.25848978302894,MIN,0.11393367084590045,4.144556112183039,5.554852256829369,2022,MIN,1071,-0.052938760571736715,0.42016806722689076,-5.953399384422195e-4,398,-0.04408860827725144,-2.9717682264624037e-4,0.43467336683417085,MIN,0.04153128419311535,NA,0.07925072930336781,4.144556112183039
Kevin O'Connell,2024,1111,0.6075607560756076,0.560438874027584,4.712188204802359,MIN,-0.9518483966517222,5.6640366014540815,4.144556112183039,2023,MIN,1111,-0.014437357615265678,0.45004500450045004,0.0022401262752672936,273,0.06809762726708375,0.004701620386730001,0.46886446886446886,MIN,NA,0.039,0.5326866534887249,5.6640366014540815
Kevin O'Connell,2025,949,0.6016859852476291,0.5957242296409994,0.5961755606629704,MIN,-0.6494373745055793,1.2456129351685497,5.6640366014540815,2024,MIN,949,-0.11842172881887321,0.42571127502634354,-0.001645826925371879,254,-0.11976131088795389,-0.001294986757589938,0.4251968503937008,MIN,NA,0.021,0.09228250098547897,1.2456129351685497
Kevin Patullo,2025,1074,0.5679702048417132,0.5892736212934888,-2.130341645177558,PHI,-0.6494373745055793,-1.4809042706719788,NA,NA,NA,1074,0.019355105469203337,0.4301675977653631,-6.131994888243523e-5,326,0.028487206351850355,7.456573998759387e-4,0.4263803680981595,PHI,0.1329525904132375,0.22699999999999998,1.2845179644655544,1.4809042706719788
Kevin Stefanski,2019,1091,0.5242896425297892,0.5946083317684072,-7.031868923861806,MIN,0.4000090329507544,-7.43187795681256,-9.987661178871875,2018,MIN,1091,0.015179709379342272,0.4069660861594867,8.852321269875684e-4,196,0.15296084368636403,0.0061558517930725195,0.45918367346938777,MIN,-0.03271656533368983,0.158,0.30921239875112394,7.43187795681256
Kevin Stefanski,2020,1073,0.5452003727865797,0.5644248602382376,-1.9224487451657835,CLE,1.1364240806491233,-3.0588728258149067,-7.43187795681256,2019,MIN,1073,0.07547689905107605,0.45852749301025164,0.00434696307470907,212,0.22622115345718646,0.010132295039202469,0.4716981132075472,CLE,-0.03556759357006444,0.046,0.1441102121209344,3.0588728258149067
Kevin Stefanski,2021,1007,0.564051638530288,0.5997845473890719,-3.5732908858783996,CLE,0.6261669761270405,-4.19945786200544,-3.0588728258149067,2020,CLE,1007,-0.0033405962861643005,0.4369414101290963,-7.312299376350715e-5,225,-0.007023506267228745,-0.001247903606496507,0.4088888888888889,CLE,0.15061515140302878,0.046,0.8176638307720772,4.19945786200544
Kevin Stefanski,2022,1106,0.5551537070524413,0.620142726950974,-6.4989019898532785,CLE,-0.9597999024095194,-5.539102087443759,-4.19945786200544,2021,CLE,1106,0.007160811711850863,0.4394213381555154,-1.0777361667607446e-4,387,-0.03393853912530421,-0.0017995238596433436,0.4470284237726098,CLE,-0.11297146993297921,0.022000000000000002,-0.621879929003548,5.539102087443759
Kevin Stefanski,2023,1249,0.5972778222578062,0.6151568495360519,-1.787902727824564,CLE,0.11393367084590045,-1.9018363986704645,-5.539102087443759,2022,CLE,1249,-0.156294648652081,0.3859087269815853,-0.003243670976988188,303,-0.16559297252978503,-0.004023424510008142,0.40264026402640263,CLE,-0.1500042715361783,0.01,-0.6457551501009815,1.9018363986704645
Kevin Stefanski,2024,451,0.6829268292682927,0.6652251062398474,1.7701723028445304,CLE,-0.9518483966517222,2.7220206994962526,-1.9018363986704645,2023,CLE,451,-0.1952388575031516,0.3392461197339246,-0.004175510846294435,73,-0.3311514727284841,-0.014600459070017606,0.3150684931506849,CLE,-0.14114026042623407,0.221,0.4131972080818705,2.7220206994962526
Kevin Stefanski,2025,513,0.6393762183235867,0.657523059211744,-1.8146840888157323,CLE,-0.6494373745055793,-1.165246714310153,2.7220206994962526,2024,CLE,513,-0.18819392474269803,0.3333333333333333,-0.004644440732528867,100,-0.178803304781326,-0.01007893296619946,0.33,CLE,0.011275886737469305,0.015,0.013468850377839153,1.165246714310153
Kliff Kingsbury,2019,994,0.6338028169014085,0.6089356672908863,2.4867149610522166,ARI,0.4000090329507544,2.086705928101462,NA,NA,NA,994,-0.0032328128614914336,0.42354124748490946,0.0014274417978737215,235,0.09329465424557581,0.0030218967419811233,0.43829787234042555,ARI,NA,0.047,0.8756161997613741,2.086705928101462
Kliff Kingsbury,2020,1073,0.6020503261882573,0.5951697774359889,0.6880548752268401,ARI,1.1364240806491233,-0.4483692054222832,2.086705928101462,2019,ARI,1073,0.03501372547773191,0.45293569431500463,0.0016701772184489773,258,0.0472410824842567,0.004836456202206447,0.42248062015503873,ARI,-0.021400407283797517,0.047,0.2698714675741574,0.4483692054222832
Kliff Kingsbury,2021,1105,0.604524886877828,0.5952852281813439,0.9239658696484132,ARI,0.6261669761270405,0.2977988935213727,-0.4483692054222832,2020,ARI,1105,0.035821196010530625,0.46153846153846156,0.0018726946120773144,286,0.138099290174096,0.005397558713701686,0.5034965034965035,ARI,0.0317255517749686,0.047,0.6177846016513285,0.2977988935213727
Kliff Kingsbury,2022,1144,0.6520979020979021,0.6495468681499076,0.25510339479944966,ARI,-0.9597999024095194,1.214903297208969,0.2977988935213727,2021,ARI,1144,-0.09582481084179965,0.40297202797202797,-0.0019530000874034004,345,-0.12016603575395682,-0.0031687883141417643,0.35942028985507246,ARI,0.07281473172579872,0.221,1.3453851560348478,1.214903297208969
Kliff Kingsbury,2024,1313,0.5948210205635949,0.5784747117352921,1.6346308828302791,WAS,-0.9518483966517222,2.5864792794820013,1.214903297208969,2022,ARI,1313,0.12141804602160632,0.4722010662604722,0.004570715338377573,315,0.07814697584916454,0.0028151829200182554,0.45714285714285713,WAS,NA,0.037000000000000005,0.6246068114006219,2.5864792794820013
Kliff Kingsbury,2025,980,0.5755102040816327,0.6023225852117247,-2.681238113009199,WAS,-0.6494373745055793,-2.0318007385036196,2.5864792794820013,2024,WAS,980,0.005265132811599708,0.4561224489795918,5.303218084387316e-4,212,0.09228504109711315,0.007147496262771736,0.47641509433962265,WAS,NA,0.028999999999999998,0.568643963180332,2.0318007385036196
Klint Kubiak,2021,1085,0.5944700460829493,0.6055729948739575,-1.110294879100826,MIN,0.6261669761270405,-1.7364618552278666,NA,NA,NA,1085,0.008111568841208436,0.4119815668202765,0.0024281155686959174,329,0.11608268626610345,0.004925562265585727,0.44376899696048633,MIN,0.1472319859881949,0.166,0.8002987748989839,1.7364618552278666
Klint Kubiak,2022,499,0.6032064128256514,0.629569274524529,-2.6362861698877693,DEN,-0.9597999024095194,-1.67648626747825,-1.7364618552278666,2021,MIN,499,-0.11314563410557588,0.3927855711422846,-0.0027066837458151116,117,-0.11107740051044193,-0.003540814038049878,0.38461538461538464,DEN,0.014048257641791163,0.235,0.7439070412151567,1.67648626747825
Klint Kubiak,2024,1037,0.5920925747348119,0.6270306302178852,-3.493805548307327,NO,-0.9518483966517222,-2.541957151655605,-1.67648626747825,2022,DEN,1037,-0.06243412630966684,0.40501446480231434,-3.407451945892861e-4,276,0.07260341877387179,0.0023186645891581786,0.39492753623188404,NO,0.0447652112497781,0.19399999999999998,0.7419459414568771,2.541957151655605
Klint Kubiak,2025,1199,0.5145954962468724,0.5670642705620257,-5.246877431515329,SEA,-0.6494373745055793,-4.59744005700975,-2.541957151655605,2024,NO,1199,0.03554153225766816,0.457047539616347,9.051532015689793e-4,232,-0.006732141825343709,6.989711050530501e-4,0.49137931034482757,SEA,0.013002761515538306,0.12,0.7614875271468751,4.59744005700975
Kyle Shanahan,2015,1078,0.6178107606679035,0.6086365519271185,0.9174208740785006,ATL,0.1965798639761429,0.7208410101023577,NA,NA,NA,1078,-0.013413319077560732,0.45454545454545453,5.014438056093991e-4,402,0.04385355982413929,0.0022093773707193907,0.48258706467661694,ATL,NA,0.16899999999999998,1.4420829370684358,0.7208410101023577
Kyle Shanahan,2016,1174,0.5936967632027257,0.543375873114768,5.03208900879577,ATL,0.42742887415463393,4.604660134641136,0.7208410101023577,2015,ATL,1174,0.19623567551554885,0.49233390119250425,0.004244231279732878,295,0.23607993645564407,0.007153044878859115,0.5152542372881356,ATL,0.1054712277314674,0.16899999999999998,0.8989468829757155,4.604660134641136
Kyle Shanahan,2017,1060,0.6264150943396226,0.6245408145904121,0.18742797492105057,SF,-1.2052393669852224,1.392667341906273,4.604660134641136,2016,ATL,1060,-0.05477442239216511,0.4056603773584906,-0.0019036736211671247,275,-0.06947072617968272,-0.003154257104312607,0.4072727272727273,SF,NA,0.005,-0.6313424150994194,1.392667341906273
Kyle Shanahan,2018,997,0.5947843530591775,0.6105091491846766,-1.572479612549904,SF,0.805948653885058,-2.378428266434962,1.392667341906273,2017,SF,997,-0.05022857219888349,0.43329989969909727,-0.0023556111623772406,263,0.04822882877571609,-7.341855332669973e-4,0.467680608365019,SF,NA,0.003,-0.8866775193538013,2.378428266434962
Kyle Shanahan,2019,1168,0.5034246575342466,0.5617267270723982,-5.830206953815164,SF,0.4000090329507544,-6.230215986765918,-2.378428266434962,2018,SF,1168,0.0676100166837328,0.4503424657534247,0.002795019520833015,296,0.0897017997242007,0.003899710816278716,0.48986486486486486,SF,-0.015069744421488002,0.155,-0.23815036589233035,6.230215986765918
Kyle Shanahan,2020,1054,0.5834914611005693,0.6209672437503622,-3.74757826497929,SF,1.1364240806491233,-4.884002345628414,-6.230215986765918,2019,SF,1054,-0.00703066570298952,0.45351043643263755,-0.0017495209934471766,296,-0.025557305496231524,-0.00238210566715975,0.46621621621621623,SF,NA,0.004,-0.8796821633262651,4.884002345628414
Kyle Shanahan,2021,1208,0.5306291390728477,0.5937695926601153,-6.31404535872676,SF,0.6261669761270405,-6.9402123348538005,-4.884002345628414,2020,SF,1208,0.05106331221505763,0.445364238410596,0.0030383731185687855,269,0.028198076277934175,0.0045084236794371915,0.4349442379182156,SF,0.1647389006662192,0.155,0.5688942835557261,6.9402123348538005
Kyle Shanahan,2022,1221,0.5257985257985258,0.5736784500593926,-4.7879924260866735,SF,-0.9597999024095194,-3.828192523677154,-6.9402123348538005,2021,SF,1221,0.06994606769209091,0.457002457002457,0.002840545639214243,241,0.07790210646041089,0.0024011766452617963,0.5020746887966805,SF,0.14060358630047,0.155,0.5478567693309743,3.828192523677154
Kyle Shanahan,2023,1207,0.5468102734051367,0.5618175255395501,-1.5007252134413451,SF,0.11393367084590045,-1.6146588842872456,-3.828192523677154,2022,SF,1207,0.15798202107348092,0.5004142502071252,0.003914591110081255,208,0.11605579826639914,0.0028746767623951527,0.49038461538461536,SF,0.22919512996358232,0.004,0.020281453602887745,1.6146588842872456
Kyle Shanahan,2024,1033,0.5914811229428848,0.6050399582064911,-1.355883526360635,SF,-0.9518483966517222,-0.40403512970891287,-1.6146588842872456,2023,SF,1033,0.05791980188849738,0.4569215876089061,0.0011107739512436158,258,0.06407560138702857,8.344029075079996e-4,0.46124031007751937,SF,0.27443557152449616,0.004,0.3019090797048254,0.40403512970891287
Kyle Shanahan,2025,1182,0.5905245346869712,0.5810593207116206,0.9465213975350606,SF,-0.6494373745055793,1.5959587720406399,-0.40403512970891287,2024,SF,1182,0.05773364484676551,0.4754653130287648,0.0029625858496795006,293,0.11081415088298822,0.005980298230871112,0.5051194539249146,SF,0.16460131732017055,0.19,0.6243667006511395,1.5959587720406399
Liam Coen,2024,1135,0.5947136563876652,0.5876445453687845,0.7069111018880636,TB,-0.9518483966517222,1.6587594985397858,NA,NA,NA,1135,0.12169046863481348,0.49251101321585905,0.003143501383790838,275,0.1726638692509069,0.008552859712571264,0.5490909090909091,TB,0.07934527833612329,0.131,0.8369692296586715,1.6587594985397858
Liam Coen,2025,1136,0.5959507042253521,0.5664488088231349,2.950189540221726,JAX,-0.6494373745055793,3.5996269147273052,1.6587594985397858,2024,TB,1136,0.022529876604177382,0.44366197183098594,0.0019931617723934103,379,0.16059960189439346,0.00707550498362799,0.48284960422163586,JAX,-0.018250701991781387,0.215,0.8999286195969245,3.5996269147273052
Luke Getsy,2022,989,0.5096056622851365,0.6368346229530835,-12.722896066794698,CHI,-0.9597999024095194,-11.763096164385178,NA,NA,NA,989,-0.050335493988218814,0.4034378159757331,-0.0020467599716365442,265,-0.027049919290027997,-0.003021940500872297,0.4075471698113208,CHI,-0.21283791431468443,0.026000000000000002,-0.4981443189905081,11.763096164385178
Luke Getsy,2023,1093,0.565416285452882,0.595189691199141,-2.9773405746258974,CHI,0.11393367084590045,-3.091274245471798,-11.763096164385178,2022,CHI,1093,-0.054367854401051866,0.41537053979871913,-0.0010945871430693408,341,-0.11268225086412649,-0.003701319028461721,0.39589442815249265,CHI,-0.22062552792069018,0.026000000000000002,-0.5478088682485562,3.091274245471798
Luke Getsy,2024,546,0.652014652014652,0.6692538010468195,-1.72391490321675,LV,-0.9518483966517222,-0.7720665065650278,-3.091274245471798,2023,CHI,546,-0.22014667172730132,0.39194139194139194,-0.005282279370676634,123,-0.1384622268638418,-0.003766814464302533,0.35772357723577236,LV,-0.010976539224529309,0.049,-0.49839631478361773,0.7720665065650278
Marc Trestman,2015,1087,0.6467341306347746,0.630347259490037,1.638687114473758,BAL,0.1965798639761429,1.4421072504976151,NA,NA,NA,1087,-0.08217848606735897,0.42410303587856485,-0.002484796280044185,402,-0.12424331329518769,-0.004602294580905714,0.4228855721393035,BAL,NA,0.163,0.9320882747654695,1.4421072504976151
Marc Trestman,2016,349,0.6561604584527221,0.6520819566119197,0.40785018408023843,BAL,0.42742887415463393,-0.0195786900743955,1.4421072504976151,2015,BAL,349,-0.10079164577336808,0.3982808022922636,-0.004896790806922848,120,-0.15400161706544804,-0.00958945673123023,0.39166666666666666,BAL,0.002689517984808992,0.163,0.08110946900984017,0.0195786900743955
Marty Mornhinweg,2016,723,0.6708160442600276,0.6151924054003106,5.562363885971699,BAL,0.42742887415463393,5.134935011817065,NA,NA,NA,723,-0.04770272858288141,0.4094052558782849,-5.5691270489323e-4,180,0.052382045411364195,0.0019905761046894554,0.45,BAL,0.002689517984808992,0.163,0.08110946900984017,5.134935011817065
Marty Mornhinweg,2017,1040,0.5740384615384615,0.6118859811900903,-3.7847519651628803,BAL,-1.2052393669852224,-2.579512598177658,5.134935011817065,2016,BAL,1040,-0.0658187907612797,0.4201923076923077,-0.002172935913867964,189,-0.21083093898264219,-0.005643763371707286,0.3915343915343915,BAL,-0.04944255775919419,0.163,0.33537011742601786,2.579512598177658
Marty Mornhinweg,2018,1180,0.5457627118644067,0.6038728352864982,-5.811012342209143,BAL,0.805948653885058,-6.616960996094201,-2.579512598177658,2017,BAL,1180,0.003597543322654072,0.4449152542372881,-3.093561441279428e-4,335,0.0156315349083962,3.647541559673806e-4,0.4507462686567164,BAL,-0.10003612543500372,0.163,0.17355591378940105,6.616960996094201
Matt Canada,2021,1169,0.6424294268605646,0.6367942110123072,0.5635215848257435,PIT,0.6261669761270405,-0.06264539130129698,NA,NA,NA,1169,-0.08228361390688639,0.3900769888793841,-8.587873980679596e-4,286,-0.08797692041005928,-4.45315825417823e-4,0.36363636363636365,PIT,0.07679748698872148,0.077,0.3084572286918871,0.06264539130129698
Matt Canada,2022,1105,0.5782805429864254,0.5966251350838133,-1.8344592097387924,PIT,-0.9597999024095194,-0.874659307329273,-0.06264539130129698,2021,PIT,1105,0.002727160472390088,0.4461538461538462,0.0016199844036867165,370,-0.027121225716393305,9.070798879392458e-4,0.44594594594594594,PIT,NA,0.017,-0.11675475121005571,0.874659307329273
Matt Canada,2023,577,0.6013864818024264,0.6210075732920982,-1.9621091489671838,PIT,0.11393367084590045,-2.0760428198130843,-0.874659307329273,2022,PIT,577,-0.11481011286866208,0.3968804159445407,-0.0020004090166659888,193,-0.12760388671776918,-0.0033006667014571205,0.41968911917098445,PIT,-0.026068410781456226,0.017,-0.07879528756801453,2.0760428198130843
Matt LaFleur,2018,947,0.5469904963041182,0.6145843785008318,-6.759388219671358,TEN,0.805948653885058,-7.565336873556416,NA,NA,NA,947,-0.03701661280506333,0.42344244984160506,7.47736762715514e-4,309,-0.022038097490144782,0.0016915818776749142,0.42394822006472493,TEN,-0.03725412732575188,0.042,0.28812884423949625,7.565336873556416
Matt LaFleur,2019,1119,0.6309204647006256,0.6009751476141041,2.9945317086521483,GB,0.4000090329507544,2.594522675701394,-7.565336873556416,2018,TEN,1119,0.05114365472593898,0.4352100089365505,0.002207722642635637,200,-0.0633313571472253,-2.981830795494536e-4,0.44,GB,0.0763609364351495,0.18899999999999997,0.5930803676782482,2.594522675701394
Matt LaFleur,2020,1114,0.5906642728904847,0.5474214494107976,4.324282347968711,GB,1.1364240806491233,3.1878582673195877,2.594522675701394,2019,GB,1114,0.205109321257181,0.507181328545781,0.004446813402386114,214,0.09412954175858929,0.001968980018178318,0.5046728971962616,GB,0.09909534564112642,0.18899999999999997,0.789844436314767,3.1878582673195877
Matt LaFleur,2021,1111,0.6102610261026102,0.5617617037361882,4.849932236642207,GB,0.6261669761270405,4.223765260515167,3.1878582673195877,2020,GB,1111,0.11402567311266493,0.47704770477047703,0.004709758433272935,256,0.22537428726627887,0.007922791105380338,0.4921875,GB,0.31201924786599833,0.18899999999999997,1.5196799736090345,4.223765260515167
Matt LaFleur,2021,1111,0.6102610261026102,0.5617617037361882,4.849932236642207,GB,0.6261669761270405,4.223765260515167,3.1878582673195877,2020,GB,1111,0.11402567311266493,0.47704770477047703,0.004709758433272935,256,0.22537428726627887,0.007922791105380338,0.4921875,GB,NA,0.18899999999999997,1.038822573362991,4.223765260515167
Matt LaFleur,2022,1041,0.5811719500480308,0.6054663304293189,-2.429438038128806,GB,-0.9597999024095194,-1.4696381357192867,4.223765260515167,2021,GB,1041,-0.005223149406781844,0.45341018251681076,-1.9924691768432738e-4,203,-0.042691618275198906,9.576388528385352e-4,0.4433497536945813,GB,0.2587502332998947,0.24100000000000002,1.52809822434344,1.4696381357192867
Matt LaFleur,2023,1162,0.5929432013769363,0.5793906800799935,1.3552521296942843,GB,0.11393367084590045,1.2413184588483839,-1.4696381357192867,2022,GB,1162,0.07149809478413985,0.44664371772805506,0.0016515764043729803,327,0.06994262149180236,0.0010407957931612606,0.41590214067278286,GB,NA,0.06,0.11551382258585331,1.2413184588483839
Matt LaFleur,2024,1092,0.51007326007326,0.5833405589193597,-7.3267298846099616,GB,-0.9518483966517222,-6.374881487958239,1.2413184588483839,2023,GB,1092,0.05496253745405643,0.4432234432234432,0.001959305402330098,263,0.13922786369527596,0.005198848166466364,0.467680608365019,GB,0.15611338243051653,0.215,0.9537747366306993,6.374881487958239
Matt LaFleur,2025,1068,0.5617977528089888,0.5881190555264357,-2.6321302717446926,GB,-0.6494373745055793,-1.9826928972391133,-6.374881487958239,2024,GB,1068,0.11246275714406895,0.47097378277153557,0.0047839816529418305,276,0.2051908292550989,0.009354294891986817,0.4782608695652174,GB,0.0938811955200495,0.215,0.7569221010957717,1.9826928972391133
Matt Nagy,2017,373,0.6193029490616622,0.5814492817538672,3.7853667307794936,KC,-1.2052393669852224,4.990606097764716,NA,NA,NA,373,0.1270041436608098,0.4477211796246649,0.004599361515869149,74,0.2645369208019819,0.006227747066536543,0.5,KC,0.07016974860663398,0.128,0.9395688907400734,4.990606097764716
Matt Nagy,2018,1071,0.5863678804855276,0.568816952144746,1.7550928340781535,CHI,0.805948653885058,0.9491441801930955,4.990606097764716,2017,KC,1071,0.01423550669768691,0.44911297852474324,0.0015690720177746332,294,0.07579794585773739,0.0025117889979887837,0.45918367346938777,CHI,-0.14052224844493222,0.043,-0.3126078295918378,0.9491441801930955
Matt Nagy,2019,1021,0.6327130264446621,0.6239381478707161,0.8774878573945988,CHI,0.4000090329507544,0.4774788244438444,0.9491441801930955,2018,CHI,1021,-0.0975063082204841,0.4015670910871694,-0.001971284553057424,258,-0.06435797685777248,-0.0023547772741202544,0.42248062015503873,CHI,0.09929420253058528,0.043,0.6007184520951854,0.4774788244438444
Matt Nagy,2020,588,0.6785714285714286,0.650983086229638,2.758834234179064,CHI,1.1364240806491233,1.6224101535299407,0.4774788244438444,2019,CHI,588,-0.09033010335317648,0.391156462585034,-0.0019196230627493802,102,-0.056390279613686915,-0.002261249216563367,0.39215686274509803,CHI,-0.10864914724042021,0.11699999999999999,-0.03102951743180589,1.6224101535299407
Matt Patricia,2022,989,0.6066734074823054,0.6072232840117536,-0.05498765294482677,NE,-0.9597999024095194,0.9048122494646926,NA,NA,NA,989,-0.0596450248385383,0.4064711830131446,-0.0010444326034387324,329,-0.01663360591216249,-5.9170487047113616e-5,0.4133738601823708,NE,0.055866046652206604,0.021,0.23836018037862208,0.9048122494646926
Mike Kafka,2022,1193,0.5901089689857502,0.6180785653530328,-2.796959636728269,NYG,-0.9597999024095194,-1.8371597343187496,NA,NA,NA,1193,0.03380253091040569,0.4484492875104778,0.0015112147297179181,325,-0.037089703831166124,-9.477638626593538e-4,0.40923076923076923,NYG,-0.03978795531919648,0.034,0.0015327458841028763,1.8371597343187496
Mike Kafka,2023,1055,0.6303317535545023,0.6417387107925672,-1.140695723806484,NYG,0.11393367084590045,-1.2546293946523845,-1.8371597343187496,2022,NYG,1055,-0.17199906452339417,0.3791469194312796,-0.0034619847357138553,235,-0.20458002015790355,-0.007247064356544352,0.3659574468085106,NYG,NA,0.004,-0.8796821633262651,1.2546293946523845
Mike Kafka,2025,1088,0.5735294117647058,0.6021426502916525,-2.861323852694664,NYG,-0.6494373745055793,-2.2118864781890846,-1.2546293946523845,2023,NYG,1088,0.005403244198433589,0.41911764705882354,-3.0318231044658086e-5,290,-0.09112601982505338,-0.0034181744159632443,0.3931034482758621,NYG,NA,0.015,-0.18903242106891155,2.2118864781890846
Mike LaFleur,2021,1036,0.6515444015444015,0.6251436756064389,2.640072593796261,NYJ,0.6261669761270405,2.0139056176692205,NA,NA,NA,1036,-0.09958707828883372,0.41312741312741313,-0.001432849004350833,143,-0.0646551202631559,-2.4565743655998194e-4,0.44755244755244755,NYJ,NA,0.048,0.7015557277035205,2.0139056176692205
Mike LaFleur,2022,1079,0.6376274328081557,0.6561055780233913,-1.8478145215235608,NYJ,-0.9597999024095194,-0.8880146191140414,2.0139056176692205,2021,NYJ,1079,-0.09611280307471569,0.38739573679332717,-0.0025778069630754408,324,-0.15830006166181798,-0.0049262209980715545,0.33641975308641975,NYJ,-0.22252823609295566,0.048,-0.7303765818116634,0.8880146191140414
Mike McCarthy,2015,485,0.6123711340206186,0.6119187992719031,0.04523347487155327,GB,0.1965798639761429,-0.15134638910458964,NA,NA,NA,485,-0.0889113107298209,0.37938144329896906,4.688714660005824e-4,93,-0.05446085991241961,4.5321107459423223e-4,0.3763440860215054,GB,NA,0.179,0.9688690130876287,0.15134638910458964
Mike McCarthy,2016,1215,0.6897119341563785,0.5923508709488216,9.736106320755699,GB,0.42742887415463393,9.308677446601065,-0.15134638910458964,2015,GB,1215,0.11082113300868003,0.4477366255144033,0.0028502427424438657,298,0.13018083175788683,0.006134124232323744,0.4664429530201342,GB,-0.0022669930749935284,0.179,0.07826527506014497,9.308677446601065
Mike McCarthy,2017,992,0.6542338709677419,0.625687545617937,2.8546325349804835,GB,-1.2052393669852224,4.059871901965706,9.308677446601065,2016,GB,992,-0.04218648560872201,0.4405241935483871,8.054541829299342e-4,292,-0.07276820044403878,0.001657131370244495,0.3904109589041096,GB,NA,0.004,-0.7287267477605124,4.059871901965706
Mike McCarthy,2018,763,0.6946264744429882,0.6281681628031156,6.645831163987259,GB,0.805948653885058,5.839882510102201,4.059871901965706,2017,GB,763,0.0447341385359989,0.45740498034076016,0.0018792786081780158,201,-0.05808924920746935,7.926738078610482e-5,0.43283582089552236,GB,0.07967870739221543,0.18899999999999997,0.6955121318279622,5.839882510102201
Mike McCarthy,2023,1199,0.6263552960800667,0.5795727133334574,4.678258274660929,DAL,0.11393367084590045,4.564324603815029,5.839882510102201,2018,GB,1199,0.08830054147005115,0.475396163469558,0.0024224628004435238,211,0.22023611400965962,0.007946328612218737,0.5071090047393365,DAL,0.11196519002296704,0.21899999999999997,0.6137760933923151,4.564324603815029
Mike McCarthy,2024,1103,0.6201269265639165,0.6267852173731449,-0.6658290809228307,DAL,-0.9518483966517222,0.2860193157288915,4.564324603815029,2023,DAL,1103,-0.11124308465320437,0.40616500453309157,5.5262773175144914e-5,307,0.03614299787203675,0.0023800689293762022,0.4234527687296417,DAL,NA,0.011000000000000001,-0.8307146711335114,0.2860193157288915
Mike McCoy,2017,675,0.6162962962962963,0.6492524931441852,-3.2956196847888863,DEN,-1.2052393669852224,-2.090380317803664,NA,NA,NA,675,-0.14333191644230184,0.3837037037037037,-0.0029715010750899816,158,-0.1518115190058876,-0.0038017153775946177,0.379746835443038,DEN,-0.021700849142276234,0.004,-0.5415004050502961,2.090380317803664
Mike McCoy,2018,365,0.6356164383561644,0.6577609254174852,-2.2144487061320772,ARI,0.805948653885058,-3.020397360017135,-2.090380317803664,2017,DEN,365,-0.31953976942391843,0.35342465753424657,-0.005449183343812203,68,-0.3690675532620992,-0.011508456425589363,0.3235294117647059,ARI,NA,0.025,0.12026392509562395,3.020397360017135
Mike McDaniel,2022,1074,0.6396648044692738,0.6079013226831289,3.1763481786144854,MIA,-0.9597999024095194,4.136148081024005,NA,NA,NA,1074,0.02315950641373023,0.4329608938547486,7.762076968811255e-4,321,-0.07905250602407543,-0.001877308930544228,0.37694704049844235,MIA,0.05168313584099851,0.038,0.39281934543734764,4.136148081024005
Mike McDaniel,2023,1112,0.5890287769784173,0.590120553323771,-0.10917763453537344,MIA,0.11393367084590045,-0.22311130538127388,4.136148081024005,2022,MIA,1112,0.07154144866245418,0.4613309352517986,0.0019407807084147765,174,0.19356382748099538,0.006015295739240672,0.4885057471264368,MIA,0.21666672525525077,0.038,0.6634484284780275,0.22311130538127388
Mike McDaniel,2024,1087,0.6025758969641214,0.6216924130340841,-1.9116516069962675,MIA,-0.9518483966517222,-0.9598032103445453,-0.22311130538127388,2023,MIA,1087,-0.04723493143075998,0.4406623735050598,-4.0997837986631405e-4,341,-0.1472498605406839,-0.0034361369643563073,0.4046920821114369,MIA,0.15402098862632785,0.20800000000000002,1.257596398142408,0.9598032103445453
Mike McDaniel,2025,944,0.5614406779661016,0.60550401994852,-4.406334198241835,MIA,-0.6494373745055793,-3.7568968237362554,-0.9598032103445453,2024,MIA,944,-0.016361100084263707,0.4205508474576271,6.248820365421453e-4,194,0.1535619372754656,0.004073198562847682,0.4639175257731959,MIA,0.2020670155438817,0.20800000000000002,1.388210078897891,3.7568968237362554
Mike Shula,2015,1244,0.5321543408360129,0.5575013652861633,-2.534702445015047,CAR,0.1965798639761429,-2.7312823089911897,NA,NA,NA,1244,0.06445612399538045,0.4429260450160772,0.0027467344234474236,182,0.05379249070661732,0.004981644766405946,0.45604395604395603,CAR,NA,0.145,1.5611610904599251,2.7312823089911897
Mike Shula,2016,1054,0.5768500948766604,0.6064699130694767,-2.961981819281634,CAR,0.42742887415463393,-3.3894106934362678,-2.7312823089911897,2015,CAR,1054,-0.06120646415559911,0.4060721062618596,-0.0010135210348806727,216,-0.0890573382396074,-0.002569764450377233,0.4166666666666667,CAR,0.12604555173535592,0.145,0.23935435572774166,3.3894106934362678
Mike Shula,2017,1083,0.5650969529085873,0.6026580682168833,-3.756111530829598,CAR,-1.2052393669852224,-2.5508721638443754,-3.3894106934362678,2016,CAR,1083,-0.029369874130866978,0.40350877192982454,1.975018240324914e-4,260,0.10284599595990566,0.006374788786987801,0.47307692307692306,CAR,-0.04738485022474111,0.145,0.2977056054557079,2.5508721638443754
Mike Sullivan,2017,722,0.5997229916897507,0.6173770886077096,-1.7654096917958828,NYG,-1.2052393669852224,-0.5601703248106604,NA,NA,NA,722,-0.13263944507610187,0.39196675900277006,-0.002629285314038529,255,-0.15999655335024981,-0.00501930650059432,0.3568627450980392,NYG,-0.0443761650534682,0.147,0.5406563003425998,0.5601703248106604
Mike Sullivan,2023,494,0.5222672064777328,0.5986122333026127,-7.634502682487987,PIT,0.11393367084590045,-7.748436353333888,-0.5601703248106604,2017,NYG,494,-0.04208996908812723,0.44129554655870445,-6.434867713665108e-4,162,0.045546305526049706,0.0029080264227979466,0.4567901234567901,PIT,NA,0.005,-0.5494124431591669,7.748436353333888
Nathaniel Hackett,2016,615,0.6032520325203252,0.6219161325232772,-1.8664100002951933,JAX,0.42742887415463393,-2.2938388744498273,NA,NA,NA,615,-0.1184186495249462,0.3902439024390244,-0.003985305127089216,223,-0.09626273960033621,-0.002682629180423244,0.3991031390134529,JAX,0.003363214876717474,0.039,-0.5361951185720766,2.2938388744498273
Nathaniel Hackett,2017,1264,0.5300632911392406,0.5901452196795857,-6.008192854034511,JAX,-1.2052393669852224,-4.8029534870492885,-2.2938388744498273,2016,JAX,1264,0.015801350745946508,0.4137658227848101,-0.001579780977638969,289,-0.08994780231085162,-0.005245059264430199,0.40484429065743943,JAX,-0.07543964045106666,0.039,-0.19884274064999818,4.8029534870492885
Nathaniel Hackett,2018,727,0.6437414030261348,0.635385149854147,0.8356253171987849,JAX,0.805948653885058,0.02967666331372687,-4.8029534870492885,2017,JAX,727,-0.07454607548605739,0.422283356258597,-0.002249548828325109,146,-0.08062333108688578,-0.0036658553511737706,0.4383561643835616,JAX,0.05580189022167631,0.099,0.3409861571834994,0.02967666331372687
Nathaniel Hackett,2022,580,0.6224137931034482,0.6198533517982939,0.2560441305154315,DEN,-0.9597999024095194,1.215844032924951,0.02967666331372687,2018,JAX,580,-0.11479179431969819,0.3689655172413793,-0.004128838784051165,276,-0.03196944528629534,5.843006523882443e-4,0.39492753623188404,DEN,0.014048257641791163,0.235,0.7439070412151567,1.215844032924951
Nathaniel Hackett,2023,1054,0.6574952561669829,0.6528039335501177,0.46913226168652233,NYJ,0.11393367084590045,0.3551985908406219,1.215844032924951,2022,DEN,1054,-0.25684043693566955,0.34724857685009486,-0.006068719313140764,214,-0.2826864925567705,-0.009448469735988601,0.308411214953271,NYJ,-0.13664549038437793,0.048,-0.2992717004073589,0.3551985908406219
Nathaniel Hackett,2024,315,0.6730158730158731,0.6332907180700984,3.9725154945774666,NYJ,-0.9518483966517222,4.924363891229189,0.3551985908406219,2023,NYJ,315,-0.08350621035978613,0.4158730158730159,-0.004102879356645481,78,-0.26581050814538276,-0.009394252827583664,0.358974358974359,NYJ,NA,0.24100000000000002,1.4025810867948756,4.924363891229189
Nick Caley,2025,1231,0.5930138099106418,0.5875876813122259,0.5426128598415847,HOU,-0.6494373745055793,1.192050234347164,NA,NA,NA,1231,-0.04079614804466124,0.40861088545897645,-4.1849158757308226e-4,325,-0.047366551644947505,-0.0020529541641460007,0.4153846153846154,HOU,-0.025885828114678218,0.04,0.16680722481892268,1.192050234347164
Nick Sirianni,2021,537,0.6108007448789572,0.6089501943182568,0.18505505607003814,PHI,0.6261669761270405,-0.4411119200570024,NA,NA,NA,537,0.056908855689944526,0.4767225325884544,0.0014848778003267475,121,0.04179038044858178,0.002106442701965889,0.4297520661157025,PHI,-0.027703516642947023,0.008,-0.8524731056256781,0.4411119200570024
Norv Turner,2015,1034,0.5357833655705996,0.6031046273156179,-6.732126174501829,MIN,0.1965798639761429,-6.928706038477972,NA,NA,NA,1034,-0.013422035867518887,0.3955512572533849,-3.016265836375621e-4,255,-0.055531666227569026,-0.0011635776489864376,0.396078431372549,MIN,NA,0.013000000000000001,-0.26750504560180716,6.928706038477972
Norv Turner,2016,442,0.583710407239819,0.5861031094363711,-0.23927021965520767,MIN,0.42742887415463393,-0.6666990938098416,-6.928706038477972,2015,MIN,442,-0.06409145847916782,0.38235294117647056,-0.0018075441933265986,102,-0.14754648964595474,-0.003234161232470298,0.3431372549019608,MIN,-0.008583437423677802,0.113,0.60810235391393,0.6666990938098416
Norv Turner,2018,1002,0.6207584830339321,0.5926715405527764,2.808694248115573,CAR,0.805948653885058,2.002745594230515,-0.6666990938098416,2016,MIN,1002,0.05098223502161307,0.47704590818363274,0.0010370379390314923,266,0.049584508929174674,0.0022601107098937727,0.4699248120300752,CAR,0.010085432547424385,0.145,0.6323907981825646,2.002745594230515
Norv Turner,2019,801,0.6367041198501873,0.6208203587199699,1.5883761130217389,CAR,0.4000090329507544,1.1883670800709845,2.002745594230515,2018,CAR,801,-0.0744873069866858,0.41697877652933835,-0.0010318240987400654,180,-0.1879234994844805,-0.0036804947762268427,0.4,CAR,NA,0.003,-0.8866775193538013,1.1883670800709845
Parks Frazier,2022,509,0.5677799607072691,0.6191045645412152,-5.13246038339461,IND,-0.9597999024095194,-4.1726604809850905,NA,NA,NA,509,-0.1731974121821068,0.3968565815324165,-0.0037521601830432633,156,-0.1674562604794166,-0.0036998975073612747,0.3782051282051282,IND,-0.025171497778414067,0.16899999999999998,0.7652005934824049,4.1726604809850905
Pat Shurmur,2016,562,0.6690391459074733,0.6222599510010663,4.677919490640692,MIN,0.42742887415463393,4.250490616486058,NA,NA,NA,562,-0.03531678536096996,0.4501779359430605,-4.0731517811857496e-4,169,-0.08479977117772221,-0.0013752288847796734,0.4260355029585799,MIN,-0.008583437423677802,0.113,0.60810235391393,4.250490616486058
Pat Shurmur,2017,1184,0.5625,0.5812638325088125,-1.8763832508812528,MIN,-1.2052393669852224,-0.6711438838960304,4.250490616486058,2016,MIN,1184,-0.006904628449367614,0.41385135135135137,0.0017360354964821834,315,0.10756815624226464,0.002986422146460994,0.4507936507936508,MIN,-0.11916255206143973,0.012,-0.9057190528680609,0.6711438838960304
Pat Shurmur,2018,991,0.6387487386478304,0.6391937206024687,-0.04449819546382683,NYG,0.805948653885058,-0.8504468493488848,-0.6711438838960304,2017,MIN,991,0.0050848512179482875,0.3955600403632694,-6.037452039889855e-4,227,0.03701400623774459,0.0016051599779976214,0.4185022026431718,NYG,-0.09840058780727688,0.147,0.3362279658330185,0.8504468493488848
Pat Shurmur,2019,1015,0.6679802955665025,0.6448419356030491,2.313835996345337,NYG,0.4000090329507544,1.9138269633945826,-0.8504468493488848,2018,NYG,1015,-0.07659573009440897,0.412807881773399,-0.0013562456598142235,185,0.01891026870758701,9.038494889675872e-4,0.43243243243243246,NYG,NA,0.034,0.316654045265654,1.9138269633945826
Pat Shurmur,2020,1022,0.5978473581213307,0.6378765786103102,-4.0029220488979504,DEN,1.1364240806491233,-5.139346129547073,1.9138269633945826,2019,NYG,1022,-0.10848112029169547,0.38551859099804303,-0.0023149377227857054,265,-0.03640377234918398,-7.825851564957078e-4,0.38113207547169814,DEN,0.08524799652882224,0.009000000000000001,-0.10875702113514539,5.139346129547073
Pat Shurmur,2021,983,0.5747711088504578,0.6123145212043202,-3.754341235386238,DEN,0.6261669761270405,-4.380508211513279,-5.139346129547073,2020,DEN,983,0.022732171191352204,0.4476093591047813,-3.5657140829137166e-4,238,-0.006791618616203624,1.233261834823824e-4,0.4369747899159664,DEN,0.05557675918702554,0.106,0.5366856335447604,4.380508211513279
Pep Hamilton,2015,531,0.6930320150659134,0.6689371359859035,2.4094879080009846,IND,0.1965798639761429,2.2129080440248416,NA,NA,NA,531,-0.05419401253306482,0.4105461393596987,-0.001508311990405541,128,-0.1345759055316465,-0.00440467620811277,0.4375,IND,NA,0.046,0.8686208437338379,2.2129080440248416
Pep Hamilton,2022,1015,0.6275862068965518,0.6251979786462238,0.23882282503279173,HOU,-0.9597999024095194,1.1986227274423111,2.2129080440248416,2015,IND,1015,-0.18528824535434957,0.3704433497536946,-0.00461747573634855,255,-0.28742713418573973,-0.010211221568705867,0.3686274509803922,HOU,-0.11993287691151719,0.006999999999999999,-0.5137784252744071,1.1986227274423111
Pete Carmichael,2022,1008,0.5575396825396826,0.6089873798764383,-5.144769733675569,NO,-0.9597999024095194,-4.18496983126605,NA,NA,NA,1008,-0.043988296080369284,0.45436507936507936,3.126403792731713e-5,298,-0.01628396507827291,0.0017238584731691783,0.44966442953020136,NO,-0.12388798582896035,0.013999999999999999,-0.6775869120730035,4.18496983126605
Pete Carmichael,2023,1108,0.5893501805054152,0.5960770844841637,-0.6726903978748533,NO,0.11393367084590045,-0.7866240687207537,-4.18496983126605,2022,NO,1108,-0.026530957203368337,0.4151624548736462,-2.1087718160323697e-5,277,0.029600669599502312,0.0017956208567610397,0.4368231046931408,NO,0.029524916740749026,0.19399999999999998,0.31917449056628144,0.7866240687207537
Press Taylor,2023,1104,0.6394927536231884,0.60266268272982,3.6830070893368316,JAX,0.11393367084590045,3.569073418490931,NA,NA,NA,1104,-0.07025462578366092,0.41847826086956524,-6.931298167245916e-4,224,0.04823569588530103,0.00395227666022884,0.4330357142857143,JAX,0.10415734706022017,0.05,0.6537669115701519,3.569073418490931
Press Taylor,2024,991,0.6094853683148335,0.6278474391142035,-1.8362070799370023,JAX,-0.9518483966517222,-0.8843586832852801,3.569073418490931,2023,JAX,991,-0.02638614667727652,0.4117053481331988,-0.0014789536872404077,286,-0.03332806303250737,-0.0018036527143232045,0.4195804195804196,JAX,-0.03509850386660099,0.215,0.9940756284450267,0.8843586832852801
Randy Fichtner,2018,1052,0.688212927756654,0.5910938904822552,9.711903727439875,PIT,0.805948653885058,8.905955073554818,NA,NA,NA,1052,0.08750263284888223,0.4667300380228137,0.004541230554633992,270,0.15500302924254927,0.009449510781263723,0.4740740740740741,PIT,0.15739360227776383,0.152,0.9397884382600341,8.905955073554818
Randy Fichtner,2019,938,0.5980810234541578,0.61107971162986,-1.2998688175702156,PIT,0.4000090329507544,-1.69987785052097,8.905955073554818,2018,PIT,938,-0.17953816614703072,0.3703308431163287,-0.0035703071626877326,323,-0.12176379134536551,-0.003252894331545752,0.3622291021671827,PIT,NA,0.006,-0.8656914512711926,1.69987785052097
Randy Fichtner,2020,1112,0.6672661870503597,0.592568179177081,7.469800787327863,PIT,1.1364240806491233,6.33337670667874,-1.69987785052097,2019,PIT,1112,0.0058163358982135285,0.4379496402877698,5.37304280075489e-4,221,-0.0045968619533444935,5.154975260897823e-4,0.4660633484162896,PIT,NA,0.18100000000000002,1.1866436510340739,6.33337670667874
Rich Scangarello,2019,958,0.5897703549060542,0.6029956018073883,-1.3225246901334087,DEN,0.4000090329507544,-1.722533723084163,NA,NA,NA,958,-0.0764792242470529,0.3935281837160752,-9.716134733591421e-4,254,0.023563998097266132,-5.886664418666994e-4,0.40551181102362205,DEN,0.03612899835892616,NA,-0.5116756039526361,1.722533723084163
Rick Dennison,2017,1078,0.5677179962894249,0.6248707233389048,-5.715272704947994,BUF,-1.2052393669852224,-4.5100333379627715,NA,NA,NA,1078,-0.08132749714613924,0.38589981447124305,-8.407516694922153e-4,265,-0.03740972034606509,2.1710941777792206e-4,0.4,BUF,0.06940702338827066,0.11599999999999999,0.2497728837099018,4.5100333379627715
Rob Boras,2016,956,0.6223849372384938,0.6261626565828919,-0.37777193443981893,LA,0.42742887415463393,-0.8052008085944529,-5.546455496170288,2015,LA,956,-0.22949314639245771,0.35564853556485354,-0.004752099636256382,251,-0.0415917079589321,-0.002748912315188649,0.42231075697211157,LA,0.08053817730538668,NA,-0.5675863701268066,0.8052008085944529
Rob Chudzinski,2015,508,0.6299212598425197,0.5878301117510544,4.209114809146531,IND,0.1965798639761429,4.012534945170388,NA,NA,NA,508,-0.12348162318744665,0.38779527559055116,-0.0011174153255346223,205,0.034333415419415474,0.0016320567153867138,0.40487804878048783,IND,NA,0.021,-0.6726722828625651,4.012534945170388
Rob Chudzinski,2016,1024,0.650390625,0.593376950626407,5.701367437359295,IND,0.42742887415463393,5.273938563204661,4.012534945170388,2015,IND,1024,0.02823448555368225,0.453125,0.0010021449917120987,285,-0.012779037934572579,0.0029710256872373182,0.43508771929824563,IND,-0.025615728145350364,0.158,0.4685647904666941,5.273938563204661
Rob Chudzinski,2017,986,0.5892494929006086,0.627710245987948,-3.8460753087339428,IND,-1.2052393669852224,-2.6408359417487204,5.273938563204661,2016,IND,986,-0.12213389023840096,0.3793103448275862,-0.002931777929460706,301,-0.019287058780202412,-9.992303446191989e-4,0.39867109634551495,IND,NA,0.005,-0.5964629009859844,2.6408359417487204
Ryan Grubb,2024,1031,0.6498545101842871,0.6226421230889057,2.721238709538143,SEA,-0.9518483966517222,3.673087106189865,NA,NA,NA,1031,-0.03470049546473547,0.4354995150339476,6.392599161399237e-4,268,0.021005740165443064,0.004148716970065975,0.44029850746268656,SEA,0.06003487054778269,0.111,0.42992427366709607,3.673087106189865
Scott Linehan,2015,969,0.5954592363261094,0.6358783856434103,-4.0419149317300835,DAL,0.1965798639761429,-4.2384947957062264,NA,NA,NA,969,-0.09331429809143746,0.43034055727554177,-0.0022758768529025446,315,-0.2501263234833605,-0.008500058193338485,0.39365079365079364,DAL,NA,0.039,-0.600818346368337,4.2384947957062264
Scott Linehan,2016,1073,0.5386766076421249,0.561244284011986,-2.2567676369861123,DAL,0.42742887415463393,-2.684196511140746,-4.2384947957062264,2015,DAL,1073,0.1240226344630512,0.4864864864864865,0.0032337699945779847,336,0.12011883410499866,0.005633582978421814,0.4791666666666667,DAL,NA,0.004,-0.706482817554325,2.684196511140746
Scott Linehan,2017,1004,0.5527888446215139,0.5995587304000747,-4.676988577856078,DAL,-1.2052393669852224,-3.471749210870856,-2.684196511140746,2016,DAL,1004,-0.009478142743487378,0.43227091633466136,3.0289841072678615e-4,287,0.013272542531420241,7.830334368753761e-4,0.4181184668989547,DAL,0.21651244351205395,0.004,0.3057898783398344,3.471749210870856
Scott Linehan,2018,1143,0.594925634295713,0.5966874622973701,-0.17618280016571397,DAL,0.805948653885058,-0.982131454050772,-3.471749210870856,2017,DAL,1143,0.00906903575810068,0.4304461942257218,0.002176760568861972,383,0.09811682337782034,0.005756441452974178,0.4516971279373368,DAL,-0.06529796686981486,0.004,-0.5166622216721609,0.982131454050772
Scott Turner,2020,1112,0.6474820143884892,0.6167169465087088,3.0765067879780394,WAS,1.1364240806491233,1.9400827073289162,7.405912670519477,2019,CAR,1112,-0.06325022291636204,0.41007194244604317,-0.00255125244371573,203,-0.16028827344333735,-0.006115586568738283,0.41379310344827586,WAS,NA,0.133,1.4772168181294907,1.9400827073289162
Scott Turner,2021,1067,0.5913776944704779,0.6038171211755096,-1.243942670503162,WAS,0.6261669761270405,-1.8701096466302025,1.9400827073289162,2020,WAS,1067,-0.057195194630156446,0.4386129334582943,2.099139962873714e-4,361,0.04177335052148405,0.0026732436316582475,0.48476454293628807,WAS,NA,0.013000000000000001,-0.816723959078439,1.8701096466302025
Scott Turner,2022,1139,0.5513608428446005,0.6141382154948923,-6.277737265029182,WAS,-0.9597999024095194,-5.317937362619663,-1.8701096466302025,2021,WAS,1139,-0.08328875218875059,0.40122914837576823,-0.001590679401860523,311,-0.18777540330541506,-0.00602027894183878,0.36977491961414793,WAS,0.01248866599318475,0.17,0.6315180390097008,5.317937362619663
Scott Turner,2024,513,0.6705653021442495,0.6390773593203016,3.1487942823947845,LV,-0.9518483966517222,4.100642679046507,-5.317937362619663,2022,WAS,513,-0.06789862133412113,0.4171539961013645,-0.002345683844784331,78,-0.08620996923432328,-0.0027131538605144985,0.38461538461538464,LV,-0.05789653811577447,0.005,-0.7444405561256829,4.100642679046507
Sean McVay,2015,1079,0.5912882298424467,0.5959574992719266,-0.4669269429479983,WAS,0.1965798639761429,-0.6635068069241412,NA,NA,NA,1079,0.006815616871902311,0.41890639481000924,9.71852751156606e-4,317,0.0724895184606163,0.0029984294851016628,0.4416403785488959,WAS,NA,0.005,-0.6262702490237374,0.6635068069241412
Sean McVay,2016,1006,0.6322067594433399,0.6056580175469752,2.654874189636469,WAS,0.42742887415463393,2.227445315481835,-0.6635068069241412,2015,WAS,1006,0.10416205205475336,0.4761431411530815,0.0033971922540247386,410,0.07614366025964216,0.0031863659875909106,0.4951219512195122,WAS,0.12313705064730125,0.129,0.6661755595565858,2.227445315481835
Sean McVay,2017,1050,0.5733333333333334,0.5714799969519176,0.18533363814157156,LA,-1.2052393669852224,1.390573005126794,2.227445315481835,2016,WAS,1050,0.03551894548542644,0.4180952380952381,-1.8124294235181636e-6,192,-0.012823529868362318,-0.0018273260471666647,0.4375,LA,-0.41556821553462575,0.045,-1.0928296373156077,1.390573005126794
Sean McVay,2018,1240,0.5903225806451613,0.5769194048288612,1.3403175816300128,LA,0.805948653885058,0.5343689277449548,1.390573005126794,2017,LA,1240,0.12026284930627382,0.49435483870967745,0.0034363729014379517,209,0.14466842559213136,0.004970740829365227,0.4449760765550239,LA,0.13642829360249065,0.045,0.5420411732923915,0.5343689277449548
Sean McVay,2019,1048,0.6326335877862596,0.5992347265847868,3.339886120147273,LA,0.4000090329507544,2.9398770871965185,0.5343689277449548,2018,LA,1048,0.003596141532279088,0.4437022900763359,5.950567365791184e-4,246,0.09738007575542384,0.003609310536600124,0.4634146341463415,LA,0.14641893749273727,0.17800000000000002,1.140252730705768,2.9398770871965185
Sean McVay,2020,1197,0.5831244778613199,0.5821510970969073,0.0973380764412668,LA,1.1364240806491233,-1.0390860042078565,2.9398770871965185,2019,LA,1197,-0.023813541655410435,0.4452798663324979,5.177666701226312e-4,327,-0.02310884353170536,0.0013283511670084615,0.44954128440366975,LA,0.09662211309409749,0.17800000000000002,0.9270458360020799,1.0390860042078565
Sean McVay,2021,1308,0.6116207951070336,0.5640438331023362,4.757696200469741,LA,0.6261669761270405,4.131529224342701,-1.0390860042078565,2020,LA,1308,0.05587335038677889,0.45489296636085624,0.002863466879091164,308,0.08004221975631673,0.006966803708599866,0.4837662337662338,LA,0.09988281025347116,0.162,0.9282009396052479,4.131529224342701
Sean McVay,2022,993,0.6153071500503524,0.6306344443164983,-1.5327294266145874,LA,-0.9597999024095194,-0.572929524205068,4.131529224342701,2021,LA,993,-0.09431404662831541,0.4078549848942598,-0.0013198291400150263,240,-0.03911424043221388,7.655804435691437e-4,0.36666666666666664,LA,0.20537649655208645,0.192,1.3730025070676395,0.572929524205068
Sean McVay,2023,1148,0.5862369337979094,0.5875840065927803,-0.1347072794870896,LA,0.11393367084590045,-0.24864095033299005,-0.572929524205068,2022,LA,1148,0.04138614091016422,0.4442508710801394,0.0022320834627183772,247,-0.0022984288906277373,0.0015573416470037757,0.44129554655870445,LA,-0.08779621300025943,0.192,0.7536753264624638,0.24864095033299005
Sean McVay,2024,1155,0.5818181818181818,0.5901665548806067,-0.8348373062424863,LA,-0.9518483966517222,0.11701109040923585,-0.24864095033299005,2023,LA,1155,0.006364435848942119,0.4623376623376623,0.0014149275315895645,381,-0.10674238397011973,-0.0018540202171336054,0.4435695538057743,LA,0.11075598013495828,0.192,0.991514650227288,0.11701109040923585
Sean McVay,2025,1210,0.5942148760330579,0.5564908041210831,3.77240719119748,LA,-0.6494373745055793,4.42184456570306,0.11701109040923585,2024,LA,1210,0.12383580663835145,0.4991735537190083,0.004467255379581759,321,0.16276404002863676,0.012418584879568073,0.5109034267912772,LA,0.06974074868205572,0.192,0.9902815862555776,4.42184456570306
Sean Payton,2015,1085,0.6451612903225806,0.6102098633273404,3.495142699524023,NO,0.1965798639761429,3.29856283554788,NA,NA,NA,1085,0.06935079832641808,0.4377880184331797,0.0026985141611482713,302,0.021666587825838038,0.0014541905628733852,0.40066225165562913,NO,NA,0.166,0.8027844266112373,3.29856283554788
Sean Payton,2016,1095,0.6365296803652968,0.6006822928446068,3.5847387520689944,NO,0.42742887415463393,3.1573098779143605,3.29856283554788,2015,NO,1095,0.09204325204869598,0.4785388127853881,0.0026774920039493544,308,0.05483947252710499,0.0052629999558361455,0.4642857142857143,NO,0.14008054140852222,0.166,0.4943739679691118,3.1573098779143605
Sean Payton,2017,1109,0.5725879170423805,0.5725434994336799,0.004441760870066425,NO,-1.2052393669852224,1.2096811278552888,3.1573098779143605,2016,NO,1109,0.09774826717306427,0.45897204688908927,0.0025468315400428232,196,0.15585044926638236,0.0036308714737131593,0.4642857142857143,NO,0.14855811684364462,NA,0.7372605956116561,1.2096811278552888
Sean Payton,2018,1124,0.5613879003558719,0.5512284537101187,1.015944664575319,NO,0.805948653885058,0.20999601069026097,1.2096811278552888,2017,NO,1124,0.11993706186707288,0.4822064056939502,0.0035896062140088913,324,0.0020105016185010425,0.0016845708037426341,0.45987654320987653,NO,0.17383237016280326,0.141,0.9097413397854718,0.20999601069026097
Sean Payton,2019,1053,0.6201329534662868,0.5684453512118299,5.1687602254456895,NO,0.4000090329507544,4.7687511924949355,0.20999601069026097,2018,NO,1053,0.0772240315363273,0.4691358024691358,0.003357298791947229,306,0.05150776217430548,0.00484276334644348,0.477124183006536,NO,0.2582941492863821,0.141,1.1632528321869011,4.7687511924949355
Sean Payton,2020,1165,0.5527896995708155,0.5684959834537473,-1.5706283882931826,NO,1.1364240806491233,-2.707052468942306,4.7687511924949355,2019,NO,1165,0.061747351890704155,0.4721030042918455,0.0033490276845851486,236,-0.06314116131677536,3.386939475105496e-4,0.4152542372881356,NO,0.1892118743543531,0.126,0.9968292932398394,2.707052468942306
Sean Payton,2021,1045,0.5521531100478468,0.5996077190826172,-4.7454609034770385,NO,0.6261669761270405,-5.371627879604079,-2.707052468942306,2020,NO,1045,-0.07545433264236416,0.40574162679425835,-4.4137722886131717e-4,242,-0.08551540555462853,-8.866103503364709e-4,0.384297520661157,NO,NA,0.005,-0.8604404234042267,5.371627879604079
Sean Payton,2023,1006,0.5964214711729622,0.6206252355513645,-2.4203764378402326,DEN,0.11393367084590045,-2.534310108686133,-5.371627879604079,2021,NO,1006,-0.06538429455086446,0.4194831013916501,-0.0011158810008103455,272,-0.06481111633058577,-0.0020915199040289468,0.4007352941176471,DEN,-0.10412318294429337,0.235,0.23447937961402254,2.534310108686133
Sean Payton,2024,1089,0.6170798898071626,0.5974266359768977,1.9653253830264839,DEN,-0.9518483966517222,2.917173779678206,-2.534310108686133,2023,DEN,1089,0.009366858213435119,0.4251606978879706,2.4259419781910677e-4,261,-0.1254213356693884,-0.0024319605762042683,0.367816091954023,DEN,NA,0.018000000000000002,0.02367252073968429,2.917173779678206
Sean Payton,2025,1208,0.6266556291390728,0.6013067659786254,2.5348863160447377,DEN,-0.6494373745055793,3.184323690550317,2.917173779678206,2024,DEN,1208,0.022054841549434046,0.4304635761589404,0.0025499995852169104,338,0.04258855795876516,0.004856396465653092,0.42011834319526625,DEN,0.018128493957813144,0.018000000000000002,0.04242165840291018,3.184323690550317
Shane Steichen,2019,515,0.6038834951456311,0.6117647501196962,-0.788125497406511,LAC,0.4000090329507544,-1.1881345303572655,NA,NA,NA,515,0.044937476285652776,0.47572815533980584,-0.0012094424699617683,146,-0.19612816302627317,-0.005973385394575237,0.4589041095890411,LAC,0.19690386248739003,NA,1.1155789003358432,1.1881345303572655
Shane Steichen,2020,1119,0.6112600536193029,0.6058671566340624,0.5392896985240481,LAC,1.1364240806491233,-0.5971343821250752,-1.1881345303572655,2019,LAC,1119,0.025270328838055772,0.4325290437890974,0.002256036354615425,379,0.06078426079044493,0.004603354929518547,0.44063324538258575,LAC,NA,0.034,0.316654045265654,0.5971343821250752
Shane Steichen,2021,593,0.4974704890387858,0.585055914734181,-8.758542569539513,PHI,0.6261669761270405,-9.384709545666553,-0.5971343821250752,2020,LAC,593,0.04739342603375291,0.4468802698145025,0.0013121379626268442,147,0.29513023180647324,0.00840636169583216,0.5034013605442177,PHI,-0.027703516642947023,0.008,-0.8524731056256781,9.384709545666553
Shane Steichen,2022,1326,0.5422322775263951,0.5625273345690078,-2.0295057042612696,PHI,-0.9597999024095194,-1.0697058018517502,-9.384709545666553,2021,PHI,1326,0.11301060516989193,0.4819004524886878,0.0032889369996022513,222,0.10774075007582694,0.003671320596100624,0.47297297297297297,PHI,0.006674001734904674,0.008,-0.2729823350626731,1.0697058018517502
Shane Steichen,2023,1093,0.5882891125343093,0.6098604608184002,-2.1571348284090908,IND,0.11393367084590045,-2.271068499254991,-1.0697058018517502,2022,PHI,1093,-0.04023752884414778,0.4062214089661482,3.969980592372404e-4,357,-0.04314871353788841,-9.708414065925208e-4,0.4257703081232493,IND,NA,0.016,-0.6947649439815029,2.271068499254991
Shane Steichen,2024,1034,0.5483558994197292,0.6164461654111945,-6.809026599146528,IND,-0.9518483966517222,-5.857178202494806,-2.271068499254991,2023,IND,1034,-0.05849356716746136,0.40135396518375244,-0.0010808722741472126,328,-0.02191932308636089,0.0013687868628394961,0.42073170731707316,IND,NA,0.038,0.45054633934276833,5.857178202494806
Shane Steichen,2025,1018,0.5884086444007859,0.5782371686482415,1.01714757525444,IND,-0.6494373745055793,1.6665849497600194,-5.857178202494806,2024,IND,1018,0.06992954530216235,0.4636542239685658,8.891621072779429e-4,327,0.0035668863759124774,-8.533738256520834e-4,0.44648318042813456,IND,-0.08632252333201411,0.17800000000000002,0.573428405241154,1.6665849497600194
Shane Waldron,2021,950,0.5968421052631578,0.6042772375556982,-0.7435132292540336,SEA,0.6261669761270405,-1.3696802053810742,NA,NA,NA,950,0.02566272083020774,0.42947368421052634,2.3852237306713577e-4,256,-0.12839270980366752,-0.0032071425639937454,0.41015625,SEA,0.08702100293052119,0.18600000000000003,0.8822551788388577,1.3696802053810742
Shane Waldron,2022,1101,0.628519527702089,0.6020592305382931,2.646029716379583,SEA,-0.9597999024095194,3.6058296187891026,-1.3696802053810742,2021,SEA,1101,-7.189546777349316e-4,0.44323342415985467,0.0010386446061660057,371,-0.0030227546955683376,0.0010587180817019039,0.46630727762803237,SEA,-0.015690273957358433,0.017,0.233326617217589,3.6058296187891026
Shane Waldron,2023,987,0.6403242147923,0.6242604307705778,1.606378402172215,SEA,0.11393367084590045,1.4924447313263145,3.6058296187891026,2022,SEA,987,0.00835805487647264,0.43667679837892603,0.0022099326380120806,295,0.1329013514047523,0.004593638305022341,0.5016949152542373,SEA,0.012221842196305044,0.111,0.5741041422134643,1.4924447313263145
Shane Waldron,2024,567,0.6243386243386243,0.6448204156530388,-2.048179131441452,CHI,-0.9518483966517222,-1.09633073478973,1.4924447313263145,2023,SEA,567,-0.1138229736186243,0.3862433862433862,-0.0022678082899835455,138,-0.2559689989461943,-0.006502371762776563,0.34057971014492755,CHI,NA,0.039,0.8196533515410841,1.09633073478973
Steve Sarkisian,2017,1113,0.5768194070080862,0.5993578895426088,-2.253848253452262,ATL,-1.2052393669852224,-1.0486088864670395,NA,NA,NA,1113,0.0262890216502622,0.4366576819407008,8.259477634368008e-4,275,0.00868004629591661,9.018293956431432e-4,0.4,ATL,0.3328872171246412,0.16899999999999998,1.7839832434051492,1.0486088864670395
Steve Sarkisian,2018,1014,0.665680473372781,0.6170518986248876,4.862857474789339,ATL,0.805948653885058,4.056908820904281,-1.0486088864670395,2017,ATL,1014,0.061394550929181495,0.45857988165680474,0.0014317106768801657,327,0.07133620546664277,0.002305063605503491,0.43425076452599387,ATL,0.12265762981111995,0.16899999999999998,1.108017489845108,4.056908820904281
Tanner Engstrand,2025,1009,0.6025768087215064,0.6728175410592876,-7.024073233778116,NYJ,-0.6494373745055793,-6.374635859272537,NA,NA,NA,1009,-0.13566928788503949,0.4043607532210109,-0.003630947396686005,194,-0.17685806545833305,-0.007134044583044091,0.34536082474226804,NYJ,0.012397051241477747,0.07200000000000001,0.3435175222209276,6.374635859272537
Terry Robiskie,2016,1004,0.549800796812749,0.6114059191909563,-6.160512237820736,TEN,0.42742887415463393,-6.58794111197537,NA,NA,NA,1004,0.028797026393945872,0.450199203187251,2.3138993478510783e-4,182,0.15839516187802707,0.003687784267606108,0.4725274725274725,TEN,-0.025078085985835257,0.042,0.3089654311670595,6.58794111197537
Terry Robiskie,2017,1099,0.5805277525022748,0.6070258391866827,-2.6498086684407895,TEN,-1.2052393669852224,-1.4445693014555672,-6.58794111197537,2016,TEN,1099,-0.06873124746366135,0.4176524112829845,-0.0011267556913229831,301,-0.07196239028559268,0.001113099642491252,0.4119601328903654,TEN,0.11131596160483978,0.042,0.5993995777368718,1.4445693014555672
Thomas Brown,2023,566,0.598939929328622,0.6510693462229872,-5.212941689436523,CAR,0.11393367084590045,-5.326875360282424,NA,NA,NA,566,-0.2036905066406839,0.3568904593639576,-0.00494375247611136,124,-0.39200238666552656,-0.010493051909588056,0.27419354838709675,CAR,NA,0.042,0.8406394196236928,5.326875360282424
Thomas Brown,2024,492,0.6626016260162602,0.6655892228813677,-0.29875968651075224,CHI,-0.9518483966517222,0.6530887101409699,-5.326875360282424,2023,CAR,492,-0.05216636852425657,0.40853658536585363,-0.0028385454047812303,102,-0.02480878607423819,-0.0027557806750155996,0.37254901960784315,CHI,NA,0.039,0.8196533515410841,0.6530887101409699
Tim Kelly,2020,937,0.7001067235859125,0.6304412605787608,6.966546300715171,HOU,1.1364240806491233,5.830122220066048,NA,NA,NA,937,0.09304518174041419,0.47491995731056563,0.0025645907678352045,182,0.029215834430872372,0.001875247091237552,0.44505494505494503,HOU,0.11072685023485498,0.19699999999999998,0.9559779146019898,5.830122220066048
Tim Kelly,2021,1016,0.6023622047244095,0.6105270740588923,-0.8164869334482794,HOU,0.6261669761270405,-1.44265390957532,5.830122220066048,2020,HOU,1016,-0.14836126049511844,0.3700787401574803,-0.0028362988334943223,136,0.020329797007838702,6.999808719494789e-4,0.39705882352941174,HOU,NA,0.006999999999999999,-0.5024988429582394,1.44265390957532
Tim Kelly,2023,992,0.5796370967741935,0.6205175442784469,-4.088044750425334,TEN,0.11393367084590045,-4.201978421271235,-1.44265390957532,2021,HOU,992,-0.055509086523522294,0.3941532258064516,-0.0010076320877742226,376,-0.009522603868629466,-7.346288709307119e-4,0.4175531914893617,TEN,NA,0.011000000000000001,-0.2895335716994461,4.201978421271235
Todd Downing,2017,956,0.6192468619246861,0.6475569839184036,-2.8310121993717408,LV,-1.2052393669852224,-1.6257728323865184,NA,NA,NA,956,-0.0627241849850037,0.40585774058577406,-0.0011923392502916257,196,-0.25953850537041656,-0.00896588120856035,0.3622448979591837,LV,0.130403139191985,0.15,0.5407982485617723,1.6257728323865184
Todd Downing,2021,1186,0.5286677908937606,0.5981024561471874,-6.943466525342679,TEN,0.6261669761270405,-7.569633501469719,-1.6257728323865184,2017,LV,1186,8.403848021351764e-4,0.44013490725126475,0.0013765016910098305,195,-0.12241012684410842,-0.002291830672356357,0.4153846153846154,TEN,0.22408230760948142,0.149,1.0960439204383496,7.569633501469719
Todd Downing,2022,990,0.5333333333333333,0.626968714970663,-9.363538163732965,TEN,-0.9597999024095194,-8.403738261323445,-7.569633501469719,2021,TEN,990,-0.06778702787270781,0.4080808080808081,-0.001146755319492635,341,0.025123995560716546,3.8765253192801676e-4,0.4340175953079179,TEN,0.010866225566904112,0.149,0.6659878992655095,8.403738261323445
Todd Downing,2024,701,0.6462196861626248,0.6127025289527446,3.3517157209880244,NYJ,-0.9518483966517222,4.3035641176397466,-8.403738261323445,2022,TEN,701,0.004997968237232393,0.42653352353780316,7.767807975406308e-4,274,0.04339928620797862,0.002475576978915574,0.42700729927007297,NYJ,NA,0.24100000000000002,1.4025810867948756,4.3035641176397466
Todd Haley,2015,1124,0.6370106761565836,0.5920321611825085,4.497851497407512,PIT,0.1965798639761429,4.301271633431369,NA,NA,NA,1124,0.02726605052947595,0.4386120996441281,-2.969239209470946e-4,306,-0.017305790286730488,-3.1163651470831537e-4,0.46078431372549017,PIT,NA,0.152,0.9837783262355226,4.301271633431369
Todd Haley,2016,1203,0.5951787198669992,0.596663862330559,-0.14851424635597965,PIT,0.42742887415463393,-0.5759431205106136,4.301271633431369,2015,PIT,1203,0.07204012497059263,0.456359102244389,0.0027679307146750783,213,0.16430111004494186,0.010338021305278874,0.49765258215962443,PIT,0.1484571467102051,0.152,0.6795011161858464,0.5759431205106136
Todd Haley,2017,1116,0.6120071684587813,0.6049715330403658,0.7035635418415565,PIT,-1.2052393669852224,1.9088029088267788,-0.5759431205106136,2016,PIT,1116,0.05956652149449722,0.45340501792114696,0.0017153608014770858,279,0.052255350090057474,1.795756728008857e-4,0.4659498207885305,PIT,0.1424469425411332,0.152,0.8620306435482477,1.9088029088267788
Todd Haley,2018,564,0.6329787234042553,0.6368586672139719,-0.38799438097165684,CLE,0.805948653885058,-1.1939430348567148,1.9088029088267788,2017,PIT,564,-0.13815515215222107,0.36879432624113473,-0.0034749453051069077,184,-0.2177904904448117,-0.00870605015262217,0.33695652173913043,CLE,NA,0.046,0.8686208437338379,1.1939430348567148
Todd Monken,2018,546,0.7051282051282052,0.6199246607993762,8.520354432882893,TB,0.805948653885058,7.714405778997835,NA,NA,NA,546,0.053899131684738866,0.4358974358974359,7.130836303838535e-4,91,-0.0065872430485407136,-0.0022146296121825604,0.43956043956043955,TB,0.027354933883941758,0.019,-0.4658306219950462,7.714405778997835
Todd Monken,2023,1193,0.5725062866722548,0.559658884135608,1.2847402536646735,BAL,0.11393367084590045,1.170806582818773,7.714405778997835,2018,TB,1193,0.056940023503550485,0.4677284157585918,0.001370141986363318,231,0.18948623508666476,0.005472254225361216,0.5064935064935064,BAL,0.010598892759769583,0.231,0.5798101576310049,1.170806582818773
Todd Monken,2024,1181,0.5055038103302286,0.5819718285631722,-7.646801823294358,BAL,-0.9518483966517222,-6.694953426642636,1.170806582818773,2023,BAL,1181,0.2117205939658331,0.4995766299745978,0.004664686191340576,248,0.15194232548105482,0.007814110877735278,0.47580645161290325,BAL,0.06528153174027022,0.231,0.9350465164331017,6.694953426642636
Todd Monken,2025,962,0.5207900207900208,0.600402248629297,-7.961222783927624,BAL,-0.6494373745055793,-7.311785409422045,-6.694953426642636,2024,BAL,962,0.027480114066710377,0.44282744282744285,0.0019495720178054603,256,0.03514101673679068,0.0034010788341210766,0.48828125,BAL,0.336389955010883,0.231,1.5604677820627162,7.311785409422045
Tom Clements,2015,701,0.6390870185449358,0.6060450161633195,3.3042002381616253,GB,0.1965798639761429,3.1076203741854824,NA,NA,NA,701,0.018514186509323377,0.4222539229671897,0.0011082662384637586,101,0.05955342051552041,-0.001477192201061273,0.44554455445544555,GB,NA,0.179,0.9688690130876287,3.1076203741854824
Tommy Rees,2025,521,0.5969289827255279,0.6199330282835523,-2.300404555802449,CLE,-0.6494373745055793,-1.6509671812968696,NA,NA,NA,521,-0.2084050952221941,0.3512476007677543,-0.0055695639880827,175,-0.10642039551472546,-0.0038774818974581567,0.33714285714285713,CLE,NA,0.004,-0.723340817868962,1.6509671812968696
Zac Robinson,2024,1082,0.5489833641404805,0.6150986909893876,-6.611532684890708,ATL,-0.9518483966517222,-5.659684288238986,NA,NA,NA,1082,0.023144863975064045,0.47689463955637706,7.661353899506745e-4,399,-0.013608616228899665,-0.0026159321279521897,0.46365914786967416,ATL,0.05924800054721049,0.17600000000000002,0.6535406219090935,5.659684288238986
Zac Robinson,2025,1044,0.5584291187739464,0.5992444387224051,-4.081531994845866,ATL,-0.6494373745055793,-3.432094620340287,-5.659684288238986,2024,ATL,1044,-0.02771476711545937,0.43582375478927204,4.07701265136403e-4,350,0.02253496450244204,-0.0020393273638742095,0.4228571428571429,ATL,0.13351483442346307,0.022000000000000002,5.329964012282529e-4,3.432094620340287
Zac Taylor,2015,306,0.5980392156862745,0.6458897401937863,-4.785052450751182,MIA,0.1965798639761429,-4.9816323147273245,NA,NA,NA,306,-0.026942340538682528,0.369281045751634,-0.0028019132040131597,104,-0.08673249773479655,-0.004460997435098771,0.3557692307692308,MIA,NA,0.134,0.9410446899008573,4.9816323147273245
Zac Taylor,2019,1043,0.6452540747842761,0.6407207151801682,0.4533359604107945,CIN,0.4000090329507544,0.053326927460040086,-4.9816323147273245,2015,MIA,1043,-0.119516906143304,0.3930968360498562,-0.002530669374325159,193,-0.2735359672063948,-0.008841655064618056,0.34196891191709844,CIN,0.05825473318356885,0.12,0.10545887633067988,0.053326927460040086
Zac Taylor,2020,1037,0.6258437801350049,0.597711914293055,2.813186584194982,CIN,1.1364240806491233,1.6767625035458589,0.053326927460040086,2019,CIN,1037,-0.05228186131546768,0.43587270973963355,3.766771987560386e-4,336,0.014516212265615017,-1.6155547659739823e-4,0.4791666666666667,CIN,NA,0.046,0.8686208437338379,1.6767625035458589
Zac Taylor,2021,1291,0.6142525174283501,0.5880386558470282,2.6213861581321884,CIN,0.6261669761270405,1.995219182005148,1.6767625035458589,2020,CIN,1291,0.04169619266917749,0.43299767621998453,0.002551879118491878,318,-0.05009723256611356,5.250779677836198e-4,0.4371069182389937,CIN,0.07909284767647864,0.046,0.6931585437899919,1.995219182005148
Zac Taylor,2022,1219,0.6611977030352748,0.5675412268546685,9.365647618060635,CIN,-0.9597999024095194,10.325447520470155,1.995219182005148,2021,CIN,1219,0.07642023383897197,0.4749794913863823,0.0025756974581683002,341,0.06412097981799697,0.0025991474638963137,0.4574780058651026,CIN,0.12116167517524813,0.046,1.024402851543259,10.325447520470155
Zac Taylor,2023,1035,0.6705314009661836,0.5998111358893233,7.072026507686024,CIN,0.11393367084590045,6.958092836840123,10.325447520470155,2022,CIN,1035,-0.014398061100902186,0.4386473429951691,0.00154798836217005,334,-0.004595881716377313,0.001302443182544114,0.437125748502994,CIN,0.12191111732424642,0.245,1.5354158523662746,6.958092836840123
Zac Taylor,2024,1071,0.673202614379085,0.5751994518123145,9.800316256677055,CIN,-0.9518483966517222,10.752164653328776,6.958092836840123,2023,CIN,1071,0.08686470277852561,0.4715219421101774,0.0043005667919927505,337,0.1278941477104829,0.006071802965190423,0.5014836795252225,CIN,0.002584974954088043,0.245,1.1904453810913378,10.752164653328776
Zac Taylor,2025,1057,0.6499526963103122,0.6180473942954579,3.190530201485431,CIN,-0.6494373745055793,3.83996757599101,10.752164653328776,2024,CIN,1057,-0.00930063940425219,0.45506149479659413,1.3044163552682474e-4,249,-0.024852426502607272,1.313727385697655e-4,0.46586345381526106,CIN,0.14652111343393595,0.245,1.826600457791439,3.83996757599101
